sgRNA,Target_DNA
GAGGGGCATGTCTAGTTCATTGG,AATGGGCATGTTAAGTTCATTCG
GAGAGAGTCAGGTGAGCGAGGGG,GAGAGAGACAGATGGGCGAGAGA
GAGAGAGTCAGGTGAGCGAGGGG,GAGAGTGCCAGGTGAGTGATGGA
GAGAGAGTCAGGTGAGCGAGGGG,GAGAGAGTCCAGAGAGAGAGGAA
GAGAGAGTCAGGTGAGCGAGGGG,GAGATGGACAGGTGAGCAATGGT
GAGAGAGTCAGGTGAGCGAGGGG,CAGAGAGTGGGGTGAGGGTGGAG
GAGAGAGTCAGGTGAGCGAGGGG,GAAAGAGTGAGGTTAGCGAAGCG
GAGAGAGTCAGGTGAGCGAGGGG,AAGAGAGTCAGGGAAGGGGGAGG
GAGAGAGTCAGGTGAGCGAGGGG,GAGAGAGAAAAATGAGAGAGAGG
GAGAGAGTCAGGTGAGCGAGGGG,AAGAGAGTAAGGAGAGAGAGGGA
GAGAGAGTCAGGTGAGCGAGGGG,GAGAGACTGGGTGGAGGGAGGGG
GAGAGAGTCAGGTGAGCGAGGGG,GAGAGAGAGAGATGAGCGGGAAG
GAGAGAGTCAGGTGAGCGAGGGG,GAGAGAGAGAGATGAGCGAGAGA
GAGAGAGTCAGGTGAGCGAGGGG,GAGAGAGACAGGAGAGAGAGGGA
GAGAGAGTCAGGTGAGCGAGGGG,GAGAGAGAGGGGGGGGGGAGGGG
GAGAGAGTCAGGTGAGCGAGGGG,GAGATAATCAAGAGAACGAGGAG
GAGAGAGTCAGGTGAGCGAGGGG,GAGAGAGTCTGCTGGGCGAGCGG
GAGAGAGTCAGGTGAGCGAGGGG,GAGAGATGCAGGAGAGAGAGAGA
GAGAGAGTCAGGTGAGCGAGGGG,AAGAGAGTCAGAGGAGGAAGGAG
GAGAGAGTCAGGTGAGCGAGGGG,TGGAGAGTCAGGTGAGGGAGCTT
GAGAGAGTCAGGTGAGCGAGGGG,AAGAGATTGAGGTGAGCGGGAGG
GAGAGAGTCAGGTGAGCGAGGGG,GACTGACCCAGGTGGGGGAGGGG
GAGAGAGTCAGGTGAGCGAGGGG,GAAAGAGACAGATGAGAGAGAGG
GAGAGAGTCAGGTGAGCGAGGGG,GAGAGAGAGAAGGGAGCGAGAAG
GAGAGAGTCAGGTGAGCGAGGGG,GAGAGAGAGAGGGGAGGGGGGGG
GAGAGAGTCAGGTGAGCGAGGGG,GAGAGAGAGAGGAGAGAGAGGGA
GAGAGAGTCAGGTGAGCGAGGGG,CAGAGAATCAAGTGAACGAGACG
GAGAGAGTCAGGTGAGCGAGGGG,GAGAGAGTCAGGACAGTGAGGTG
GAGAGAGTCAGGTGAGCGAGGGG,GAGAGAGAGAGGCGAGCGAGAGA
GAGAGAGTCAGGTGAGCGAGGGG,AAGAGAGTGAACTGAACAAGGGG
GAGAGAGTCAGGTGAGCGAGGGG,GAGATAGTCAAATGTATGAGGGG
GAGAGAGTCAGGTGAGCGAGGGG,GAGAGAGACACATCAGCGAGGGC
GAGAGAGTCAGGTGAGCGAGGGG,GAGAGAAGCAGATGAGAGAGTGA
GAGAGAGTCAGGTGAGCGAGGGG,GAGAGATTGAGGTGAGCGGGAGG
GAGAGAGTCAGGTGAGCGAGGGG,GAGAGAGAGAGAGGAGGGGGGGG
GAGAGAGTCAGGTGAGCGAGGGG,GAGATAATCAAGTGAGAGAGAGC
GAGAGAGTCAGGTGAGCGAGGGG,AAGACAGACAGATGAGCAAGAGG
GAGAGAGTCAGGTGAGCGAGGGG,AAGAGAGTCAGGAGAGGAGCGGG
GAGAGAGTCAGGTGAGCGAGGGG,GACAGAGTCAGGTGAAGTACAGG
GAGAGAGTCAGGTGAGCGAGGGG,GAGAGAGAGAGATGAACGTGTGG
GAGAGAGTCAGGTGAGCGAGGGG,GAGAAAGACAAGTGAGCGTGGGC
GAGAGAGTCAGGTGAGCGAGGGG,AAGTGTGTCAAGTGAACGAGAGG
GAGAGAGTCAGGTGAGCGAGGGG,GAGAGAGAGAGATGAGCAATGGG
GAGAGAGTCAGGTGAGCGAGGGG,GGGAGAGTCATGTGAGCAGAAGG
GAGAGAGTCAGGTGAGCGAGGGG,GAGAGAGAGGAGTGAGCAAGGAG
GAGAGAGTCAGGTGAGCGAGGGG,GAGAGAGAGAGAGGAGGGGGGGG
GAGAGAGTCAGGTGAGCGAGGGG,GAGAGAGAGAGGAGAGAGAGAGA
GAGAGAGTCAGGTGAGCGAGGGG,GAGAGAGGCAGGTGGGAGGCGGC
GAGAGAGTCAGGTGAGCGAGGGG,AAGAGAGAAAGGAGAGAGAGGGG
GAGAGAGTCAGGTGAGCGAGGGG,GAGAGAGAGAGGGAAGAGAGGAG
GAGAGAGTCAGGTGAGCGAGGGG,AAGAGAAGCCGGCGAGCGAGGTG
GAGAGAGTCAGGTGAGCGAGGGG,GAGAGAGAGAGGAGAGAGAGAGA
GAGAGAGTCAGGTGAGCGAGGGG,GAGAGAGAGAGATGGGGGAAGGG
GAGAGAGTCAGGTGAGCGAGGGG,GAGAGATTCAGAAAAGAGAGAGG
GAGAGAGTCAGGTGAGCGAGGGG,GAGAGCTTCAGGATAGCAAGAGG
GAGAGAGTCAGGTGAGCGAGGGG,GAGTGAGACACGTGAGAGAGTGG
GAGAGAGTCAGGTGAGCGAGGGG,AATTGAGTCAGGGGGGCGAGAGG
GAGAGAGTCAGGTGAGCGAGGGG,GAGAGAGAAAGATGAGAGAGAGA
GAGAGAGTCAGGTGAGCGAGGGG,GAGAGAGAGAAGTGGGGGAGGGG
GAGAGAGTCAGGTGAGCGAGGGG,GAGAGAGCCAGCTGAGCGGGGAG
GAGAGAGTCAGGTGAGCGAGGGG,GAGAGAGAGAGGGGAGGCATGGG
GAGAGAGTCAGGTGAGCGAGGGG,GAGAGAGTGAGGGGGGGGGGGGG
GAGAGAGTCAGGTGAGCGAGGGG,GAGAGAGACAGATGAAGGGAGGG
GAGAGAGTCAGGTGAGCGAGGGG,GAGAGAGAGAGGAGGGGGATGGG
GAGAGAGTCAGGTGAGCGAGGGG,GAAAGAGACAGGTGAGCGGTGAG
GAGAGAGTCAGGTGAGCGAGGGG,GAGAGAGAGAGGGGAGGGAGGGG
GAGAGAGTCAGGTGAGCGAGGGG,GAGAGAGGCCAGAGAGCGAGAGG
GAGAGAGTCAGGTGAGCGAGGGG,GAGAGAGAGAGGCCAGAGAGTGG
GAGAGAGTCAGGTGAGCGAGGGG,AGCAGAGTCAGGTGAGCTACAGG
GAGAGAGTCAGGTGAGCGAGGGG,TGGAGTGCCAGGTGAGCCAGGAG
GAGAGAGTCAGGTGAGCGAGGGG,GAGAGAGAGAGGAGGGGGAGGGA
GAGAGAGTCAGGTGAGCGAGGGG,GAGAGACTGAAGTGAGCAGGGGA
GAGAGAGTCAGGTGAGCGAGGGG,GCTAGAGTTAGACGAGAGAGGGG
GAGAGAGTCAGGTGAGCGAGGGG,AAAAGAGGAAGGTTAGCGAGGAG
GAGAGAGTCAGGTGAGCGAGGGG,AGGAGAGACAGGAGAGCAAGTGG
GAGAGAGTCAGGTGAGCGAGGGG,GAGAGAGAGAGGAGAGGGAGTGG
GAGAGAGTCAGGTGAGCGAGGGG,GGGAAAGTCAGCGGAGCGAGGGG
GAGAGAGTCAGGTGAGCGAGGGG,GAGAGAGAAAAGAGAGTGAGGGG
GAGAGAGTCAGGTGAGCGAGGGG,GAGTGAGTCAAGAAAGCGATTGG
GAGAGAGTCAGGTGAGCGAGGGG,GAGAGAGAGAGAGGAGAGGGGGG
GAGAGAGTCAGGTGAGCGAGGGG,GAAGGAGTTAGGTGAGAGAATGG
GAGAGAGTCAGGTGAGCGAGGGG,CAGAGAGCCAGCTAAGCCAGAGG
GAGAGAGTCAGGTGAGCGAGGGG,GAAAGACACAGGTGAGAGAGGAG
GAGAGAGTCAGGTGAGCGAGGGG,GAGAAAGAAAAGGGAGAGAGGGG
GAGAGAGTCAGGTGAGCGAGGGG,GTGAGAGTGAGGTCAGCGAGGGG
GAGAGAGTCAGGTGAGCGAGGGG,GGAGGAGTCAGGTGCGTGAGGGG
GAGAGAGTCAGGTGAGCGAGGGG,CAGAGAGAAAGGTGGGCCTGGGG
GAGAGAGTCAGGTGAGCGAGGGG,AGGAGAGACAGGAGAGCAAGTGG
GAGAGAGTCAGGTGAGCGAGGGG,GAGAGAGAAAGATGAGGGACAGG
GAGAGAGTCAGGTGAGCGAGGGG,GAGAGAGAGAGGGGGGGGGGGGG
GAGAGAGTCAGGTGAGCGAGGGG,GAGAGAGAGAGGGGAGAGAAGAG
GAGAGAGTCAGGTGAGCGAGGGG,GAGAGAGACAGGGCAGAGAGGAG
GAGAGAGTCAGGTGAGCGAGGGG,GAGGGTCTACGGTGAGCGAGGAG
GAGAGAGTCAGGTGAGCGAGGGG,GAGAGATTCAGGAAAGTGATGGA
GAGAGAGTCAGGTGAGCGAGGGG,GAGAGAGAGAAGAGAGAGAGAGG
GAGAGAGTCAGGTGAGCGAGGGG,TAGAAAGTCAGGTGTGTGAGATG
GAGAGAGTCAGGTGAGCGAGGGG,GAGAGAGAAAGGAGAGAGAGAGA
GAGAGAGTCAGGTGAGCGAGGGG,GAGAGAAGCAGTTGAGCGAGAGT
GAGAGAGTCAGGTGAGCGAGGGG,AATACAGTCAGGTGAGGCAGTGG
GAGAGAGTCAGGTGAGCGAGGGG,GAGAGAGAGATGAGAGAGAGAGG
GAGAGAGTCAGGTGAGCGAGGGG,GAGAGAGTCAGGTTAACGGAGCC
GAGAGAGTCAGGTGAGCGAGGGG,GAGCCAGTCTGATGCGCGAGCGG
GAGAGAGTCAGGTGAGCGAGGGG,AAGAGAAGCAAGTGAGCGAGATG
GAGAGAGTCAGGTGAGCGAGGGG,GAGTGAGACAGATGAGAGAGTGA
GAGAGAGTCAGGTGAGCGAGGGG,GAGAGAGAGAGGGGGGGGGGGGG
GAGAGAGTCAGGTGAGCGAGGGG,GAGAGAGAGAGATGGGGGAGGGG
GAGAGAGTCAGGTGAGCGAGGGG,GGGAGAGTCAGCAGAGCGGGGGA
GAGAGAGTCAGGTGAGCGAGGGG,TTGAGAGACAGGTGAGGGGGGTG
GAGAGAGTCAGGTGAGCGAGGGG,GGGGGAGAAGGGTGAGCGAGGAG
GAGAGAGTCAGGTGAGCGAGGGG,GTTTAAGTCAGGTGAGGAAGGGG
GAGAGAGTCAGGTGAGCGAGGGG,TAGAGAGAGAGGAGAGCGAGAGA
GAGAGAGTCAGGTGAGCGAGGGG,GAGAGGGTCAGGTGACCAGTGGA
GAGAGAGTCAGGTGAGCGAGGGG,GAGAGAGAGAGGTGAGGAAAGAG
GAGAGAGTCAGGTGAGCGAGGGG,GATAGAATCAGCGGAGCGGGGAG
GAGAGAGTCAGGTGAGCGAGGGG,GAAGGCGTCAGGTGAGCAACCGG
GAGAGAGTCAGGTGAGCGAGGGG,GATTGAGTCAGGTGGAGAAGGGG
GAGAGAGTCAGGTGAGCGAGGGG,GAGAGAGAGAGGGGGGGGGGGGG
GAGAGAGTCAGGTGAGCGAGGGG,AAGAGAGGCAGGTGAGCAAGGAA
GAGAGAGTCAGGTGAGCGAGGGG,GAGAGAGACAGGCAAGAGAGCAG
GAGAGAGTCAGGTGAGCGAGGGG,TCGACAGTCAGGTGAGCGCTGGG
GAGAGAGTCAGGTGAGCGAGGGG,GAGAGATTCACTTGTGGGCGGGG
GAGAGAGTCAGGTGAGCGAGGGG,GAGAGAATAAGGAGAGTGAAGAG
GAGAGAGTCAGGTGAGCGAGGGG,GAGAGAGAGAGGGGGGGGGGGGG
GAGAGAGTCAGGTGAGCGAGGGG,GAGAGAGGCAGGGGAGGGGAGGG
GAGAGAGTCAGGTGAGCGAGGGG,GAGAGAGACAAATGAGGAAGAGG
GAGAGAGTCAGGTGAGCGAGGGG,CAGAGAGACAGATGAGAGAATGG
GAGAGAGTCAGGTGAGCGAGGGG,AAGAGAGACAGGAAAGCAAGGGT
GAGAGAGTCAGGTGAGCGAGGGG,GAGAGAGTCTGGTGAGAGGAAGC
GAGAGAGTCAGGTGAGCGAGGGG,GAGAGAGACTGATGAGGGAGAGG
GAGAGAGTCAGGTGAGCGAGGGG,GAGAGAGACAGTAGAGAGAATGG
GAGAGAGTCAGGTGAGCGAGGGG,GAGGGAGGCAGATGAGCGAAGAG
GAGAGAGTCAGGTGAGCGAGGGG,GAGAGAGAGAGCTGAATGAGGGA
GAGAGAGTCAGGTGAGCGAGGGG,GAGAGAGCTAGGGGAGAGATGGG
GAGAGAGTCAGGTGAGCGAGGGG,TAGAGAGGCAGGAAAGCGTGGGG
GAGAGAGTCAGGTGAGCGAGGGG,TAGAGAGCCAACTGAACGAGAGG
GAGAGAGTCAGGTGAGCGAGGGG,GACAGAGAGAGGCGAGGGAGGTG
GAGGTCTGGGCTCTGCTCTTGGG,GATGACTGGGCTCAGCTCTTGTG
GAGGTCTGGGCTCTGCTCTTGGG,CTGGTATGGGCTCTGCTGTTGGT
GAGGTCTGGGCTCTGCTCTTGGG,TACCTCAGGGCTCTGTTCTTGGG
GAGGTCTGGGCTCTGCTCTTGGG,GAGGAGAGGGCTCTGAACTTGGG
GAGGTCTGGGCTCTGCTCTTGGG,AAAGTCTGCTCTCTGCTCTGGGG
GAGGTCTGGGCTCTGCTCTTGGG,GAGTTCTTGGCTCGGCTCTTGAG
GAGGTCTGGGCTCTGCTCTTGGG,TACCACTGGGCTCTGTTCTTGGG
GAGGTCTGGGCTCTGCTCTTGGG,CTGTTCTTGGCTCTGTTCTTGGG
GAGGTCTGGGCTCTGCTCTTGGG,GAGGTGTTGACTCTGCTCTTCAG
GAGGTCTGGGCTCTGCTCTTGGG,CAGCTCTGGGATCTGCTCCTGTG
GAGGTCTGGGCTCTGCTCTTGGG,TACCTCAGGGCTCTGTTCTTGGG
GAGGTCTGGGCTCTGCTCTTGGG,CACGTCTGTGCTCTGCTCCTGGT
GAGGTCTGGGCTCTGCTCTTGGG,GAGCTCAGGGCTCTGTCCTTGGA
GAGGTCTGGGCTCTGCTCTTGGG,CACCTCAGGGCTCTGTTCTTGGG
GAGGTCTGGGCTCTGCTCTTGGG,TACCTCAGGGCTCTGTTCTTGGG
GAGGTCTGGGCTCTGCTCTTGGG,GAGCTCTGTGCGCTGCTCATGGG
TGGTGCGGGTCAAAAGCCTCCGG,GCATGGGGGTCCAAAGCCTCCGG
GAGGTCTGGGCTCTGCTCTTGGG,AATGCCAGGGCTCTGCTCTAGGG
GAGGTCTGGGCTCTGCTCTTGGG,AAGGTCATTGCGCTGCTCTTGGG
GAGGTCTGGGCTCTGCTCTTGGG,GCGGTCAGGGCTCCGCTCAGGGG
GAGGTCTGGGCTCTGCTCTTGGG,GAGCTCAGGGCTCTCTTCCTGGG
GAGGTCTGGGCTCTGCTCTTGGG,CAGATCTGGGCTCTTTTCTTGGA
GAGGTCTGGGCTCTGCTCTTGGG,GAGGTCTGGGCTCTGCTCTTGGG
GAGGTCTGGGCTCTGCTCTTGGG,GAGGTCTGAGCTGTTCTCCTGGT
GAGGTCTGGGCTCTGCTCTTGGG,GCGCTCTGGGCTTTGCTCTCGGG
GAGGTCTGGGCTCTGCTCTTGGG,TACCTCAAGGCTCTGCTCTTGGG
GAGGTCTGGGCTCTGCTCTTGGG,TACCTCAGGGCTCTGTTCTTGGG
GAGGTCTGGGCTCTGCTCTTGGG,TTAGTCAGGGCTCTTCTCTTGGG
GAGGTCTGGGCTCTGCTCTTGGG,GATGTCTGTGCTTTGACCTTGGG
GAGGTCTGGGCTCTGCTCTTGGG,GAAGACTGGGGTCTGTTCTTGTG
TGGTGCGGGTCAAAAGCCTCCGG,TGGTGCTGATAAAAAGCCTTGGG
GAGGTCTGGGCTCTGCTCTTGGG,TACCTCAGGGCTCTGTTCTTGGG
AGCAGTGCTTTTGGCTGATACGG,TCCAGTGCTTTTGGCTGATAAGA
AGCAGTGCTTTTGGCTGATACGG,AGCAGTGCTTTTGGCTGATACGG
AGCAGTGCTTTTGGCTGATACGG,AGTGGTGCTTTTGACTGATATGG
AGCAGTGCTTTTGGCTGATACGG,GCAGTGCTAATAGCTGATAAAGT
AGCAGTGCTTTTGGCTGATACGG,GTGGTGCTTTTGACTGATATGGT
GAGGTCTGGGCTCTGCTCTTGGG,AGGTGTTGACTCTGCTCTTCAGC
GAGGGGCATGTCTAGTTCATTGG,GAGGGGCATGTCTAGTTCATTGG
GTGACATCAAGTCCCGAGGGAGG,AGAGACATCAGGACCTGAGGGAG
GTGACATCAAGTCCCGAGGGAGG,TGAGATGAAGTCCCGAGGGGGAC
GTGACATCAAGTCCCGAGGGAGG,TGACATCAAGTCCTGTTGGTGGC
GAGGGGCATGTCTAGTTCATTGG,CCGGGGACATTTCTAGTTCAGTG
GTGACATCAAGTCCCGAGGGAGG,GGTGACATCAAGACCCGTGGGGT
TGGTGCGGGTCAAAAGCCTCCGG,CTTGCGGGTCCAAAGCCTCCGGA
GAGAGAGTCAGGTGAGCGAGGGG,GGAAAGTCAAGTGAGAGAAGGGA
GAGAGAGTCAGGTGAGCGAGGGG,AAGGAGAGACAGGAGAGCAAGTG
GAGAGAGTCAGGTGAGCGAGGGG,GGAGAGACAGGAGAGCAAGTGGT
GAGAGAGTCAGGTGAGCGAGGGG,AAGGAGAGACAGGAGAGCAAGTG
GAGAGAGTCAGGTGAGCGAGGGG,GGGGAAAGCCACGTGAGCAAGGG
GAGAGAGTCAGGTGAGCGAGGGG,AGAGAGAGTCTGCTGGGCGAGCG
GAGAGAGTCAGGTGAGCGAGGGG,TGGGAGAGTCAAATGAGACAGTG
GAGAGAGTCAGGTGAGCGAGGGG,CAGGAGAGTGAGGAGAGTGAGAG
GAGAGAGTCAGGTGAGCGAGGGG,AGTGAGAGTGAGGTCAGCGAGGG
GAGAGAGTCAGGTGAGCGAGGGG,GGAAAGTCAGCGGAGCGAGGGGT
GAGAGAGTCAGGTGAGCGAGGGG,CGAGAGATTGAGGTGAGCGGGAG
AGCAGTGCTTTTGGCTGATACGG,ATTGGAGCTTATGGCTGATACGG
AGCAGTGCTTTTGGCTGATACGG,AGCAGAGCTTTCAGCTAATATGG
AGCAGTGCTTTTGGCTGATACGG,AGCAGTGCTAATAGCTGATAAAG
AGCAGTGCTTTTGGCTGATACGG,ATCAGTGCTTCAGGCTGATGTGG
AGCAGTGCTTTTGGCTGATACGG,TGCAGTGCTTTTGGCAGGTATTG
AGCAGTGCTTTTGGCTGATACGG,AGCAGTGCTCACAGCTGATAAGG
AGCAGTGCTTTTGGCTGATACGG,AGCAGGGCTGATGGCTGATAGTG
AGCAGTGCTTTTGGCTGATACGG,AGAAGTGCTTTTGGTTGAATAGG
TGGTGCGGGTCAAAAGCCTCCGG,TGGTGCGTGTCAAGAGTCTCCGC
TGGTGCGGGTCAAAAGCCTCCGG,GCTTGCGGGTCCAAAGCTTCCGG
GAGAGAGTCAGGTGAGCGAGGGG,GAGAGAGAAAGGTGAGCAAGCTG
GAGAGAGTCAGGTGAGCGAGGGG,GAGAGAGGGAGGTGGGGGTGGAG
GAGAGAGTCAGGTGAGCGAGGGG,GAGAGAGAGAGAGGAGGGAGGGA
GAGAGAGTCAGGTGAGCGAGGGG,GAGAGAGAGAAAGGAGCGAGGGA
GAGAGAGTCAGGTGAGCGAGGGG,TAGAGAGAAAGGCAAGAGAGGGG
GAGAGAGTCAGGTGAGCGAGGGG,GAGAGAGACAGAGGAGGGAGAGA
GAGAGAGTCAGGTGAGCGAGGGG,CATGGAGTCAGATGAGCCAGAGG
GAGAGAGTCAGGTGAGCGAGGGG,GAGAGAGAGAGACGAGAGAGGGG
GAGAGAGTCAGGTGAGCGAGGGG,CAGAGGGCCAGGCGAGCAGGGGG
GAGAGAGTCAGGTGAGCGAGGGG,GAGAGAGAAGGGCGAGCGAGACG
GAGAGAGTCAGGTGAGCGAGGGG,GGGAAACCCAGGTGAGCTTGGGG
GAGAGAGTCAGGTGAGCGAGGGG,GAGAGAGAGAACTGAGAGAGAGG
GAGAGAGTCAGGTGAGCGAGGGG,GAGAGAGACAGATGAGTGTAGGG
GAGAGAGTCAGGTGAGCGAGGGG,CTGAGAAACAGGTGAGCGATGGA
GAGAGAGTCAGGTGAGCGAGGGG,GAGTCAGTCTGAGGAGCGAGCGG
GAGAGAGTCAGGTGAGCGAGGGG,GAGAGAGAGAGGAGAGAGAGAGG
GAGAGAGTCAGGTGAGCGAGGGG,CAGAGAGTGAAGTGAGGGGGGGG
TGGTGCGGGTCAAAAGCCTCCGG,GGGTAGGGTTCCAAAGCCTCCGG
GAGAGAGTCAGGTGAGCGAGGGG,GAGAGAGAGAGGGGGGGGAGAGG
GAGAGAGTCAGGTGAGCGAGGGG,GGGAAAGCCACGTGAGCAAGGGG
GAGAGAGTCAGGTGAGCGAGGGG,GAGTAAATCAGGTGATCGAAAGG
GAGAGAGTCAGGTGAGCGAGGGG,GTGAGAGTCATGTGAGGATGGGG
GAGAGAGTCAGGTGAGCGAGGGG,GAGAGAGAGAAGTGAGAGAGAGA
GAGAGAGTCAGGTGAGCGAGGGG,ACGAGAGTCAGGTGAGCTCTGCG
GAGAGAGTCAGGTGAGCGAGGGG,GAGAGAGAGAGACGAACGAGCGG
GAGAGAGTCAGGTGAGCGAGGGG,GAGAGAGAGAGGGGGGGGGGGGG
GAGAGAGTCAGGTGAGCGAGGGG,GAGAGAGCCAGGGGAACATGGAG
GAGAGAGTCAGGTGAGCGAGGGG,GAGAGTGTCAGAGGAGGGAAAGG
GAGAGAGTCAGGTGAGCGAGGGG,GAGAGAGATAGGAGAGAGAGATG
GAGAGAGTCAGGTGAGCGAGGGG,AAGAAAGTCAGGCGAGCAATGGT
GAGAGAGTCAGGTGAGCGAGGGG,GAGAGAGGAAGAAGAGGGAGAGG
GAGAGAGTCAGGTGAGCGAGGGG,GAGAGAAGGGGGAGAGGGAGGGG
GAGAGAGTCAGGTGAGCGAGGGG,GAGAGAAGGAGGGTAGAGAGGGG
GAGAGAGTCAGGTGAGCGAGGGG,GAGAGAGGTAGATGGGGGAGGGG
GAGAGAGTCAGGTGAGCGAGGGG,GAGCCAGTCATGTGAGATATGGG
GAGAGAGTCAGGTGAGCGAGGGG,GAGCGAGCCAGGTGAGCCAAGGC
TGGTGCGGGTCAAAAGCCTCCGG,TGGAGCGTGTCAAGAGTCTCCGT
TGGTGCGGGTCAAAAGCCTCCGG,TGATGCGGGTCACAAACCTAAGG
TGGTGCGGGTCAAAAGCCTCCGG,TGGTGCTGGTCAAGAGTCTCCAG
TGGTGCGGGTCAAAAGCCTCCGG,TGGTACGGGTCAAAATTTTCAGG
TGGTGCGGGTCAAAAGCCTCCGG,TGGTGCGGGTCAAAAGCCTCCGG
TGGTGCGGGTCAAAAGCCTCCGG,ACATGCGGGTCAAAAACCTCCGA
TGGTGCGGGTCAAAAGCCTCCGG,TGGTGTGGAACAACAGCCTCTGG
TGGTGCGGGTCAAAAGCCTCCGG,TAGTGGGGGTCACAAGACTCTGG
TGGTGCGGGTCAAAAGCCTCCGG,AGGTGCGGACCAAAAGTCTTCGG
TGGTGCGGGTCAAAAGCCTCCGG,GCTTGCGGGTCCAAAGCCTCCGG
TGGTGCGGGTCAAAAGCCTCCGG,TAGTGGGGGTCACAAGTCTCTGG
TGGTGCGGGTCAAAAGCCTCCGG,TGGTGCTGATCAAAAACCTCCTG
TGGTGCGGGTCAAAAGCCTCCGG,TGGTGCAGTTCTAAAGCCTTTGG
TGGGAAGCTCCTGGGCCTTCAGG,TGCAGAGCTGGTGGGCCTTCAGG
TGGGAAGCTCCTGGGCCTTCAGG,TGGGAGACTCCTGGAACTTCTGG
TGGGAAGCTCCTGGGCCTTCAGG,TGGGATTCTTCTGGGCCTTGGGA
TGGGAAGCTCCTGGGCCTTCAGG,CGGGAGACTCCTGGAACTTCCGG
TGGGAAGCTCCTGGGCCTTCAGG,TTCGAGGCCGATGGGCCTTCAGG
TGGGAAGCTCCTGGGCCTTCAGG,TGTGCGGCCCATGGGCCTTCAGG
TGGGAAGCTCCTGGGCCTTCAGG,TTAGGAGCCCCTGGGCCTCCTGG
TGGGAAGCTCCTGGGCCTTCAGG,CGGGAGACTCCTGGAACTTCTGG
TGGGAAGCTCCTGGGCCTTCAGG,CGGGAGACTCCTGGAACTTCCGG
TGGGAAGCTCCTGGGCCTTCAGG,TGTGTATGTCCTGGACCTCCAGG
TGGGAAGCTCCTGGGCCTTCAGG,AGAAAGGCTCCTGGTCCTTCTGG
TGGGAAGCTCCTGGGCCTTCAGG,ATGCCAACTCCTGGGCCTTCAGA
TGGGAAGCTCCTGGGCCTTCAGG,AGGGAGACTCCCGGACCTTCTGG
GAGAGAGTCAGGTGAGCGAGGGG,GAGATAGCCTGGCGAGCGAGCAG
GAGAGAGTCAGGTGAGCGAGGGG,GTAAGAGTCAGGTGATCGAGGGC
GAGAGAGTCAGGTGAGCGAGGGG,TGCAGAGTCAGGTGAGAGAGAGA
GAGAGAGTCAGGTGAGCGAGGGG,GAGAGAGACAGGTGTGTAAGCAG
GAGAGAGTCAGGTGAGCGAGGGG,GAGGAAGGCAGGTGAGGGCGGGG
GAGAGAGTCAGGTGAGCGAGGGG,GAGAGAGACAGGTGTGTGGGAGA
GAGAGAGTCAGGTGAGCGAGGGG,GAGAGAGAAAGGTGAGCGAGAGT
GAGAGAGTCAGGTGAGCGAGGGG,GAGAAAGTAAAGAGAGCGAATGG
GAGAGAGTCAGGTGAGCGAGGGG,GAGAGAGAGAGGAGAGAGAGAGA
GAGAGAGTCAGGTGAGCGAGGGG,CTAAGAGTCAGGTGATCGACGGC
GAGAGAGTCAGGTGAGCGAGGGG,GACAGAGTCAGGTGAGGAGGTGT
GAGAGAGTCAGGTGAGCGAGGGG,AAGAGAGTAAGGGGAGCATGGAG
GAGAGAGTCAGGTGAGCGAGGGG,GAGAGAGAGAGGAGAGGGAGAGA
GAGAGAGTCAGGTGAGCGAGGGG,GAGAGAGTCAGGTTGACCGAGGG
GAGAGAGTCAGGTGAGCGAGGGG,GAGAGGATCAGCTGAGAGAGGAG
GAGAGAGTCAGGTGAGCGAGGGG,GAGAGAGACAGAAGAGTGAGAGA
GAGAGAGTCAGGTGAGCGAGGGG,GAGAGAGATAGATGGGGGAGGGG
GAGAGAGTCAGGTGAGCGAGGGG,GAGAGAGTTTGGAGAGCGTGCGG
GAGAGAGTCAGGTGAGCGAGGGG,GAGAGAGAGAGAGGAGAGAGGAG
GAGAGAGTCAGGTGAGCGAGGGG,CAGAGCGTCAGATGGCGGAGGGG
GAGAGAGTCAGGTGAGCGAGGGG,GAGAGAGAGAGATGAGAGAGAGA
GAGAGAGTCAGGTGAGCGAGGGG,GAGAGAGAGAGGTCAGGGAGGTG
GAGAGAGTCAGGTGAGCGAGGGG,GAGAGAGACAGGAGAGAGGGGGT
GAGAGAGTCAGGTGAGCGAGGGG,GAGAGAGAGAGAAGAGAGAGGTG
GAGAGAGTCAGGTGAGCGAGGGG,TAGAGAGTCAGGTAAGTGAACGG
GAGAGAGTCAGGTGAGCGAGGGG,GAGAGAGAGAGATAAAGGAGGGG
GAGAGAGTCAGGTGAGCGAGGGG,GAGAAAGTCACATAAGCAAGGAG
GAGAGAGTCAGGTGAGCGAGGGG,GAGAGAGAGAGGAGAGGGAGGAT
GAGAGAGTCAGGTGAGCGAGGGG,GAGAGAGAAAAGAGAGAGAGAGG
GAGAGAGTCAGGTGAGCGAGGGG,GAGAGAGAGAGATGGGGGAGGGG
GAGAGAGTCAGGTGAGCGAGGGG,GAGAGAGAGAGGTGAGAGAGAGA
GAGAGAGTCAGGTGAGCGAGGGG,AAGAGACAGAGGTGAGCTAGTGG
GAGAGAGTCAGGTGAGCGAGGGG,GAGAGAGAGAGGTGAGGTAAGAG
GAGAGAGTCAGGTGAGCGAGGGG,GAGAGAGACTGGAGAGAGAGCTG
GAGAGAGTCAGGTGAGCGAGGGG,GAGAGACTCAGATGAGAAAGGAG
GAGAGAGTCAGGTGAGCGAGGGG,ACTACAGTCAGGTGAGGGAGGTG
GAGAGAGTCAGGTGAGCGAGGGG,GAGAGAGAGAGGGGGGGGGGGGG
GAGAGAGTCAGGTGAGCGAGGGG,GAGAGAGAGAGCTGAGCGACAAG
GAGAGAGTCAGGTGAGCGAGGGG,GAGAGAGAGAGATGCGGGAGGAG
GAGAGAGTCAGGTGAGCGAGGGG,GAGAGAGACACGTGAGTGAGAGA
GAGAGAGTCAGGTGAGCGAGGGG,ATGACTGTCAGGTGAGCGATGAG
GAGAGAGTCAGGTGAGCGAGGGG,GATAGAATCAGCTGAGCGGGGAG
GAGAGAGTCAGGTGAGCGAGGGG,TAAAGAGTAAGGAGAGCGAGTGA
GAGAGAGTCAGGTGAGCGAGGGG,GAGAGAGAGAGAGGAGGGGGGGG
GAGAGAGTCAGGTGAGCGAGGGG,AAGAGAGGCAGGGGAGGGAGGGA
GAGAGAGTCAGGTGAGCGAGGGG,GAAAGAGAGAGATGAGCGAGGGC
GAGAGAGTCAGGTGAGCGAGGGG,GAGAGAGCGAGGGGAGAGAGAGA
GAGAGAGTCAGGTGAGCGAGGGG,GACAGAGGCAGGTGAGTGAAGGG
GAGAGAGTCAGGTGAGCGAGGGG,GAGAGAATTAGGTGATCAATGGT
GAGAGAGTCAGGTGAGCGAGGGG,GAGAGAGCCCTGAGCGAGAGGGG
GAGAGAGTCAGGTGAGCGAGGGG,GAGACGGTCAGGTAAGCCACGGT
GAGAGAGTCAGGTGAGCGAGGGG,CAGAGAAGCAGGTGAGGAGGGGG
GAGAGAGTCAGGTGAGCGAGGGG,GAGAGAATCAGGCGTGCGAGGAG
GAGAGAGTCAGGTGAGCGAGGGG,GAAAGAGTCAGAAGAGCAAGAGA
GAGAGAGTCAGGTGAGCGAGGGG,GAGAGAGAGAGGGGGGGGAGGGA
GAGAGAGTCAGGTGAGCGAGGGG,GAGAGAGAAAGATGAGTGAGAGA
GAGAGAGTCAGGTGAGCGAGGGG,GCAGGAGTCAGGAGAACGAGGAG
GAGAGAGTCAGGTGAGCGAGGGG,GAGAGAGTCAGGTGAACATGGAG
GAGAGAGTCAGGTGAGCGAGGGG,GAGCGGGACAGGTGAAGGACGGG
GAGAGAGTCAGGTGAGCGAGGGG,GAGAGAGAGAGGGGAGGAGGGGG
GAGAGAGTCAGGTGAGCGAGGGG,GAGGGAGAAAGTTGAGCGAGAGA
GAGAGAGTCAGGTGAGCGAGGGG,GAGATGGTCAGGTAAGCAATGGC
GAGAGAGTCAGGTGAGCGAGGGG,GAGAAAATCAGGTGAGGGAGGGA
GAGAGAGTCAGGTGAGCGAGGGG,GCGAGCGTCAGGTGTGCGGTGCG
GAGAGAGTCAGGTGAGCGAGGGG,TGGAGGTTCAGGTGACCGAGGTG
GAGAGAGTCAGGTGAGCGAGGGG,GAGAGAGAGAGGTGGGGGAGGAT
GAGAGAGTCAGGTGAGCGAGGGG,GAGAGAGAGAGGGGGGGGGGGGG
GAGAGAGTCAGGTGAGCGAGGGG,GTGGGTGTCAGAAGAGCGAGGGG
GAGAGAGTCAGGTGAGCGAGGGG,TTGAGAGTGAGGTGAGAGAGGGC
GAGAGAGTCAGGTGAGCGAGGGG,GGGAGAGACAGGTGAGGGAGCTG
GAGAGAGTCAGGTGAGCGAGGGG,GAGAGGCGCAGGTGAGCGTTGGC
GAGAGAGTCAGGTGAGCGAGGGG,CAGAGAGACAGATGAGAGAGAGA
GAGAGAGTCAGGTGAGCGAGGGG,GAGAGAGAAAGGGGAATGAGGAG
GTGACATCAAGTCCCGAGGGAGG,GTGTCATCACGTCCCGATAAAGG
GAGAGAGTCAGGTGAGCGAGGGG,AAGAGAGACAGAAAAGCGAGAGG
GAGAGAGTCAGGTGAGCGAGGGG,GAGAGAGAGAAGCGGGTGAGGGG
GAGAGAGTCAGGTGAGCGAGGGG,GAGAGAGAGAGGAGAGAGAGGAG
GAGAGAGTCAGGTGAGCGAGGGG,CAGCCAATCAGGTGAGTGAGCGG
GAGAGAGTCAGGTGAGCGAGGGG,GGGAAAGTCAAGTGAGAGAAGGG
GAGAGAGTCAGGTGAGCGAGGGG,GAGCCGGTCCGGTGAGAGAGGTG
GAGAGAGTCAGGTGAGCGAGGGG,GAGAGAGTCAGATGAGAGATAAT
GAGAGAGTCAGGTGAGCGAGGGG,AAGAGAGAGAGGAGAGAGAGAGG
GTGACATCAAGTCCCGAGGGAGG,GTAAGCTCTAGTTCCGAGGGAGG
GTGACATCAAGTCCCGAGGGAGG,GTTACATCAAGTACCAAGTAAGG
GAGGGGCATGTCTAGTTCATTGG,GTGGAGCATATCTAGTTACTTGG
GTGACATCAAGTCCCGAGGGAGG,GAGACAACAAGTCCCCATGGTGG
GTGACATCAAGTCCCGAGGGAGG,GTGACATCAATTCTCTCAGGAGG
GTGACATCAAGTCCCGAGGGAGG,GTGAAATCATGTCCCCAGGTGGG
GTGACATCAAGTCCCGAGGGAGG,GATGCATCAAGTCCAGAGAGAGG
GAGAGAGTCAGGTGAGCGAGGGG,GAGAGAGAGAGGAGAGAGAGAGA
GAGAGAGTCAGGTGAGCGAGGGG,GAGAGAGTAAGAAGAGCAAGAGA
GTGACATCAAGTCCCGAGGGAGG,TTGGCATGCAGTCCCGGGGGAGG
GTGACATCAAGTCCCGAGGGAGG,GTGACATCATGGCCCGAGACAGG
GTGACATCAAGTCCCGAGGGAGG,GTGACATCAAGACCCGTGGGGTG
GTGACATCAAGTCCCGAGGGAGG,CTGAGATGAAGTCCCGAGGGGGA
GAGGGGCATGTCTAGTTCATTGG,AAGTGGCATGTCTAGTTTTTAGG
GAGGGGCATGTCTAGTTCATTGG,TAGGGTCATTTCTAGTTTATTTG
GAGGGGCATGTCTAGTTCATTGG,GTACGGGATGTCTAGTCCATTGG
GTGACATCAAGTCCCGAGGGAGG,GAGACATCAGGACCTGAGGGAGG
GTGACATCAAGTCCCGAGGGAGG,ATGACAACAAGTCCCAATGGGGG
GTGACATCAAGTCCCGAGGGAGG,GTGACATCAAGTCCCGAGGGAGG
GTGACATCAAGTCCCGAGGGAGG,GTGACATCAAGTCCTGTTGGTGG
GAGGGGCATGTCTAGTTCATTGG,CGGGGACATTTCTAGTTCAGTGG
GAGGGGCATGTCTAGTTCATTGG,GAGGAACATTTCTAGTCCATTAG
GAGAGAGTCAGGTGAGCGAGGGG,GAGAGAGAGAGATGAGAGAGGAG
GAGAGAGTCAGGTGAGCGAGGGG,AAGAGAGTAAGGAGAGAGAGAGA
GAGAGAGTCAGGTGAGCGAGGGG,ACTACAGTCAGGAGAACGAGGGG
GAGAGAGTCAGGTGAGCGAGGGG,GAGAGGAGGAGGTGAACGAGGAG
GAGAGAGTCAGGTGAGCGAGGGG,ACTAGAGTCAGGGGAGCGTGGAG
GAGAGAGTCAGGTGAGCGAGGGG,GAGAGAAACAGATGAGCGAATTG
GAGAGAGTCAGGTGAGCGAGGGG,ATGGGATGCAGGAGAGCGAGGGG
GAGAGAGTCAGGTGAGCGAGGGG,AAGACACTCAGGTGAGAGACGGA
GAGAGAGTCAGGTGAGCGAGGGG,GAGAAACCCACGTGAGCATGGGG
GAGAGAGTCAGGTGAGCGAGGGG,AAGAGAAACAGATGAGTGAGGGT
GAGAGAGTCAGGTGAGCGAGGGG,GAGAGAGTCAGATGAAGGACTGG
GAGAGAGTCAGGTGAGCGAGGGG,GAAAAAATGAGGTGAGCGAGATG
GAGAGAGTCAGGTGAGCGAGGGG,GAGACAGACAGGCGGGAGATGGG
GAGAGAGTCAGGTGAGCGAGGGG,TAGCGAGCCTGGTGAGCCAGTGG
GAGAGAGTCAGGTGAGCGAGGGG,AAGTGACTCAGGTGAGCGCGGGG
GAGAGAGTCAGGTGAGCGAGGGG,GGTATAGGCAGGTCAGCGGGGGG
GAGAGAGTCAGGTGAGCGAGGGG,AAGTGAGTCAGGAGAGGCAGGTG
GAGAGAGTCAGGTGAGCGAGGGG,CAGACAGACAGGTGAGCGACAGA
GAGAGAGTCAGGTGAGCGAGGGG,GAGAGAGAGAGGAGAGAGAGAGA
GAGAGAGTCAGGTGAGCGAGGGG,GAGAGAGAGAGGAGAGAGAGAGA
GAGAGAGTCAGGTGAGCGAGGGG,CAGAGAGTCAGGTGAGCGGGGGT
GAGAGAGTCAGGTGAGCGAGGGG,GAGAGAGAAAAGAGAGCGAGCGA
GAGAGAGTCAGGTGAGCGAGGGG,GAGGGAGTCAGGTGGGCAGGAGA
GAGAGAGTCAGGTGAGCGAGGGG,GAGAGAGTCAGGTGAGCGAGGGG
GAGAGAGTCAGGTGAGCGAGGGG,GAGAGAGAGAGGTGGGCGGGCGG
GAGAGAGTCAGGTGAGCGAGGGG,GGGATAGTCAGGTAAGCGTGGGC
GAGAGAGTCAGGTGAGCGAGGGG,GGGATAGTCAGGTAAGCGTGGGC
GAGAGAGTCAGGTGAGCGAGGGG,GAGAGAGACAGATGAGGAAAGGG
GAGAGAGTCAGGTGAGCGAGGGG,CAGAGCGGAAGGTGAGAGAGGAG
GAGAGAGTCAGGTGAGCGAGGGG,GGAAGAGACACGTGAGCGAGGCG
GAGAGAGTCAGGTGAGCGAGGGG,GAGAGATGCAGGTGAGAGAACGA
GAGAGAGTCAGGTGAGCGAGGGG,AAGAGAGACAGGTGGGCAAGAGG
GAGAGAGTCAGGTGAGCGAGGGG,GAGAGAGTGAGTGAAGAGAGGGG
GAGAGAGTCAGGTGAGCGAGGGG,GAGAGAGAGAGATGAAGGAGGGG
GAGAGAGTCAGGTGAGCGAGGGG,GAGAGAGAGAGATGAGATTGGGG
GAGAGAGTCAGGTGAGCGAGGGG,GAGAGAGCAGGAAGAGCCAGGGG
GAGAGAGTCAGGTGAGCGAGGGG,GAGAGAGAGAGCTGAGCGACGGC
GAGAGAGTCAGGTGAGCGAGGGG,GAGAGATTGAGGTGAGCGGGAGG
GAGAGAGTCAGGTGAGCGAGGGG,TAGAGTGTCTGAAGAGCGAGGAG
GAGAGAGTCAGGTGAGCGAGGGG,GAGAGAGACAGATGAACGAAAGA
GAGAGAGTCAGGTGAGCGAGGGG,GAAAGATACAGGTGAGAAAGGGA
GAGAGAGTCAGGTGAGCGAGGGG,GAGAGCGTCAGGAAAGCAAACGG
GAGAGAGTCAGGTGAGCGAGGGG,GAGATAGTCAGGCAAGCAATGGT
GAGAGAGTCAGGTGAGCGAGGGG,GAGAGAGTCAGGTGAATTGGGGA
GAGAGAGTCAGGTGAGCGAGGGG,GAGAGAGAGAGTGAAGCGAGGAG
GAGAGAGTCAGGTGAGCGAGGGG,TAGAGAGAGAGATGAGAGAGGGA
GAGAGAGTCAGGTGAGCGAGGGG,GAGAGAAACAGATGGGGGAGGGG
GAGAGAGTCAGGTGAGCGAGGGG,GAGAGAGAGAGGAGAGAGAGAGA
GAGAGAGTCAGGTGAGCGAGGGG,GAGAGAGGAAAGAGAGCAAGTGG
GAGAGAGTCAGGTGAGCGAGGGG,GTGAGAGGCAGGTGAGAGAGAGC
GAGAGAGTCAGGTGAGCGAGGGG,GAGTGAGACGGGTGAGCGGTGGG
GAGAGAGTCAGGTGAGCGAGGGG,GAGAGAGAGAGCTGAGCGACGGC
GAGAGAGTCAGGTGAGCGAGGGG,AATAGAGGAAGGTGAGAGAGGAG
GAGAGAGTCAGGTGAGCGAGGGG,GAGCGAGTCAGGTAAGTTAAGGA
GAGAGAGTCAGGTGAGCGAGGGG,GAGAGAGATGGGGGAGAGAGGAG
GAGAGAGTCAGGTGAGCGAGGGG,GCGAGAGAGAGGAGAGAGAGAGG
GAGAGAGTCAGGTGAGCGAGGGG,GAGAGAGAGAGCTGAGCGACGGC
GAGAGAGTCAGGTGAGCGAGGGG,GGGGAGGTCAGGTGAGGGAGGGG
GAGAGAGTCAGGTGAGCGAGGGG,GAGAGAGAGAGATGAGTGAGATG
GAGAGAGTCAGGTGAGCGAGGGG,GAGGAAGTCAGGTAAGCAATGGT
GAGAGAGTCAGGTGAGCGAGGGG,GAGAGAGAGAGAGGAGCGAAGGG
GAGAGAGTCAGGTGAGCGAGGGG,GAGAGAGAGAGGAGAGAGAGAGT
GAGAGAGTCAGGTGAGCGAGGGG,GAGAGAGAGAGGAGAGAGAGAGA
GAGAGAGTCAGGTGAGCGAGGGG,GAGAGAGGCAGGTGGGAGGGGCG
GAGAGAGTCAGGTGAGCGAGGGG,GAGAGAGAGAGGAGAGAGAGAGA
GAGAGAGTCAGGTGAGCGAGGGG,GAGAGAGAGAGGAGAGAGAGAGA
GAGAGAGTCAGGTGAGCGAGGGG,GAGAGAGAGAGGGGGGGTAGGGG
GAGAGAGTCAGGTGAGCGAGGGG,GCATGAGTCAGGTGAGCGGTGAG
GAGAGAGTCAGGTGAGCGAGGGG,AAAAGAGTCAGGTGAGTTAAAGG
GAGAGAGTCAGGTGAGCGAGGGG,GAGAGAGAGAGAGGAGCGAGGGA
GAGAGAGTCAGGTGAGCGAGGGG,GAGAGAATCAGGTGACGGAGGAC
GAGAGAGTCAGGTGAGCGAGGGG,ATGAGAGCCAGGTGAGCCAGATG
GAGAGAGTCAGGTGAGCGAGGGG,AAGGGAGTCAGCTGAGAGAGCGG
GAGAGAGTCAGGTGAGCGAGGGG,GAGAGAGAGAGGTGAACGTGGGG
GAGAGAGTCAGGTGAGCGAGGGG,GAGAGAGTTAGTGAATGGAGGGG
GAGAGAGTCAGGTGAGCGAGGGG,GAGAGACACAGGTGAGACCGAGG
GAGAGAGTCAGGTGAGCGAGGGG,GAGAGAGAGAAAAGAGCGAGGAG
GAGAGAGTCAGGTGAGCGAGGGG,GAGAGAGACAGGAAGAGGAGGGG
GAGAGAGTCAGGTGAGCGAGGGG,GAGAGAAGTAGGAGAGAGATGGG
GAGAGAGTCAGGTGAGCGAGGGG,ATAACAGCCAGGTGGGCGAGGGG
GAGAGAGTCAGGTGAGCGAGGGG,GAGAGAGCAAGAGGAAGGAGGGG
GAGAGAGTCAGGTGAGCGAGGGG,GAGTGAGTCAAGTGAGCAGCAGG
GAGAGAGTCAGGTGAGCGAGGGG,GAGAAACTCAGGTGAGCTGGGGC
GAGAGAGTCAGGTGAGCGAGGGG,CAGAGAGACAGGTGAGCGGAGGA
GAGAGAGTCAGGTGAGCGAGGGG,AGGAGAGTGAGGAGAGTGAGAGG
GAGAGAGTCAGGTGAGCGAGGGG,GAGAGAGAGAGGGGGGGGGGGGG
GAGAGAGTCAGGTGAGCGAGGGG,GAAAGAGAGAGGTGGGCGGGGGG
GAGAGAGTCAGGTGAGCGAGGGG,GAGGGAATGAGGTCAGCGTAGGG
GAGAGAGTCAGGTGAGCGAGGGG,AAGGAAGACAGGTGAGCGAGAGG
GAGAGAGTCAGGTGAGCGAGGGG,TTGAGAGGTAGGTGAGTGAGTGG
GAGAGAGTCAGGTGAGCGAGGGG,GAGAGAGAGAAGTGAGAGAGAGA
GAGAGAGTCAGGTGAGCGAGGGG,TAGAGAGTCAGTTAAAAGAGGTG
GAGAGAGTCAGGTGAGCGAGGGG,GAGAGAGAGAGAAGAGGGAGAGG
GAGAGAGTCAGGTGAGCGAGGGG,ATGAGAGTCAGGAGAGTGAAGGA
GAGAGAGTCAGGTGAGCGAGGGG,AAGAGAGAGAGGAGAGAGAGAGG
GAGAGAGTCAGGTGAGCGAGGGG,GAGAGAGAGAGGTGAGGGGGCGA
GAGAGAGTCAGGTGAGCGAGGGG,GAGAGAGCAAAGTGAGGGAGAGG
GAGAGAGTCAGGTGAGCGAGGGG,GAGGGAGTCAAATGAGGGTGGGC
GAGAGAGTCAGGTGAGCGAGGGG,TGGAGAGACAGGTGAGCTTTGGG
GAGAGAGTCAGGTGAGCGAGGGG,GAGAGAGGAAGCAGAGCGAGCGA
GAGAGAGTCAGGTGAGCGAGGGG,GAGAGAGGCAGGTGAAGCATGGG
GAGAGAGTCAGGTGAGCGAGGGG,GAGTGAGTGAAGTGAGTGTGTGG
GAGAGAGTCAGGTGAGCGAGGGG,CAGAGAGACAGGTGCGAGTGGAG
GAGAGAGTCAGGTGAGCGAGGGG,GAGAGAGTGCAATGAGGGAGGGG
GAGAGAGTCAGGTGAGCGAGGGG,GAGAGAGAGAGGAGAGAGAGAGA
GAGAGAGTCAGGTGAGCGAGGGG,GAGAGAGAGAGGAGAGCAAGTAG
GAGAGAGTCAGGTGAGCGAGGGG,GATAGAGTCAGGTGAGAGGAAGT
GAGAGAGTCAGGTGAGCGAGGGG,GAGAGAGAGAGATGAGAGAGAGA
GAGAGAGTCAGGTGAGCGAGGGG,GAGAGAGAGAGAGGAGGGGGGGG
GAGAGAGTCAGGTGAGCGAGGGG,GAGAGACTCAGATGAAAGAGAGG
GAGAGAGTCAGGTGAGCGAGGGG,GAGAGCGTAAGGCGAACGTGGGG
GAGAGAGTCAGGTGAGCGAGGGG,GTGTGAGTCCGGAGAGCGAAGCG
GAGAGAGTCAGGTGAGCGAGGGG,CATAGAATCAGGTGAGCCATTGG
GAGAGAGTCAGGTGAGCGAGGGG,GAGAGAGAGAAATGAAAGAGGGG
GAGAGAGTCAGGTGAGCGAGGGG,GAGAAACTCAGGAGAGAGAAGAG
GAGAGAGTCAGGTGAGCGAGGGG,GAGAGAGAGAGATGAGAGAGAGT
GAGAGAGTCAGGTGAGCGAGGGG,GAGAGAGACAGGGGAGAAACGGA
GAGAGAGTCAGGTGAGCGAGGGG,GAGAGAAGCAGGTGTGTGAGGAG
GAGAGAGTCAGGTGAGCGAGGGG,GAGAGAATAAGGAGGGCAATGGG
GAGAGAGTCAGGTGAGCGAGGGG,TTGAAAGTCAGGTGAGTGTGGGC
GAGAGAGTCAGGTGAGCGAGGGG,AGGAGAGACAGGAGAGCAAGTGG
GAGAGAGTCAGGTGAGCGAGGGG,GGAAGAGTCTGAAGAGCGAGGAG
GAGAGAGTCAGGTGAGCGAGGGG,CACAGAGACAGATCAGCGAGAGG
GAGAGAGTCAGGTGAGCGAGGGG,AAGAGAGTCAGTCGGGAGATGGG
GAGAGAGTCAGGTGAGCGAGGGG,GAGAGAGAGAGGTGTGAGCGAGG
GAGAGAGTCAGGTGAGCGAGGGG,GAGAGAGACAGAAGAGAGAGGAG
GAGAGAGTCAGGTGAGCGAGGGG,GACAGAGGACGGTCAGCGAGTGG
GAGAGAGTCAGGTGAGCGAGGGG,GAGGGAGACAGGTGAAGAATGGG
GAGAGAGTCAGGTGAGCGAGGGG,CTGAGAGGCAGGTGAGCGAGTTT
GAGAGAGTCAGGTGAGCGAGGGG,GAGAAACGCAGGTGAGCCAGCAG
GAGAGAGTCAGGTGAGCGAGGGG,GAGAGAGTGAGGAGGGAGCGGGA
GAGAGAGTCAGGTGAGCGAGGGG,GAGTGAGTCAGAAGAGACAGAGG
GAGAGAGTCAGGTGAGCGAGGGG,GGGAGAGAATGGTGAGGGAGGAG
GAGAGAGTCAGGTGAGCGAGGGG,GAGAGAGAGAGGGGAGGGAGGGG
GAGAGAGTCAGGTGAGCGAGGGG,GAGAGATGATGGTCAGCGAAGGG
GAGAGAGTCAGGTGAGCGAGGGG,GAGAGAGGAGGGTGAGCGGGGGC
GAGAGAGTCAGGTGAGCGAGGGG,GAGAGAGAGAGGAGAGAGAGAAG
GAGAGAGTCAGGTGAGCGAGGGG,GAGAGATGGAGATGAGCGAGAGA
GAGAGAGTCAGGTGAGCGAGGGG,GAGAGAGAGAGAAGAGAGAGAGG
GAGAGAGTCAGGTGAGCGAGGGG,GAGAGAGAGAGGGGAGCAAAGGG
GAGAGAGTCAGGTGAGCGAGGGG,CAGACAGCCAGGTGGGAGAGGTG
GAGAGAGTCAGGTGAGCGAGGGG,GAGTGAATCAGGTGAACAATGGA
GAGAGAGTCAGGTGAGCGAGGGG,GAGAGAGTCATGTGAAGGAGTCA
GAGAGAGTCAGGTGAGCGAGGGG,GAGAGAGAGTGGAGAGAGAGTGG
GAGAGAGTCAGGTGAGCGAGGGG,GATTGAGTCAGGTGAGCATGGAG
GAGAGAGTCAGGTGAGCGAGGGG,GAGAAAGTAAGGTGGGGGAGAGA
GAGAGAGTCAGGTGAGCGAGGGG,GAGAGAGAGAGGGGGGGGGGGGG
GAGAGAGTCAGGTGAGCGAGGGG,GGGAGAGAGAGCTGAGCGACGGC
GAGAGAGTCAGGTGAGCGAGGGG,GATAGAATCAGCGGAGCGGGGAG
GAGAGAGTCAGGTGAGCGAGGGG,GAGAGAGTTAGTTGAGCAGCAGG
GAGAGAGTCAGGTGAGCGAGGGG,AAGCAGTTCAGGTGAGCGAGTGG
GAGAGAGTCAGGTGAGCGAGGGG,GAGAGAATCAGGTGGAGAAAGGG
GAGAGAGTCAGGTGAGCGAGGGG,GAGAGAGAGGGAGGAGCGAGAGG
GAGAGAGTCAGGTGAGCGAGGGG,GAGAGAGAGAGGTGAGGTAAGGA
GAGAGAGTCAGGTGAGCGAGGGG,CAGAAAGACAGGAGAGCGATGGA
GAGAGAGTCAGGTGAGCGAGGGG,GAGAGAGAGAGGTGTGCGAGAGA
GAGAGAGTCAGGTGAGCGAGGGG,GAGAGAGTCGGGCGGGCGAAAGG
GAGAGAGTCAGGTGAGCGAGGGG,AAGAGAGCCAGGTGAGGGAGACA
GAGAGAGTCAGGTGAGCGAGGGG,GAGCGAGCCAGGTGAGCCAAGGC
GAGAGAGTCAGGTGAGCGAGGGG,GAGAGAGTTAGGGAGGAGGGGGG
GAGAGAGTCAGGTGAGCGAGGGG,AAGAGAGCCATGTGAGCCAGATG
GAGAGAGTCAGGTGAGCGAGGGG,GAGAGAGTCAAGTGAGTTTAGGG
GAGAGAGTCAGGTGAGCGAGGGG,GGGAGAGTCAAATGAGACAGTGG
GAGAGAGTCAGGTGAGCGAGGGG,GAGAGAGACAAGAGAGAGAACGG
GAGAGAGTCAGGTGAGCGAGGGG,GAGAGAGAGAGGAGAGAGAGAGG
GAGAGAGTCAGGTGAGCGAGGGG,GAGAGAGTCAAGAGAGAGAGAGA
GAGAGAGTCAGGTGAGCGAGGGG,GAGAGAGACAGGGGAGGGAGAGA
GTGCTTATTTTGGGCTTGCTCGG,GGCTTATATTAGTCTTGCTTGGC
GTGCTTATTTTGGGCTTGCTCGG,GGGTCTTGGTATGGGCTTGCTGG
GAAAACCACAGAGACGAGGCAGG,GAGACCACAAAGACAAGGCACGT
GAAAACCACAGAGACGAGGCAGG,CGGAAAACAACGAGACAAGGCAA
GAAAACCACAGAGACGAGGCAGG,GAAAACACACAGACACGGCCGGC
GAAAACCACAGAGACGAGGCAGG,GAAACCACCGAAACAAGGCAAGG
GAAAACCACAGAGACGAGGCAGG,GGGAAATCAGGGCGACGAGGCAG
GAAAACCACAGAGACGAGGCAGG,AAAACCTCAGAGACGAGGCTAGT
GAAAACCACAGAGACGAGGCAGG,GCGAAACCACAGACGCGATGCAG
GAAAACCACAGAGACGAGGCAGG,GAAAACAAAGAAACGAGGACAGA
GAAAACCACAGAGACGAGGCAGG,GAAAACAAAGAAACGAGGACAGA
GAAAACCACAGAGACGAGGCAGG,CGGAAAACAAAGAAACGAGGACA
GAAAACCACAGAGACGAGGCAGG,GAAAACACAAAGACGAGCCCAGA
GAAAACCACAGAGACGAGGCAGG,GAAAACACAGAGAAGATGCTGGA
GTGCTTATTTTGGGCTTGCTCGG,GGGTCTTGGTATGGGCTTGCTGG
GAAAACCACAGAGACGAGGCAGG,GAAACCGTAGAGACGGGGCAGGA
GAAGGAAATGTTTCCTATTGAGG,TCCTGGAAATGTTTCATATTGGG
GAAAACCACAGAGACGAGGCAGG,CACCTGATGGACGCTCACCTGGC
GAAAACCACAGAGACGAGGCAGG,AGGAAACCAAAGAGGAGAAGCAG
GTGCTTATTTTGGGCTTGCTCGG,GGCAAATTTTGGGCTAGCTTGGA
GAAAACCACAGAGACGAGGCAGG,GAAACTGCGGAGACGGGGCAGGA
GTGCTTATTTTGGGCTTGCTCGG,ACTGCTTGTTTTGGGCCTGCTGG
GTGCTTATTTTGGGCTTGCTCGG,TGGGCTTATATATAGCTTGCTTG
GTGCTTATTTTGGGCTTGCTCGG,TGGGCTTATATATAGCTTGCTTG
GTGCTTATTTTGGGCTTGCTCGG,TGGGCTTATATATAGCTTGCTTG
GTGCTTATTTTGGGCTTGCTCGG,GTCTTGGTATGGGCTTGCTGGGT
GTGCTTATTTTGGGCTTGCTCGG,GTCTTGGTATGGGCTTGCTGGGT
GTGCTTATTTTGGGCTTGCTCGG,CGGGCCAATTCTGGGCTTTCTTG
GTGCTTATTTTGGGCTTGCTCGG,GACTTATTTTAGGCTTGTTTGGT
GAAAACCACAGAGACGAGGCAGG,AGTAAACCAAAGAGAAGAGGTAG
GAAAACCACAGAGACGAGGCAGG,AAAACCACAGAGATGATGCAGGT
GAAAACCACAGAGACGAGGCAGG,TAAACTACAGACACGAAGCAAGT
GAAAACCACAGAGACGAGGCAGG,TGTAAAACACAGAGAAGAGGTGG
GTGCTTATTTTGGGCTTGCTCGG,GTCTTGGTATGGGCTTGCTGGGT
GAAAACCACAGAGACGAGGCAGG,GCGAAACATCAGAGACGAAGCAA
GAAAACCACAGAGACGAGGCAGG,TGGAAATCACAGAGACGAGACAG
GAAAACCACAGAGACGAGGCAGG,CAAAACTCGGAGACGAGGCAAGC
CGAATCATTCCCACATTACCAGG,TGGTTACATACCCACATTACCTG
CGAATCATTCCCACATTACCAGG,AAATAATTCCCACATTTCATGGA
CGAATCATTCCCACATTACCAGG,CGTAGTGATTCCCACATTTCCAG
CGAATCATTCCCACATTACCAGG,TAATTATTCCCACATTACATGGG
CGAATCATTCCCACATTACCAGG,CGTAGTGATTCCCACATTTCCAG
CGAATCATTCCCACATTACCAGG,TAATTATTCCCACATTACATGGG
CGAATCATTCCCACATTACCAGG,TAGTGATTCCCACATTTCCAGGG
CGAATCATTCCCACATTACCAGG,TAGTGATTCCCACATTTCCTGGG
CGAATCATTCCCACATTACCAGG,CGTAGTGATTCCCACATTTCCAG
CGAATCATTCCCACATTACCAGG,CGTAGTGATTCCCACATTTCCAG
CGAATCATTCCCACATTACCAGG,TAGTGATTCCCACATTTCCAGGG
CGAATCATTCCCACATTACCAGG,CGTAGTGATTCCCACATTTCCAG
CGAATCATTCCCACATTACCAGG,TAGTGATTCCCACATTTCCAGGG
CGAATCATTCCCACATTACCAGG,TGTAATTATTCCCACATTACATG
CGAATCATTCCCACATTACCAGG,GAACCACACCCACATTAACAAGC
CGAATCATTCCCACATTACCAGG,TAATCATTTCCCCATTACCTGGC
CGAATCATTCCCACATTACCAGG,AGGAATAATTCCCATATTAAAAG
CGAATCATTCCCACATTACCAGG,AGGAATCATTTCCATATTAAAAG
CGAATCATTCCCACATTACCAGG,GGACATCATTCCCATGTTACCTG
CGAATCATTCCCACATTACCAGG,TAATTATTCCCACGTTACATGGG
CGAATCATTCCCACATTACCAGG,TGTAATTATTCCCACATTACATG
CGAATCATTCCCACATTACCAGG,GGAGTGCTTTCTAGAACTAAGAA
GAAGGAAATGTTTCCTATTGAGG,GAGGAAATGTGTCACATTATGGA
CGAATCATTCCCACATTACCAGG,CGTAGTGATTCCCACATTTCCAG
GAAAACCACAGAGACGAGGCAGG,GGAACAACAGAGACGAGGCCAGA
GAAGGAAATGTTTCCTATTGAGG,GAGCGAATGTTTACTAGTGTGGA
GAAGGAAATGTTTCCTATTGAGG,GAGGAAACATTTCATAGTGTGGT
GAAAACCACAGAGACGAGGCAGG,TGCAAAGCACAGAGACGAAGATG
GAAAACCACAGAGACGAGGCAGG,GAAAGCGTAGAGACGAGGACGGG
GAAAACCACAGAGACGAGGCAGG,AGGAAACCGCTGATACAAGGCAG
GAAAACCACAGAGACGAGGCAGG,AAAAAACCACAAAGACAAGGCTA
GAAGGAAATGTTTCCTATTGAGG,TGGAGCAATTGTTTCCAATTATA
GAAAACCACAGAGACGAGGCAGG,GAAACCACAAAGACGAAGTTGGA
CGAATCATTCCCACATTACCAGG,TGGAAACACCCCAACATTACCGG
GAAAACCACAGAGACGAGGCAGG,AGCATGCCACAGAGACGAGACCG
CGAATCATTCCCACATTACCAGG,TGGAAACACCCCAACATTACCGG
CGAATCATTCCCACATTACCAGG,GGATCTGTCCGACATTACCAGGT
CGAATCATTCCCACATTACCAGG,GGGAATCAAACCCACAATTCCCA
CGAATCATTCCCACATTACCAGG,GAATCGTTCTCACATTTCCAGGT
CGAATCATTCCCACATTACCAGG,TAGTGATTCCCACATTTCCAGGG
CGAATCATTCCCACATTACCAGG,TGTAATTATTCCCACATTACATG
GTGCTTATTTTGGGCTTGCTCGG,GGCTTATATCTAGCTTGCTTGGT
AGCGCCGCTCAGTCAGCTGCAGG,GCGGCGCTCAGTCAGCTGCTGGA
GTGCTTATTTTGGGCTTGCTCGG,ATGGCTTCTTTTGGGCTTCCTTG
AGCGCCGCTCAGTCAGCTGCAGG,TGGATCAGCTCAGTCAGCAGCTG
AGCGCCGCTCAGTCAGCTGCAGG,TGGAGGTACTCAGTCAGCTGCTA
AGCGCCGCTCAGTCAGCTGCAGG,CCGCACCGCCCAATCAGCTGCGA
AGCGCCGCTCAGTCAGCTGCAGG,AGCATCCGCTCAGACAGCTGCAG
AGCGCCGCTCAGTCAGCTGCAGG,TTTGGCCATTTTCTGCCGTTTAT
AGCGCCGCTCAGTCAGCTGCAGG,GCACCGCTCACTCAGCGGCAGGG
AGCGCCGCTCAGTCAGCTGCAGG,AGGACCAGCTGAGTCAGCTGCCG
AGCGCCGCTCAGTCAGCTGCAGG,AGACGGCGCTCACTCAGCAGCAG
AGCGCCGCTCAGTCAGCTGCAGG,GCGCTGGTCAGTCAGCTCCAGGT
AGCGCCGCTCAGTCAGCTGCAGG,AAGCTCAGCTCAGACAGCTGCTG
GTGCTTATTTTGGGCTTGCTCGG,GGCTACTTTTGGGCTAGCTTGGA
AGCGCCGCTCAGTCAGCTGCAGG,GAGTCGCTCAGTCAGCTGATGGA
AGCGCCGCTCAGTCAGCTGCAGG,GGGAGAAGATCAGTCAGCTGCAG
AGCGCCGCTCAGTCAGCTGCAGG,GGGCCGCAAAATCAGCTGCAGGC
AGCGCCGCTCAGTCAGCTGCAGG,CGGCGCAGCTCAAACAGCAGCTG
AGCGCCGCTCAGTCAGCTGCAGG,GTGCTGTCCAGTCAGCTGCGGGA
AGCGCCGCTCAGTCAGCTGCAGG,CAGCGCTGCCCAATCAGCTGCAG
CGTTTTGACTGTGTGGCTGTTGG,GGTTTTACTGTGAAGCTGTCGGA
CGTTTTGACTGTGTGGCTGTTGG,GTTGTGTGTGTGTGGCTGTGGGA
AGCGCCGCTCAGTCAGCTGCAGG,GTGCAGCACGGTCAGCTGCGAGC
AGCGCCGCTCAGTCAGCTGCAGG,ACGCCCATCAGTCTGCTGCAGGA
AGCGCCGCTCAGTCAGCTGCAGG,TGGCAGCTCAATCAGCTGCAAGA
AGCGCCGCTCAGTCAGCTGCAGG,GGGAGCCGTTCAGGAAGCTGCTG
CGCGTGGAGCACGGCGAGGAGGG,CGGTGTGGACCACAGCAAGGACA
GAAGGAAATGTTTCCTATTGAGG,TGGAGGAAGTGTTTACAAGTGGG
CGCGTGGAGCACGGCGAGGAGGG,CTGCGTGGAGGTCGGCGAGGGAG
CGCGTGGAGCACGGCGAGGAGGG,GCATGGAGCGCGGCGAGTAGAGG
CGCGTGGAGCACGGCGAGGAGGG,GGGCGTGGAGCACTGCGAGCAGG
CGCGTGGAGCACGGCGAGGAGGG,GGGCGTGGAGCACTACGAGGGAG
CGCGTGGAGCACGGCGAGGAGGG,GCGCGGAACACGCCGAGAAAGGT
CGCGTGGAGCACGGCGAGGAGGG,ACGTGGAGGACAACGAGGAAGGG
AGCGCCGCTCAGTCAGCTGCAGG,TCACAGCTCAGTCAGCTGCAGAA
AGCGCCGCTCAGTCAGCTGCAGG,AGTCCCAGCTCAGTCAGTTGCCA
AGCGCCGCTCAGTCAGCTGCAGG,AGGCGGCCCTCATTCAGCTGCAA
AGCGCCGCTCAGTCAGCTGCAGG,CCGCCGCTGCTTCAGCTGCAGGA
AGCGCCGCTCAGTCAGCTGCAGG,GAGCAGTGCAGTCAGCTGCGCGC
AGCGCCGCTCAGTCAGCTGCAGG,GCGCTGCTCAGACAGCCTCCAGG
AGCGCCGCTCAGTCAGCTGCAGG,AGGCGCTGCCCTGTCTGCTGCAG
AGCGCCGCTCAGTCAGCTGCAGG,TTGCCCCTCAGACAGCTGCCAGA
AGCGCCGCTCAGTCAGCTGCAGG,GCGCCGCTCTGTCAGCATAGGGG
CGTTTTGACTGTGTGGCTGTTGG,GTTTTGATTGTATGACTGTCAGA
CGTTTTGACTGTGTGGCTGTTGG,CTTTTGAGTGTGTGGCATTTGGC
CGTTTTGACTGTGTGGCTGTTGG,ACACACACACACACACACAGACG
CGTTTTGACTGTGTGGCTGTTGG,CAGTTTTGACTGTGTAATTGTGG
CGTTTTGACTGTGTGGCTGTTGG,AGGTTGTGGTTGTGTGACTGTTG
CGTTTTGACTGTGTGGCTGTTGG,ATTTAGAGTATGTGGCTGTAGGA
CGTTTTGACTGTGTGGCTGTTGG,ATTTTAACTGTGTGGCTGTCGGT
GTGCTTATTTTGGGCTTGCTCGG,TGGGATTATTTTGATCTTGCATG
GTGCTTATTTTGGGCTTGCTCGG,GACTCATTTGGGGCTTGATGGGA
GTGCTTATTTTGGGCTTGCTCGG,GGGTATTATATTGTGCTTGCTAG
GTGCTTATTTTGGGCTTGCTCGG,GGCTGAATTTGGTCTTGCTGGGA
GTGCTTATTTTGGGCTTGCTCGG,GGCTTATTTGGGGCTTATTTGGG
GTGCTTATTTTGGGCTTGCTCGG,GGCTTAGTGAGGGCTTCCTGGGG
GTGCTTATTTTGGGCTTGCTCGG,GGCTTAATTGGGGCTTGTTTGGT
GTGCTTATTTTGGGCTTGCTCGG,GATTTATTTTGAGCTTGCTGAGC
GTGCTTATTTTGGGCTTGCTCGG,GCCTTTCTATGGGCTTGCTTGGT
GTGCTTATTTTGGGCTTGCTCGG,TGGGCTAGTTTTGAGCTTGCTAA
GTGCTTATTTTGGGCTTGCTCGG,TGGGCTAGTTTTGGGCTAGTTTG
GTGCTTATTTTGGGCTTGCTCGG,TGGGCTAGTTTTGGGCTAGTTTG
GTGCTTATTTTGGGCTTGCTCGG,GTGCCTGGTTTTGGGCTTGCTAG
GTGCTTATTTTGGGCTTGCTCGG,TGCTAGTTTTGGGCTTGATTGGG
CGTTTTGACTGTGTGGCTGTTGG,AGGTTTTGGTTGTGAGACTGTGG
CGTTTTGACTGTGTGGCTGTTGG,GTTTAGACTGTCTGACTGTAGGT
CGTTTTGACTGTGTGGCTGTTGG,AGGATTTTGCTGTGTGGCTTTTG
CGTTTTGACTGTGTGGCTGTTGG,GTTTTGAATATCTGGCTGTAGGA
CGTTTTGACTGTGTGGCTGTTGG,ATTTTGACTCTGTGGCTGAGGGT
CGTTTTGACTGTGTGGCTGTTGG,TTGTTTTGAATGTGTAACTGTCA
CGTTTTGACTGTGTGGCTGTTGG,CAGAGTTTAGCGTTTGCCACCGA
CGTTTTGACTGTGTGGCTGTTGG,GTTTTGTTTGTGTGACTTTGGGA
CGTTTTGACTGTGTGGCTGTTGG,GTTTAGGGTGTGTGGCTTTGGGT
CGTTTTGACTGTGTGGCTGTTGG,GTGTTTTTATTGTGTGGCTGAGG
CGTTTTGACTGTGTGGCTGTTGG,GTTCTGAATGACTGGCTGTTGGT
CGTTTTGACTGTGTGGCTGTTGG,TTATTTTGGCTGTGTGGATGTTG
CGTTTTGACTGTGTGGCTGTTGG,TTTTATACTGTATGGCTGTGGGA
CGTTTTGACTGTGTGGCTGTTGG,GTCTGGACTGTATGGCTGTAGGA
CGTTTTGACTGTGTGGCTGTTGG,GTCTTGAATGCGTGGCAGTGGGT
CGTTTTGACTGTGTGGCTGTTGG,AGGTCTTGAATGCGTGGCAGTGG
CGTTTTGACTGTGTGGCTGTTGG,AGGTCTTGAATGCGTGGCAGTGG
CGTTTTGACTGTGTGGCTGTTGG,AGGTCTTGAATGCGTGGCAGTGG
CGTTTTGACTGTGTGGCTGTTGG,AGGTCTTGAATGCGTGGCAGTGG
CGTTTTGACTGTGTGGCTGTTGG,AGGTCTTGAATGCGTGGCAGTGG
CGTTTTGACTGTGTGGCTGTTGG,AGGTCTTGAATGCGTGGCAGTGG
GAAGGAAATGTTTCCTATTGAGG,TGGAGGAAGTGTTTACAAGTGTG
GACATGGGAAACATCGTCATCGG,TGGCATTGGAAGCATCGTTTTTC
GAAGGAAATGTTTCCTATTGAGG,TGGAGCAAATGTTTACAAGTGTG
GACATGGGAAACATCGTCATCGG,TAATGTGAAACATCGTTATGGAT
AGAGCTGCGGAATGGTGACAAGG,GGGAGATGGTGGATGGTGACAGG
AGAGCTGCGGAATGGTGACAAGG,TGGAACTGAACAATGGTGACAAG
AGAGCTGCGGAATGGTGACAAGG,TGGAACTGAGGAAAGGTGAAATG
AGAGCTGCGGAATGGTGACAAGG,AAGCTGTGAAATGGTGACATAGC
AGAGCTGCGGAATGGTGACAAGG,TGGGGCTGCGGCATGATGACACG
GACATGGGAAACATCGTCATCGG,TGGCATGTGGCCCATCGTCATAA
GACATGGGAAACATCGTCATCGG,AGTCTTGGAAATCATCGTCATCC
GACATGGGAAACATCGTCATCGG,GATTCGGAAACATCGTCTTTGAC
GACATGGGAAACATCGTCATCGG,CGGCATGTGAACCATCGCCACAG
AGAGCTGCGGAATGGTGACAAGG,GTGAACGGCAGAATGGTGACAGC
GACATGGGAAACATCGTCATCGG,TAATGTGAAACATCGCCATGGAC
GACATGGGAAACATCGTCATCGG,CGTCATGGAAAACAACGTCGTGC
GACATGGGAAACATCGTCATCGG,TGTTATGGAAAACATCGACATAG
GACATGGGAAACATCGTCATCGG,GCATGGGAAAAACAGTCGTCGGA
GACATGGGAAACATCGTCATCGG,GCATGATAAACATAGACATGAGC
GACATGGGAAACATCGTCATCGG,GTGCATGGGAAAAATCACCATGT
GACATGGGAAACATCGTCATCGG,GAGCATAGGAAACCTCGTCATTC
GACATGGGAAACATCGTCATCGG,AGGTATGGAAAACATCGTCAATG
AGAGCTGCGGAATGGTGACAAGG,GAGCTGAGGAAAGGTGACAGAGA
AGAGCTGCGGAATGGTGACAAGG,ATGAGCTGCAGAATGCTGACTGG
AGAGCTGCGGAATGGTGACAAGG,GAGCTGAAGGATGGGGACAGGGG
AGAGCTGCGGAATGGTGACAAGG,TGGAGCTACGGACTGGGGACACG
AGAGCTGCGGAATGGTGACAAGG,ATGAGGTGAGGAATGGTGAAAGA
AGAGCTGCGGAATGGTGACAAGG,AGGAGTTGAGGAATGCTGGCAGG
AGAGCTGCGGAATGGTGACAAGG,TGGAGATGAGGAATGGGGGCAGG
AGAGCTGCGGAATGGTGACAAGG,TGGCGCTGCGGAGAGATGACAAA
AGAGCTGCGGAATGGTGACAAGG,TGGAGTTCCTGAATGGAGACAAA
AGAGCTGCGGAATGGTGACAAGG,GCGCTGCGGGATGGTGACGGAGG
AGAGCTGCGGAATGGTGACAAGG,TCGAGCTGCGGAAAGGAGAGACG
AGAGCTGCGGAATGGTGACAAGG,GAGCTACTGAATGGTGATAAAGC
AGAGCTGCGGAATGGTGACAAGG,TAGAGCTGCAGAATGGAGAGAGG
AGAGCTGCGGAATGGTGACAAGG,GAGCTGCAGAAACGGGACAAGGA
AGAGCTGCGGAATGGTGACAAGG,GGGAGCAGGAGAGTGGTGACAAA
AGAGCTGCGGAATGGTGACAAGG,GCGCTGCAGAATGATGACATAGA
AGAGCTGCGGAATGGTGACAAGG,GAGCTGAAGAAAGGAGACATAGT
AGAGCTGCGGAATGGTGACAAGG,GAAAGCTGTGGAATGGTGGCAGA
AGAGCTGCGGAATGGTGACAAGG,GCGAGCTGCGGGATGACGACAAA
AGAGCTGCGGAATGGTGACAAGG,GGAAGCAGGGGAGTGGTGACAAA
AGAGCTGCGGAATGGTGACAAGG,TGGAGCAGAGGGATGATGACAGA
GACATGGGAAACATCGTCATCGG,AGACAGGGGAAAGATCGGCATAG
GACATGGGAAACATCGTCATCGG,GGTCATGAGAAACATCATCAGGA
GACATGGGAAACATCGTCATCGG,CTGCATGGAAAGCATCGTCAATC
GTGGAAGACCTTCGCCACTGAGG,CGAGGAAGATCTTTACCACTGAT
GTGGAAGACCTTCGCCACTGAGG,GGGAAGATATTCGCAACTGGGCG
GTGGAAGACCTTCGCCACTGAGG,GGAGGAAGACATTTGCCTCTGGA
GTGGAAGACCTTCGCCACTGAGG,GGGAAAACCCTCACCACTATTGC
GTGGAAGACCTTCGCCACTGAGG,CGGAGGACACCTACGCCACTGTG
GTGGAAGACCTTCGCCACTGAGG,GGGACTACATTCGCCACTGGCGT
GTGGAAGACCTTCGCCACTGAGG,GGGAAAACCTGAGCAACTGGAGG
GTGGAAGACCTTCGCCACTGAGG,GTGGAGACCATCACCACTGGAGA
GTGGAAGACCTTCGCCACTGAGG,GAGAGGACGTTCGCCACTGTAGC
GTGGAAGACCTTCGCCACTGAGG,CGGGGAACATCTCAGCCACTGCA
GTGGAAGACCTTCGCCACTGAGG,GTGGGACGACCTCGGCCACTGCG
GTGGAAGACCTTCGCCACTGAGG,GGGAAGAACTTCGCCACTTGCGC
GTGGAAGACCTTCGCCACTGAGG,GGGAAGAACGTCTCCACTGAGGG
GTGGAAGACCTTCGCCACTGAGG,TGGGGAAGGCCATGGCCACTATG
GTGGAAGACCTTCGCCACTGAGG,GGGAGGAGTTTCGCCGCTGTGGG
GTGGAAGACCTTCGCCACTGAGG,GGGGGAGGAGCTTCACTACTGGG
GTGGAAGACCTTCGCCACTGAGG,GAGAAAACCTTCGCCAACGTGGG
CGCGTGGAGCACGGCGAGGAGGG,CGGCGTGGGGAAAGGCGAAGAGA
GTGGAAGACCTTCGCCACTGAGG,GGGAAGTTCTTCACCAATGCCGT
GTGGAAGACCTTCGCCACTGAGG,ACAAGGACCTTCGCCACTGGGAA
GACATGGGAAACATCGTCATCGG,TAGCATGAGAAACATCATTATGG
GTGGAAGACCTTCGCCACTGAGG,GTGAAGTTCCTCGCCACTGTCGC
GACATGGGAAACATCGTCATCGG,TGGCAGGTGATACATCGTGATAG
GACATGGGAAACATCGTCATCGG,TCATGGAAATCATCATCATCAGA
GACATGGGAAACATCGTCATCGG,TCATGGAAATCATCATCATCAGA
GACATGGGAAACATCGTCATCGG,GTGTGGTAAACCTCGTCATGGGT
GACATGGGAAACATCGTCATCGG,ATGAATGGAAAGCATCGTCATTC
GACATGGGAAACATCGTCATCGG,ATCCAAGGGAAACATAGTCATTG
GACATGGGAAACATCGTCATCGG,GAATGGGAAAAGTCATCATTAGG
GACATGGGAAACATCGTCATCGG,AGATGGGAAGGATCGTCATAGGA
GACATGGGAAACATCGTCATCGG,GAACGCGGGAAACATCGTCATCA
GACATGGGAAACATCGTCATCGG,GCATGCCAAACAACGTAATGGGC
GACATGGGAAACATCGTCATCGG,TGATATGTGAAATATCGTCATAG
GACATGGGAAACATCGTCATCGG,GCATAAGAAACATCGCCAAGGGC
GTGGAAGACCTTCGCCACTGAGG,TCTGGAACACCTGCGCCACTGTG
GTGGAAGACCTTCGCCACTGAGG,GTGAAGAACTTAGCCACTGTGAA
GTGGAAGACCTTCGCCACTGAGG,GGAGAGAGCTTCACCACTGCTGC
GTGGAAGACCTTCGCCACTGAGG,CGGAGAAGTCCTTCGCCAGCGTG
GTGGAAGACCTTCGCCACTGAGG,AGGGGAAGAACATCGTCACAGTG
AGAGCTGCGGAATGGTGACAAGG,CGGAGCTGGGGACTGAAGACACA
AGAGCTGCGGAATGGTGACAAGG,GAGCTGCGCAATGGTGAACAGGA
GAAGGAAATGTTTCCTATTGAGG,GAGCAAATGTTTACAAGTGTGGA
TGTACATGCTCCTGGTTAAATGG,GTTCAGGCTGCTGGTTTAATGGC
TGTACATGCTCCTGGTTAAATGG,GTACATGTTTGTGCTTAAAGGGT
TGTACATGCTCCTGGTTAAATGG,GTACAAGCTCCTGCTAAAATAGG
TGTACATGCTCCTGGTTAAATGG,GTACATACTGTTGGTTAAACAGT
TGTACATGCTCCTGGTTAAATGG,GTTCATGCTTCCGGATAAAAAGC
TGTACATGCTCCTGGTTAAATGG,GAACATGCTGCCGGTTAAACAGC
TGTACATGCTCCTGGTTAAATGG,GGATACATTTTCCTGGTTAAGAC
TGTACATGCTCCTGGTTAAATGG,TGGGATATGTTCTTGGTTAAAAA
TGTACATGCTCCTGGTTAAATGG,TTGTACATGCACATGGTTAAAGG
TGTACATGCTCCTGGTTAAATGG,AGTTACATGCTAATGTTTAAATG
AGAGCTGCGGAATGGTGACAAGG,GAGCTGCTGGATGGAGAAACAGG
TGTACATGCTCCTGGTTAAATGG,GTTCAGGCTCCTGCTTTAATGGT
TGTACATGCTCCTGGTTAAATGG,TAGGACATGCTCCTGGATTAAAA
TGTACATGCTCCTGGTTAAATGG,CTACCTGCTCCTGGATAAGTAGT
TGTACATGCTCCTGGTTAAATGG,TGGTATATTCTCCTGGCTAACTG
TGTACATGCTCCTGGTTAAATGG,TGTAACATGGTCCTGGATAAACA
TGTACATGCTCCTGGTTAAATGG,GTACATGCTTGTAGCTAAAAGGA
TGTACATGCTCCTGGTTAAATGG,TGTTACAGGCTACTGGTTAAATA
TGTACATGCTCCTGGTTAAATGG,GTTCAAGCTACTAGTTAAAAAGT
GAAGGAAATGTTTCCTATTGAGG,GCGGAAATGCCTTCTATTGAGGC
GAAGGAAATGTTTCCTATTGAGG,TGAAAAAAATATTTCCTATTGTA
GAAGGAAATGTTTCCTATTGAGG,AGGAAGAAACTTTTCCAATTGGA
GAAGGAAATGTTTCCTATTGAGG,CATGAAATGCTTCCTATTGCGGG
GAAGGAAATGTTTCCTATTGAGG,CGGAGGACATCTTTTCCATTGAG
GAAGGAAATGTTTCCTATTGAGG,GAGCAAATATTTACTAGTGTGGA
GAAGGAAATGTTTCCTATTGAGG,AGAGGGAGATGTTTCCTATGGAG
GAAGGAAATGTTTCCTATTGAGG,CAGAAAATGTTTCCAATTTCAGA
GAAGGAAATGTTTCCTATTGAGG,TGGAAGCAATGTTGCCTATTATG
GAAGGAAATGTTTCCTATTGAGG,ATGAAGCAATGTTTCCTATGGAG
GAAGGAAATGTTTCCTATTGAGG,AAGAGAAAATGTTCCCTGTTGTG
GAAGGAAATGTTTCCTATTGAGG,GAGGAATCGCTTCCTACTGTGGT
GAAGGAAATGTTTCCTATTGAGG,AGAGAGAAATGTTTCCTATTACA
GAAGGAAATGTTTCCTATTGAGG,GAGGAGATTTTTCATATTGAGGA
GAAGGAAATGTTTCCTATTGAGG,AAAGAAATGTTTCATATTTGGGT
GAAGGAAATGTTTCCTATTGAGG,GAGGAAATTATTCATATTGTGGG
GAAGGAAATGTTTCCTATTGAGG,GAGGAATTGTTTACAATTGTGGA
GAAGGAAATGTTTCCTATTGAGG,ATGAGCACATGGTTCCTATTGAG
GAAGGAAATGTTTCCTATTGAGG,CACAGAAAATGTTTCCTATTGCA
GAAGGAAATGTTTCCTATTGAGG,AGGTGCAAATGTTTCCTATTGTA
GAAGGAAATGTTTCCTATTGAGG,TTCAGGAAATGTGTCCTACTGGG
TGTACATGCTCCTGGTTAAATGG,GTACATGTTTGTAGTTAAAGGGT
TGTACATGCTCCTGGTTAAATGG,TTACATGCACATGGTTAAAGAGA
TGTACATGCTCCTGGTTAAATGG,TAGGACATGTTCCTGGATAAACA
GCAGGTTCCTCGACTGGTAAAGG,GTAGTTCCTCCACTGGTAATGAT
GCAGGTTCCTCGACTGGTAAAGG,ATGTAGTTCCTCCACTGGTAATG
GCAGGTTCCTCGACTGGTAAAGG,GACGTCCCTTGACTGCTAAAGGG
GCAGGTTCCTCGACTGGTAAAGG,GGGATGTTCATCCACTGGAAACA
GCAGGTTCCTCGACTGGTAAAGG,GTAAGGATCCTCGACTAGTAAAT
GCAGGTTCCTCGACTGGTAAAGG,TAGGTTCCTCTCCTGGTATTGGG
GCAGGTTCCTCGACTGGTAAAGG,GAGCTTCATCGACTGGTCCAGGG
GCAGGTTCCTCGACTGGTAAAGG,GAGCTTCATCGACTGGTCCAGGG
GCAGGTTCCTCGACTGGTAAAGG,AAGATTCCTCCACTGGGAACAGC
GCAGGTTCCTCGACTGGTAAAGG,GAGGTTTGTCAGCTGGTAAGCGT
GCAGGTTCCTCGACTGGTAAAGG,GAGGTGCCTCGACTGCTAAAAGC
GCAGGTTCCTCGACTGGTAAAGG,CAGGTTCCTCGACTGGCATAAGA
GCAGGTTCCTCGACTGGTAAAGG,AAGGTTCCTCGACTGCTGGTGGC
GCAGGTTCCTCGACTGGTAAAGG,GATGTTTCTAGACTAGTAAGAGC
GCAGGTTCCTCGACTGGTAAAGG,GAGGCTCATCAAATGGTAAAAGT
GCAGGTTCCTCGACTGGTAAAGG,TGGAGATTACTCAACTGGTTAAA
GCAGGTTCCTCGACTGGTAAAGG,AAGGTTCCATGACTGGTAAAGGT
GCAGGTTCCTCGACTGGTAAAGG,GAGGTTCCATGACTGGTAAAGGT
GCAGGTTCCTCGACTGGTAAAGG,GAGGTTTTTCGGCTGGAAACGAT
GCAGGTTCCTCGACTGGTAAAGG,TGGAGGTTCTTCGAATGGCATCA
TGTACATGCTCCTGGTTAAATGG,GAACATGATCATGATTAAATAGT
GCAGGTTCCTCGACTGGTAAAGG,GAGGCTCATCAAATGGTAATGAT
TGTACATGCTCCTGGTTAAATGG,TGGTTGATGCTCCTAGTTAGATG
TGTACATGCTCCTGGTTAAATGG,AGGAACATTCTCCTTATTAAAAG
TGTACATGCTCCTGGTTAAATGG,GTACCTGTTAGTGGTTAAATGGT
TGTACATGCTCCTGGTTAAATGG,GTGTACATGCTCCTCAGTAAAGG
TGTACATGCTCCTGGTTAAATGG,GCACATTTTACTGGTTAAAGGGG
TGTACATGCTCCTGGTTAAATGG,GTACCTTCTCCAGGTTAAAAGGA
TGTACATGCTCCTGGTTAAATGG,GCACAAGCTCCAGGTCAAAGGGC
TGTACATGCTCCTGGTTAAATGG,TTGTACATAGTCATGGTTAAAGG
GCAGGTTCCTCGACTGGTAAAGG,TGGAGGATCCCAGACTGGAAAGT
GCAGGTTCCTCGACTGGTAAAGG,TAGAGGTCCATCGACTGGTAACG
GCAGGTTCCTCGACTGGTAAAGG,AGGAAGTTTCCAGACTGGTAAAT
GCAGGTTCCTCGACTGGTAAAGG,GAGGTCATTCAACTGGTAAATGT
GCAGGTTCCTCGACTGGTAAAGG,TGGCGGTTCCTCTGCTGGTTAAA
GCAGGTTCCTCGACTGGTAAAGG,GAATGTCCTCTACTGGTAAAAGC
GCAGGTTCCTCGACTGGTAAAGG,AGTGTACAGTGTGCTGTAGTGCA
GCAGGTTCCTCGACTGGTAAAGG,TGGAGGTTCATCGACTGATGGCG
GCAGGTTCCTCGACTGGTAAAGG,GGGAGGTTCATCTGTTGGTAAAC
CGCGTGGAGCACGGCGAGGAGGG,AGACGAGGAGTACGGAGAGGACG
CGCTGATCTGGGCGAAGCGTGGG,TGGAGGGTCTGGCCGAAGCGTCG
CGCGTGGAGCACGGCGAGGAGGG,CGGGCTGAAGCTCGGCGAGGAAG
AGTGCACTGTAATGAGGAGACGG,GTGCACAATAACGTGGAGACGGA
GGTCTTGCAGGAGCTGCACACGG,GTCCTGGCTGAGCTGCACAAGGG
GGTCTTGCAGGAGCTGCACACGG,ATCTTCGAAGAGCTGCACACGGA
GGTCTTGCAGGAGCTGCACACGG,CTGTCTATCAGGAGCTGCACAGG
AGTGCACTGTAATGAGGAGACGG,GTGCACTGTGATGCAGACACGGA
AGTGCACTGTAATGAGGAGACGG,GTGCACTGTGATGCAGACACGGA
AGTGCACTGTAATGAGGAGACGG,AAATACACTGTAATGAGGACACA
AGTGCACTGTAATGAGGAGACGG,TGGGACACAGAAATGAGGAGAAA
AGTGCACTGTAATGAGGAGACGG,ATGTGCATTCTAATGAGGAAAAA
AGTGCACTGTAATGAGGAGACGG,ACTTGCACTGTAAAGAAGAGATA
CGCGTGGAGCACGGCGAGGAGGG,AGGCGTGGAGCAATGCGAGCGAG
AGTGCACTGTAATGAGGAGACGG,CTGCCCTGTAATGAAGAGAAAGT
AGTGCACTGTAATGAGGAGACGG,GGGCACTGTAAAGAGGAGAAAGT
AGTGCACTGTAATGAGGAGACGG,CGGTGCACTGCAATGCAGATAAG
AGTGCACTGTAATGAGGAGACGG,GTGCACTGTAATGAAGACAGAGT
AGTGCACTGTAATGAGGAGACGG,GTGCACTGTAATGCAGACATGGA
AGTGCACTGTAATGAGGAGACGG,GTGCACTGTGATGCAGATAGGGA
AGTGCACTGTAATGAGGAGACGG,TGGTGTACAGCAATGAGGACAGG
AGTGCACTGTAATGAGGAGACGG,GAGTTCACTGTAATCAAGAGAAG
GGTCTTGCAGGAGCTGCACACGG,GTCTTGGATGAGCTGCTCAGGGG
GGTCTTGCAGGAGCTGCACACGG,TGTGTGACGTTTATAAAATCATC
GGTCTTGCAGGAGCTGCACACGG,TTCCTGCAGGAGCTGCGCAGGGC
GGTCTTGCAGGAGCTGCACACGG,GTCTTGGAGGAACTGCTCGAGGC
GGTCTTGCAGGAGCTGCACACGG,CGGTCCTGCGGGAGCTGTCCACG
GGTCTTGCAGGAGCTGCACACGG,CTGTCTTGCAGGTTCTGCACTTG
GGTCTTGCAGGAGCTGCACACGG,GTCTTGGATGAACTGCTCAGAGT
GGTCTTGCAGGAGCTGCACACGG,ATCTTGAAGGAGCTGCAGAAGGT
GGTCTTGCAGGAGCTGCACACGG,GTATTACAGGAGCTGCTCGAAGT
GGTCTTGCAGGAGCTGCACACGG,GCTCTGCAGGAGCTGCACAGAGA
GGTCTTGCAGGAGCTGCACACGG,TTCTTTCAGCAGCAGCACAAGGC
GGTCTTGCAGGAGCTGCACACGG,TGATTTTGCAAGAGCAGCACAAA
GGTCTTGCAGGAGCTGCACACGG,GTGTCCTACAGGAGCTGCGCACA
GGTCTTGCAGGAGCTGCACACGG,CTGTCCGGCAGGGGCTGCACAGA
GGTCTTGCAGGAGCTGCACACGG,GTCCTGCTGGAGCTGCACCGGGC
GGTCTTGCAGGAGCTGCACACGG,GTCTAGGAGGAGCTGCACATAGA
GGTCTTGCAGGAGCTGCACACGG,TTCCGGCAGCAGCTGCACAGGGG
GGTCTTGCAGGAGCTGCACACGG,ACGTCCTGCAGGAGCTGCACCAG
GGTCTTGCAGGAGCTGCACACGG,CTCCTGGAGGACCTGCACACGGT
GGTCTTGCAGGAGCTGCACACGG,GTCCTGGAGGGCCTGCACAGGGG
GGTCTTGCAGGAGCTGCACACGG,ATCTGACAGCAGCTGCACAAGGG
AGTGCACTGTAATGAGGAGACGG,CTGCACAATCATGAGGAGAGGGG
AGTGCACTGTAATGAGGAGACGG,GGCTGCATTGTAATGAAGAGAGA
AGTGCACTGTAATGAGGAGACGG,GTGCACCGTAATGGGCAGACGGC
GTGACATCAAGTCCCGAGGGAGG,GCACATCATGTCACGAGGGTTGC
GTGACATCAAGTCCCGAGGGAGG,AGACATCAAATGCCAAGGGTTGT
GTGACATCAAGTCCCGAGGGAGG,GGGCACCAACTCCGGAGGGGGGT
GTGACATCAAGTCCCGAGGGAGG,TGGGACATATAGTCTCGACGGAG
GTGACATCAAGTCCCGAGGGAGG,TGGGAAATCAGGCCACGAGGGGC
GTGACATCAAGTCCCGAGGGAGG,GGACGTGAAGCCCCGAAGGCTGT
GTGACATCAAGTCCCGAGGGAGG,GCACATCGAGTCCCGATGGCGAT
GTGACATCAAGTCCCGAGGGAGG,GGACATGAGGGCCTGAGGGAGGT
GTGACATCAAGTCCCGAGGGAGG,GCTCATCAAGTCCAGAGGAAAGT
GTGACATCAAGTCCCGAGGGAGG,AGGGACATGAAGCCCAGAGGAGC
GTGACATCAAGTCCCGAGGGAGG,GGACGTCAAGTGCAGAGAGAGGC
GTGACATCAAGTCCCGAGGGAGG,AAGGACATCAAGTCCAGATCGCA
GTGACATCAAGTCCCGAGGGAGG,TGGGAAATGAAATCACGAGGGAA
GTGACATCAAGTCCCGAGGGAGG,GTACATAAAGTCCAGAGGGGGGA
GTGACATCAAGTCCCGAGGGAGG,GGACATATAGTCTCGACGGAGGA
GTGACATCAAGTCCCGAGGGAGG,TGGGACATATAGTCTCGACGGAG
GTGACATCAAGTCCCGAGGGAGG,TGGGACATATAGTCTCGATGGAG
AGGGAGGGATGTGTTCGACATGG,GGGAGGGGTGTGTTTGACTCAGA
GTGACATCAAGTCCCGAGGGAGG,AAGGTCATCAAGTCACAAGGGAG
GTGACATCAAGTCCCGAGGGAGG,CAGGACATGAAGTCCAGAGAGGT
AGTGCACTGTAATGAGGAGACGG,GAGCACTGTAAAGGGGTGAAGGA
GTGACATCAAGTCCCGAGGGAGG,GGACTTCAATGCCCGAGTGGTGT
AGTGCACTGTAATGAGGAGACGG,CTGCTGAGTAATGAGGAGAGGGG
AGTGCACTGTAATGAGGAGACGG,TCGTGCACTGTAACAAGGACATG
AGTGCACTGTAATGAGGAGACGG,AGATGTACTGTAAAGAGGAGTGG
AGTGCACTGTAATGAGGAGACGG,TGGTACACTGTAGCGAGGACAAG
AGTGCACTGTAATGAGGAGACGG,CAGTGCAAGGTAATGAGGTGAGG
AGTGCACTGTAATGAGGAGACGG,GTGCACTGTGAAGAAGATAAGGA
AGTGCACTGTAATGAGGAGACGG,GTGCACTGTCATAAAGAGATGGA
AGTGCACTGTAATGAGGAGACGG,CAGTGTAATGTAATGAGGAAAGG
AGTGCACTGTAATGAGGAGACGG,CTGTAAACTGTGATGAGGAGATG
AGTGCACTGTAATGAGGAGACGG,GTAAACTGTGATGAGGAGATGGC
AGTGCACTGTAATGAGGAGACGG,TTGCCGTACCTCTGTGATTCGGC
GTGACATCAAGTCCCGAGGGAGG,GGACATCAGATCCCGGGAGATGC
GTGACATCAAGTCCCGAGGGAGG,GCGGACATCAAGTGCTGAGGCTG
GTGACATCAAGTCCCGAGGGAGG,GGAAATTAAGTCCAGAGGTCTGA
GTGACATCAAGTCCCGAGGGAGG,GCACCTCAAGGCCCGAGGGTTGT
GTGACATCAAGTCCCGAGGGAGG,GTACATCTAGTCCTGATGGCAGT
GTGACATCAAGTCCCGAGGGAGG,GGACAGGAAGTAACGAGGGAGAT
GGTCTTGCAGGAGCTGCACACGG,ACGTCTTCCAGAAGCTGCATAAA
GGTCTTGCAGGAGCTGCACACGG,AAATGTTTCAGGAGCTGCACAGA
GGTCTTGCAGGAGCTGCACACGG,CTCTTGCAGGACTTGCACAAAGC
GTCTCCTGCTAAATTCCGAAAGG,TCGGTCCTGCTAAATTCCCCAGG
GTCTCCTGCTAAATTCCGAAAGG,GCTTCTGCTAAATACTGAACAGA
GTCTCCTGCTAAATTCCGAAAGG,CCTCCTGCCACATTCCCAAAGGA
GTCTCCTGCTAAATTCCGAAAGG,ATGCTCCTACTAAATTTCTAAGA
GTCTCCTGCTAAATTCCGAAAGG,GCTCCTGTCAAATTCTGAATAGC
GTCTCCTGCTAAATTCCGAAAGG,CTGCTCCTGCAAAAATCTGAACA
GTCTCCTGCTAAATTCCGAAAGG,TGCCTCCTGCTCAGTTCTGAAAG
GTCTCCTGCTAAATTCCGAAAGG,AGGCTCCTGCAGTATTCAGAATG
GTCTCCTGCTAAATTCCGAAAGG,GCTCCTGATAATATCCGAAGGGG
GAGAGAGTCAGGTGAGCGAGGGG,GGAGAGCGAGATAAGCGAGCAGG
GAGAGAGTCAGGTGAGCGAGGGG,GGAAAGTCATGTGAGCATGGGGA
GAGAGAGTCAGGTGAGCGAGGGG,GGAGAGTTGTGTGAGCAAGGGGT
GAGAGAGTCAGGTGAGCGAGGGG,GGAGAGGCAGGCGGGCGGGCGGG
GAGAGAGTCAGGTGAGCGAGGGG,GGGGACACTCATGTGAGCAAGGG
GAGAGAGTCAGGTGAGCGAGGGG,TTCTGTACAATCTCAGACCTATT
GAGAGAGTCAGGTGAGCGAGGGG,AAGGAGAGTCAGGTGAACAAATA
GAGAGAGTCAGGTGAGCGAGGGG,GGAGAGTCAGGTGAACAAATAGA
GAGAGAGTCAGGTGAGCGAGGGG,CGGGACAGTGAGGAGAGAGAGAG
GTCTCCTGCTAAATTCCGAAAGG,ACTCCTGCTCAATCCTGAAAGGT
GTCTCCTGCTAAATTCCGAAAGG,AGCCTTCTGCTACTTTCCGAAAG
GAGAGAGTCAGGTGAGCGAGGGG,GGGGTCTCAGGTGAGCGTGTGGA
GTCTCCTGCTAAATTCCGAAAGG,TGTGTCCTGCTAAATTCCAATTA
GTCTCCTGCTAAATTCCGAAAGG,TCCCTCCTGGTAAATTCCGATCC
GTCTCCTGCTAAATTCCGAAAGG,GCTCCTGCCAAATTTCCAATAGT
GTCTCCTGCTAAATTCCGAAAGG,GCTCCTGCCAAATTTCCAATAGT
GTCTCCTGCTAAATTCCGAAAGG,GCTCCTGCCAAATTTCCAATAGT
GTCTCCTGCTAAATTCCGAAAGG,GTGCTCCTGCCAAATTTCCAATA
GTCTCCTGCTAAATTCCGAAAGG,TGTCTCCTGCTGTATACCGAACA
GTCTCCTGCTAAATTCCGAAAGG,GCGGTCCTGCAAAATTCCTAAAC
GTCTCCTGCTAAATTCCGAAAGG,GACCTCCTGCTAATTTCCCAACA
GTCTCCTGCTAAATTCCGAAAGG,GGTCCTGCTGAAATCTGAAGAGC
GTCTCCTGCTAAATTCCGAAAGG,GCTCCAGTTACATTCAGAATAGA
GTCTCCTGCTAAATTCCGAAAGG,GCTCCAGTTACATTCAGAATAGA
GTCTCCTGCTAAATTCCGAAAGG,GCTCCAGTTACATTCAGAATAGA
GTCTCCTGCTAAATTCCGAAAGG,CAGCTCCTTCTGAATTCCGAATG
GTCTCCTGCTAAATTCCGAAAGG,TGGCTCCTATTACATTCAGAATA
GTCTCCTGCTAAATTCCGAAAGG,GCTCCTGCCAAATTTCTAATAGT
GTCTCCTGCTAAATTCCGAAAGG,GCTCCTGCCAAATTTCAAATAGA
GTCTCCTGCTAAATTCCGAAAGG,GCCCCAGCTAAATTCACAACAGT
GAGAGAGTCAGGTGAGCGAGGGG,GGAGAAAAAGGTGAGCGAGGAGC
GAGAGAGTCAGGTGAGCGAGGGG,CGTGAGAGGAAGGTGAGCGACAG
GGTCTTGCAGGAGCTGCACACGG,TGGTCATGCAGGACCTGCACAGA
CGCTGATCTGGGCGAAGCGTGGG,GCTCATCTGGGAAAAGAGTGAGG
CGCTGATCTGGGCGAAGCGTGGG,CGGCTGAACTGTGCGAAAAGTGA
CGCTGATCTGGGCGAAGCGTGGG,GCTGCTCTGGATGAAGCGGTGGG
CGCTGATCTGGGCGAAGCGTGGG,AAGCTGATTTGAGCAAAGCGTTC
CGCTGATCTGGGCGAAGCGTGGG,GGGGTGATCTGGACAAAGCATCA
CGCTGATCTGGGCGAAGCGTGGG,GCTGATTTGGGTGAGGCTTTGGG
CGCTGATCTGGGCGAAGCGTGGG,ACTAATCTGGGCGAAGCAGTGGC
CGCTGATCTGGGCGAAGCGTGGG,GCTGTTCTGGATGCAGCGTAGGG
CGCTGATCTGGGCGAAGCGTGGG,GGGCTGATTTGTGTGAAGCGATG
CGCTGATCTGGGCGAAGCGTGGG,TGGCTGAGCGGGGTGGAGCGTAG
CGCTGATCTGGGCGAAGCGTGGG,TCTCTGACCTGGGCGAAGTGTGG
CGCTGATCTGGGCGAAGCGTGGG,TCTCTGACCTGGGCGAAGTGTGG
CGCTGATCTGGGCGAAGCGTGGG,TCTGACCTGGGCGAAGTGTGGGC
CGCTGATCTGGGCGAAGCGTGGG,TCTGACCTGGGCGAAGTGTGGGC
CGCTGATCTGGGCGAAGCGTGGG,TCTGACCTGGGCGAAGTGTGGGC
GTGGAAGACCTTCGCCACTGAGG,GGTAAGACATCTGCCACTGTGGG
GGTCTTGCAGGAGCTGCACACGG,TGGTCTCGCAGGAACAACACACC
GGTCTTGCAGGAGCTGCACACGG,GTCCATCAGGAGCTGCACAGCGT
CGCTGATCTGGGCGAAGCGTGGG,ACTGATCGGGGGGAAGCGAGGGC
CGCTGATCTGGGCGAAGCGTGGG,GTGGATCTGGATGAAGCGTTCGG
GAGAGAGTCAGGTGAGCGAGGGG,TGGAAGATTCAGGAGAGCTAGAG
CGCTGATCTGGGCGAAGCGTGGG,AGGCTGATCGGGGAGGAGCGGGG
GAGAGAGTCAGGTGAGCGAGGGG,CGGGAAAGACAGGAGAGAGAGCG
GAGAGAGTCAGGTGAGCGAGGGG,TGGGAGTGTGAGGAAAGCGAGTG
GAGAGAGTCAGGTGAGCGAGGGG,TGGGCCAATAAGGTGAGCGAGAG
GAGAGAGTCAGGTGAGCGAGGGG,GGAGGCAGAGGTGAGCGAGCGGC
GAGAGAGTCAGGTGAGCGAGGGG,GCAGAATAAGATGAGCGAGGGGC
GAGAGAGTCAGGTGAGCGAGGGG,GGGGAAACACAGGTGAGCAAGGG
CGCTGATCTGGGCGAAGCGTGGG,TGGCTGGTGTGAGCGAAGCTTAT
CGCTGATCTGGGCGAAGCGTGGG,CCTGATCTGAGTGAAGTGTCTGA
CGCTGATCTGGGCGAAGCGTGGG,GCTAATCAGGGTGAAGCGTTGCC
CGCTGATCTGGGCGAAGCGTGGG,TGGATCATCTGAGCGCAGCGTTG
CGCTGATCTGGGCGAAGCGTGGG,GCTGATCTGGGAGCAGCGACAGG
CGCTGATCTGGGCGAAGCGTGGG,GAGCTCTTCTGGGTGAAGCGTTT
CGCTGATCTGGGCGAAGCGTGGG,AGGGGGATCTGGGCTAAGTGTGA
CGCTGATCTGGGCGAAGCGTGGG,GCAGATCTGGTTGAAGCCTGAGT
CGCTGATCTGGGCGAAGCGTGGG,GCTGATCTGGGGGCAGAGTTGGG
CGCTGATCTGGGCGAAGCGTGGG,TGGCTGATCCGACCGAAGCGACG
CGCTGATCTGGGCGAAGCGTGGG,GTGCTGACCTTGGCGAAGCGGCA
AGGGAGGGATGTGTTCGACATGG,GGGGGAGGGCTGCCTTCGTCAGA
AGGGAGGGATGTGTTCGACATGG,GTAAGAGATGCGTTCGACATGAA
AGGGAGGGATGTGTTCGACATGG,GGGAGTTATGTGTCTGACACGGC
GCGCGCCGGAATGAAAGATATGG,GGCGCGAGAATGAGAGATAAGGC
GCGCGCCGGAATGAAAGATATGG,GGCCCCAAAATGTAAGATAAGGG
GCGCGCCGGAATGAAAGATATGG,ACAGCGCGAGAATGAAAGATAAG
GCGCGCCGGAATGAAAGATATGG,AGCGCGAGAATGAAAGATAAGGC
GCGCGCCGGAATGAAAGATATGG,GCAGCGCCAGAATGAGAGATAAG
GCGCGCCGGAATGAAAGATATGG,AGCGCCAGAATGAGAGATAAGGC
GCGCGCCGGAATGAAAGATATGG,GCAGCGCCAGAATGAGAGATAAG
GCGCGCCGGAATGAAAGATATGG,AGCGCCAGAATGAGAGATAAGGC
GCGCGCCGGAATGAAAGATATGG,AGCGCCAGAATGAGAGATAAGGC
GCGCGCCGGAATGAAAGATATGG,AGCGCCAGAATGAGAGATAAGGC
GCGCGCCGGAATGAAAGATATGG,GCAGCGCCAGAATGAGAGATAAG
GGGTCACCTGATCCGAGCGCTGG,AAAGTGATCTGATCCGAGCGCGG
GGGTCACCTGATCCGAGCGCTGG,AGTGATCTGATCCGAGCGCGGTT
GGGTCACCTGATCCGAGCGCTGG,AAAGTGATCTGATCCGAGCGCGG
GGGTCACCTGATCCGAGCGCTGG,AAAGCCATCTGATCCGAGCGCGG
GGGTCACCTGATCCGAGCGCTGG,AGTGACCCGATCCGAGCGCGGTT
GGGTCACCTGATCCGAGCGCTGG,GGGCACCTGACCTGAGCGCAGCC
GGGTCACCTGATCCGAGCGCTGG,GGGGTGACCCGATCCGACCGACC
GCGCGCCGGAATGAAAGATATGG,TGGGTGCCAGAATTAAAAATATG
GCGCGCCGGAATGAAAGATATGG,TGTGCGCGCGAATGAAAGATAGG
GGGTCACCTGATCCGAGCGCTGG,GGAGGCACCTGGTCCGAGCGCCG
GCGCGCCGGAATGAAAGATATGG,GGAGACAGAAAGAAAGATAGAGG
AGCGTCACATTGCATGTGCTTGG,TGGTGTAACATTACATGTGCTAG
GCGCGCCGGAATGAAAGATATGG,GGTGCCGGAATAAAAAATAAGAA
GCGCGCCGGAATGAAAGATATGG,CTGGAGCTGGAATGACAGATAAA
GCGCGCCGGAATGAAAGATATGG,AGCGCGCAGGAATGGTAGATATG
GCGCGCCGGAATGAAAGATATGG,AGTACGCCCGAATGAGAGATAGA
GCGCGCCGGAATGAAAGATATGG,TGTGCGCACGAATGAGAGATAGA
GCGCGCCGGAATGAAAGATATGG,ATGTCGCCGGAATGATAGTTACG
GCGCGCCGGAATGAAAGATATGG,TGCGCGGCGAAATGAAAAATAAA
GCGCGCCGGAATGAAAGATATGG,GGGGTGCCGGAAAATAAGATAAA
GCGCGCCGGAATGAAAGATATGG,GGAGCAGGAATGAAACATTTGGG
GCGCGCCGGAATGAAAGATATGG,CGAGCGCAGGTGTGAAAGATAGA
GCGCGCCGGAATGAAAGATATGG,GCAGCGCCAGAATGAGAGATAAA
GCGCGCCGGAATGAAAGATATGG,AGCGCAAGAATGAAAGATAAAGC
GCGCGCCGGAATGAAAGATATGG,TGCGCGCGAATGAGAGATAGGGA
GCGCGCCGGAATGAAAGATATGG,GGCGTCTGAATGCAAGATACGGT
GCGCGCCGGAATGAAAGATATGG,AGTGGGCCAGACTGAAAGATACG
GCGCGCCGGAATGAAAGATATGG,AAGGCGCCGAAATGGAAGATTTG
GGGTCACCTGATCCGAGCGCTGG,TGGAACACATTATCCGAGCGCGT
GGGTCACCTGATCCGAGCGCTGG,CGTCACCTGTTCCGAGAGTAAGT
AGCGTCACATTGCATGTGCTTGG,GCATCACATTTCATGTGCTTGGG
CGCGTGGAGCACGGCGAGGAGGG,GGGCGTGGAGCTCTGCGAGCATG
CGCGTGGAGCACGGCGAGGAGGG,GCGTGGAGCTCCACGAGCATGGG
CGCGTGGAGCACGGCGAGGAGGG,GCGTGGAGCACCGCGAGCAAAGG
CGCGTGGAGCACGGCGAGGAGGG,GCATGGAGCACCGCGAGCAGAGG
CGCGTGGAGCACGGCGAGGAGGG,ATGTGGAGCACTGCGAGGAAAGG
CGCGTGGAGCACGGCGAGGAGGG,CGGCGTGGAGCGAGGAGAGCAGG
CGCGTGGAGCACGGCGAGGAGGG,AGGCGTAGAGGACGGCGGGAACG
CGCGTGGAGCACGGCGAGGAGGG,GCGTGTAGCGCTGCGAGCAGGGA
CGCGTGGAGCACGGCGAGGAGGG,AGACATGGAGCAGGGCGAGGTGA
CGCGTGGAGCACGGCGAGGAGGG,GCGTGGAGCTCCGCGAGCAAGGG
CGCGTGGAGCACGGCGAGGAGGG,GCGTGGAGCTCCGCGAGCACGGG
CGCGTGGAGCACGGCGAGGAGGG,GGGCGTGGAGCTCCGCGAGCATG
CGCGTGGAGCACGGCGAGGAGGG,GGCCGTGGAGCTCCGCGAGTATG
CGCGTGGAGCACGGCGAGGAGGG,TTTGTTTCAAACAGATTACAAAA
CGCGTGGAGCACGGCGAGGAGGG,ACATGGAGGACGGAGAGGATGGA
CGCGTGGAGCACGGCGAGGAGGG,GGGCGTGGAGCTCTGCGAGAATG
CGCGTGGAGCACGGCGAGGAGGG,GTTCATGGAGCAGGGCGAGGACA
CGCGTGGAGCACGGCGAGGAGGG,GTGCGTGGAGAGCGGCGACGAGA
CGCGTGGAGCACGGCGAGGAGGG,GCGTGGATCACTGCGAGGAGAGG
GGGTCACCTGATCCGAGCGCTGG,GATCATGTGATCCGAGCGCTGGA
GGGTCACCTGATCCGAGCGCTGG,CGAATGACGTGATCCGAGCGCAT
GGGTCACCTGATCCGAGCGCTGG,AGAACCACCTGATCCGAGCTCAG
GGGTCACCTGATCCGAGCGCTGG,CTGGTCACCTGCTGTGAGCGCCA
GGGTCACCTGATCCGAGCGCTGG,TAGCACCTGATACGAGCGCACGA
GGGTCACCTGATCCGAGCGCTGG,TAGGTCAGCTGATCAGAACGCAC
GGGTCACCTGATCCGAGCGCTGG,GGTCACGTGACCCGAGAGGAGGG
GGGTCACCTGATCCGAGCGCTGG,AGGGTCACCAGACCCAAGCGAGG
GGGTCACCTGATCCGAGCGCTGG,AGGATGACATCATCCGAGCGCAA
GGGTCACCTGATCCGAGCGCTGG,TGCATAACCTGCTCCGAGCGCCA
GGGTCACCTGATCCGAGCGCTGG,AGCGTCACATCATCCGAGCACGA
GGGTCACCTGATCCGAGCGCTGG,AGTCTCCTCATTCGAGCGCGAGT
GGGTCACCTGATCCGAGCGCTGG,AGCGTCACATGAGCCCAGCGCAG
GGGTCACCTGATCCGAGCGCTGG,GGGGTCACCTGCCCTGACCGCAG
GGGTCACCTGATCCGAGCGCTGG,TGGTTCAGCTTATCAGAGCGCCG
GGGTCACCTGATCCGAGCGCTGG,TAGGTCAGCTGATTCGAACGCAA
GGGTCACCTGATCCGAGCGCTGG,CGTCTGCTGCTCCGAGCGCTGGT
GGGTCACCTGATCCGAGCGCTGG,CGGGGCTCCTGATCAGAGCTCGG
GGGTCACCTGATCCGAGCGCTGG,GGTCACATGGTTCGAGCCCCGGC
GGGTCACCTGATCCGAGCGCTGG,AAGGTCGCCTGATTCGAGCCCTG
AGCGTCACATTGCATGTGCTTGG,AAGTTACATTGCATGTGTTTGGC
AGCGTCACATTGCATGTGCTTGG,CGGCGCCGCACTGCATGTCCTTG
AGGGAGGGATGTGTTCGACATGG,AGAGGAAGCCTGTGTTCGACATC
AGGGAGGGATGTGTTCGACATGG,GAGAGGGAAGGGTTCAACAAAGA
AGGGAGGGATGTGTTCGACATGG,TGGGGGAGGAGGTGTTAGACAGA
AGGGAGGGATGTGTTCGACATGG,TTGGGATTGAGGTGTTCGACAAG
AGGGAGGGATGTGTTCGACATGG,GGGAGAGGTGTGTTTGACAGGGT
AGGGAGGGATGTGTTCGACATGG,GGGAGAGGTGTGTTCGTCATGGA
GCAAGTCAGGTCTGTCTCAGAGG,ATGAAGTCATGTCTGTTTCAGCA
GCAAGTCAGGTCTGTCTCAGAGG,GGGGAGTCAGATTTGTCTAAGCA
GCAAGTCAGGTCTGTCTCAGAGG,GGGGAGTCAGATTTGTCTAAGGA
GCAAGTCAGGTCTGTCTCAGAGG,GGAGTCAGATTTGTCTCTGGAGT
GCAAGTCAGGTCTGTCTCAGAGG,GAGTTCAGGTCTCTCTCTGGGGT
GCAAGTCAGGTCTGTCTCAGAGG,GAAGACATTTCTGTCGCAGTGGT
GCAAGTCAGGTCTGTCTCAGAGG,AAGAAGTCCGGTGTGTCTCAGTA
GCAAGTCAGGTCTGTCTCAGAGG,CGAAAGTCAGCTCTGTCACAGGA
GCAAGTCAGGTCTGTCTCAGAGG,GGGATGTCAGGTCTGTTTTGGGG
GCAAGTCAGGTCTGTCTCAGAGG,GGGAAAACAGATCGGTCTCAGGA
GCAAGTCAGGTCTGTCTCAGAGG,GAGGTCAGGTCTGTGTCTGTGGA
GCAAGTCAGGTCTGTCTCAGAGG,TGTAAATCAGAGCTGTCTCAGAA
GCAAGTCAGGTCTGTCTCAGAGG,CAAATCTGGTCTGTCTCAGCAGG
AGGGAGGGATGTGTTCGACATGG,GAGGGAGGGTTGTGTTGGACAAG
AGGGAGGGATGTGTTCGACATGG,GGGATGGATGTATTTGGCATGGT
GCAAGTCAGGTCTGTCTCAGAGG,GAAGACTGGTCTGTCCCAGGAGC
AGGGAGGGATGTGTTCGACATGG,GGGGGCTATGTGTTCAACACAGA
AGGGAGGGATGTGTTCGACATGG,GGGTGGGATGTGTTAAACAACGA
AGGGAGGGATGTGTTCGACATGG,AGGGGGGGGTGGTGTTCGACTGA
AGGGAGGGATGTGTTCGACATGG,TGGCAACGGCTGTGTTCGACATA
AGGGAGGGATGTGTTCGACATGG,GGGGGGGGGGTGTATTTGACAAA
AGGGAGGGATGTGTTCGACATGG,TGGAGAGACATGTTCGACATCGC
AGGGAGGGATGTGTTCGACATGG,GGAAGGGGTGTGTTTGACGGAGA
AGGGAGGGATGTGTTCGACATGG,ACGGAAGGGAGGTGTTCGTCAGA
AGGGAGGGATGTGTTCGACATGG,ACGGAAGGGAGGTGTTCGTCAGA
AGGGAGGGATGTGTTCGACATGG,CGGGGAGGCACCTGTTTGACACG
AGGGAGGGATGTGTTCGACATGG,GGGAGGGAAGAGCTCGACACAGC
AGGGAGGGATGTGTTCGACATGG,AGGGAAGGGATGCATTCCACAGA
AGGGAGGGATGTGTTCGACATGG,TGGGGGTGAATGTCTTCGACAGA
AGGGAGGGATGTGTTCGACATGG,GGGAGGGAAAGGATCGACATAGG
AGGGAGGGATGTGTTCGACATGG,GGGGGGGATGAGTTCATCAGAGG
AGGGAGGGATGTGTTCGACATGG,TGGGGGGGGATGAGTTCATCAGA
AGGGAGGGATGTGTTCGACATGG,GGGTTGGTGGTGTTCGACAGGGT
AGGGAGGGATGTGTTCGACATGG,GGGAGGGATGCGATAGAGAGGGG
GCAAGTCAGGTCTGTCTCAGAGG,CTAGTCAGGCCTGTCTCCGAGGC
GCAAGTCAGGTCTGTCTCAGAGG,GAAGACAGGTCAGTCTCTGCAGG
AGCGTCACATTGCATGTGCTTGG,AGTAGTCACATCGCATGTGTTGG
AGCGTCACATTGCATGTGCTTGG,GCGCGTTATATTGCATGTGCTGG
AGCGTCACATTGCATGTGCTTGG,GCATCACATTTCATATGTTAAGA
AGCGTCACATTGCATGTGCTTGG,AGGCTTCACACTGCATGTCTTTG
AGCGTCACATTGCATGTGCTTGG,TCACCTCACATTGCTTGTGCTGA
AGCGTCACATTGCATGTGCTTGG,GAGTCACTCTGCATGCGCTTAGC
AGCGTCACATTGCATGTGCTTGG,GAGTGACATTGCGTGTGCTAAGA
AGCGTCACATTGCATGTGCTTGG,CGGCATCACATTGTATGTAGTTG
AGCGTCACATTGCATGTGCTTGG,ACTCCACATTGCATGTACTGAGA
AGCGTCACATTGCATGTGCTTGG,GAGCCTCACATTGCCTGTGCATG
AGCGTCACATTGCATGTGCTTGG,TTGGGTCAGATTGCATGTACTAA
AGCGTCACATTGCATGTGCTTGG,ACGTCTGATTGCATGTGCTGAGA
AGCGTCACATTGCATGTGCTTGG,GGGTTTGAGATTGCATGTGCTTG
AGCGTCACATTGCATGTGCTTGG,CGGAGTCATACTGCATGTGCTTA
AGCGTCACATTGCATGTGCTTGG,GCGTAACATTGCATATGTTCAGG
AGCGTCACATTGCATGTGCTTGG,CTGTGTAGCATTGCATGTGCTGA
AGCGTCACATTGCATGTGCTTGG,ACGTTACATTGAATGTGTTTGGA
AGCGTCACATTGCATGTGCTTGG,AGGTGTTACATTTCAAGTGCTAG
AGCGTCACATTGCATGTGCTTGG,GCATCACATTGTTTGTGTTTGGC
AGCGTCACATTGCATGTGCTTGG,AGACATGACATTGCATATGCTGC
AGCGTCACATTGCATGTGCTTGG,GCTCAACATTGCATATGCTGCGA
GCAAGTCAGGTCTGTCTCAGAGG,CGAAAGTCAGATCAGTCTAAGGA
AGCGTCACATTGCATGTGCTTGG,GAATAACATTGCATGTTCTAGAT
GCAAGTCAGGTCTGTCTCAGAGG,GAAATCATGTCTGCCTCAGCGGC
GCAAGTCAGGTCTGTCTCAGAGG,AAACTCAGGTCTGACTCAAGAGT
GCAAGTCAGGTCTGTCTCAGAGG,TGAAAGTCAGATCTGACTCAAGA
GCAAGTCAGGTCTGTCTCAGAGG,GGGTGGTGAGGTTTGTCTCAGAG
GCAAGTCAGGTCTGTCTCAGAGG,AAATTCAGAACTGTCTCAGTGGA
GCAAGTCAGGTCTGTCTCAGAGG,AAAGGCAGGTCTGTCTCACAGGA
GCAAGTCAGGTCTGTCTCAGAGG,TGGAAGTTTGTTCAGTCTCAGTG
GCAAGTCAGGTCTGTCTCAGAGG,CAGATCAGGTCTGTCACAGTGGG
GCAAGTCAGGTCTGTCTCAGAGG,GAAGTCAGTTTTGTATCTGAGGA
GCAAGTCAGGTCTGTCTCAGAGG,TGGAGCTCAGGTCTGTCTTAAAG
GCAAGTCAGGTCTGTCTCAGAGG,GAAGTAAGGTCTAACTCAGGGGT
GCAAGTCAGGTCTGTCTCAGAGG,GAAGACGGTCCTGTCTCAGAGGC
GCAAGTCAGGTCTGTCTCAGAGG,AGGAAGTCAGGAAAGTCTCAGAG
AGCGTCACATTGCATGTGCTTGG,GCATTACATTACATGTGTTTGAA
AGCGTCACATTGCATGTGCTTGG,AGGCGTGAGATTGCTAGTGCTTA
AGCGTCACATTGCATGTGCTTGG,ACGCCACGTTGCATGTCCTGCGA
AGCGTCACATTGCATGTGCTTGG,GCGTCTCAGAGCATGTACTGAGG
GTGGAAGACCTTCGCCACTGAGG,CGGGGAAAACCTACGCGACTACG
GAGGTCTGGGCTCTGCTCTTGGG,AGGGATCAGGGGTCTGTTCTTCG
GTGGAAGACCTTCGCCACTGAGG,TGGGCCAGATCTCCGCCACTGGG
GTTCTGCCTGACCTGTACTTGGG,TGATCTGCCTGACCAATACTCCG
GTTCTGCCTGACCTGTACTTGGG,GTCTGCCTCTCCTGTATATGGGG
GTTCTGCCTGACCTGTACTTGGG,CACAGCCTGACATGTACTTTAGC
GTTCTGCCTGACCTGTACTTGGG,AGGGCAGCCTGGCCTGTGCTTGG
GTTCTGCCTGACCTGTACTTGGG,TGGTTTGCATGTACTGTACTTGA
GTTCTGCCTGACCTGTACTTGGG,TAGTCTGACTGGCTTGTACTTCC
GTTCTGCCTGACCTGTACTTGGG,GGCTGCGGGACCTGTATTTTAGT
GTTCTGCCTGACCTGTACTTGGG,GTCTGCTTAACCTGCACTTGGAA
GTTCTGCCTGACCTGTACTTGGG,CCTTGCCTGACTTGTACTTCAGC
GTTCTGCCTGACCTGTACTTGGG,GTGTGACAGACGTGTACTTCGGA
GTTCTGCCTGACCTGTACTTGGG,GGCTGCCTGAGCTGAATTTGGGG
GTTCTGCCTGACCTGTACTTGGG,GTCTGCCTGGCCTATAATAAAGT
GTTCTGCCTGACCTGTACTTGGG,AGGTATGCCCGGCATGTACTTGA
GTTCTGCCTGACCTGTACTTGGG,CTGTGCATGACCTGAACTTCAGT
GTTCTGCCTGACCTGTACTTGGG,GTCTGCCTGACCAGTCCTTCGGC
GTTCTGCCTGACCTGTACTTGGG,AGCTCTTTCAGACCTGTACTTCA
GTTCTGCCTGACCTGTACTTGGG,CTCTACATGACCTGTACTTAAGC
GTTCTGCCTGACCTGTACTTGGG,CTGTCTGCCTGACCTGCCCTTTG
GTTCTGCCTGACCTGTACTTGGG,TGATCTTCCTCACCTGTAATTTG
GTTCTGCCTGACCTGTACTTGGG,GTGTGCCTGTCCTGTTCTTTGGT
GTTCTGCCTGACCTGTACTTGGG,AAGACTGACTGACATGTACTTGC
GTTCTGCCTGACCTGTACTTGGG,TCCTGCCTGCCTTGTACTTCAGC
GTTCTGCCTGACCTGTACTTGGG,AGTCCTGCCTGCCTTGTACTTCA
GCTGGGCTGGCAGGAGGCTCTGG,GTGGGATGGTGGGAGGTTCAGGC
GCTGGGCTGGCAGGAGGCTCTGG,GGGACGGCTGGCTGGAGACTCAG
GCTGGGCTGGCAGGAGGCTCTGG,CGGCGGCCTTTCAGGAGGCTCGG
GCTGGGCTGGCAGGAGGCTCTGG,GTGGGCTGTCAGGGATCTCAGGC
GCTGGGCTGGCAGGAGGCTCTGG,TGGGTGACTGGCAGAAGGCTCTG
GCTGGGCTGGCAGGAGGCTCTGG,GCGGGTTAGCAGGAGGTTCTGGA
GCTGGGCTGGCAGGAGGCTCTGG,CGGTGAGCGGGTAGAAGGCTCTG
GCTGGGCTGGCAGGAGGCTCTGG,TGGTGGGATGGCTGGAGATTCAG
GCTGGGCTGGCAGGAGGCTCTGG,CAGTGGGCACGCAGCAGGCTCGG
GCTGGGCTGGCAGGAGGCTCTGG,GAGGCCTGTCAGGAGGATCTGGT
GCTGGGCTGGCAGGAGGCTCTGG,GTGGCCGTTCAGGAGGCTCAGGC
GCTGGGCTGGCAGGAGGCTCTGG,ATGGGCCGGCAGCAGGTTCGGGA
GCTGGGCTGGCAGGAGGCTCTGG,GGCAGGGCTGGAGGGAGGCTCTG
GCTGGGCTGGCAGGAGGCTCTGG,TCGTGAGGTGGCAGGAGGCTCAG
GCTGGGCTGGCAGGAGGCTCTGG,TGGTGAGGCGTCAGGAGGCTCTG
GCTGGGCTGGCAGGAGGCTCTGG,GGAAGAGCTGGCAGGAGGCTCAG
GTTCTGCCTGACCTGTACTTGGG,TCCTGCCTGCCTTGTACTTCAGA
GTTCTGCCTGACCTGTACTTGGG,AGATCAGCCTGGGCTGTACTTTG
GTTCTGCCTGACCTGTACTTGGG,ATCTACTTGACCTATACTTAAGG
GCTGGGCTGGCAGGAGGCTCTGG,CGGTGGCCTTTCAGGAGGCCCGG
GTTCCTGACAAATAACCATGGGG,GGGTCCTTCAAAATAAACATGAG
GTTCCTGACAAATAACCATGGGG,GTCCCGGCAAATAACCCTGGGGT
GTTCCTGACAAATAACCATGGGG,AGATTATGACAATTAACCATGAG
GTTCCTGACAAATAACCATGGGG,CTCCAGACAAATAAACATGTAGT
GTTCCTGACAAATAACCATGGGG,TGTTGAGGATCATACGCTGGTTA
GTTCCTGACAAATAACCATGGGG,GTCTTGAGAAATAAAAATGTGGT
GTTCCTGACAAATAACCATGGGG,GTCCTGACAAATAAAAATCTGGA
GTTCCTGACAAATAACCATGGGG,GTCCTGACAAATAAAAATCGGGA
GTTCCTGACAAATAACCATGGGG,CGGTCCAGATAAATACCCATGAG
GTTCCTGACAAATAACCATGGGG,ATGCTGACAGACAACCATGTGGC
GTTCTGCCTGACCTGTACTTGGG,GTCTGCATGGCCAGTACTTTGGA
GTTCCTGACAAATAACCATGGGG,GTTCTCACTAATAACAATGTGGC
GTTCCTGACAAATAACCATGGGG,GATTCGTGACTAATAACCATGCG
GAGGGGCATGTCTAGTTCATTGG,CAGGAGGCATTTCTAGCTCATCT
GAGGGGCATGTCTAGTTCATTGG,GGAGGCTTTTTTAGTTCATTCGA
GAGGGGCATGTCTAGTTCATTGG,CGGGGGACATTTTTAGTTCAGCA
GAGGGGCATGTCTAGTTCATTGG,GGGAACCTGTCTCGTTCATCAGA
GAGGGGCATGTCTAGTTCATTGG,GGGAACCTGTCTCGTTCATCAGA
GAGGGGCATGTCTAGTTCATTGG,CGGGGAACCTGTCTCGTTCATCA
GTTCCTGACAAATAACCATGGGG,GTCCTTACAAATAATCATGAGGA
GTTCCTGACAAATAACCATGGGG,GCCCTGATAAATAACCAAGCGGA
GTTCCTGACAAATAACCATGGGG,TTCCTGATATATAACCTTGTGGT
GTTCCTGACAAATAACCATGGGG,GGGTCCAGGCAAACAGCCATGTA
GTTCTGCCTGACCTGTACTTGGG,AGGTCAGCTTGACTTGTATTTTG
GTTCTGCCTGACCTGTACTTGGG,GTTTGCCTGATCTGTATTTAGGG
GTTCTGCCTGACCTGTACTTGGG,GCGTCTGTCTGAGCTGTACTTAG
GTTCCTGACAAATAACCATGGGG,TGGTCTTGATAGATGACCATGAA
GTTCCTGACAAATAACCATGGGG,TGGCCCTGAAAAACAAGCATGTG
GTTCCTGACAAATAACCATGGGG,GCCCTGACAAATAAACATCTAGG
GTTCCTGACAAATAACCATGGGG,AGGTTCTGTCAAATAATTATGAG
GTTCCTGACAAATAACCATGGGG,CGGCCTTGACAAAGAACCATTTG
GTTCCTGACAAATAACCATGGGG,GTCCTGTCAAATAAACTTGGAGT
GTTCCTGACAAATAACCATGGGG,GGGTCCTAACACAGAACCTTGTG
GTTCCTGACAAATAACCATGGGG,TGTTTCTGACAAGTAGCCATGTA
GTTCCTGACAAATAACCATGGGG,TGACTGACAAATAACCATGCAGC
GTTCCTGACAAATAACCATGGGG,GTGTCAGGACAAATCACCATGAG
GTTCCTGACAAATAACCATGGGG,AGGTCATTACAAATAATCATTTG
GTTCCTGACAAATAACCATGGGG,ATAGCCTCACAAATAACCATGAA
GTTCCTGACAAATAACCATGGGG,GTCATAACAAATGACCAAGAGGC
GTTCCTGACAAATAACCATGGGG,TTACTGAAAAAAAACCATGAAGA
GCTGGGCTGGCAGGAGGCTCTGG,AGCTGGGCTAGCAGCAGGATCGG
GCTGGGCTGGCAGGAGGCTCTGG,GGGGCCTGGCAAGAGTCTCTGGT
GAGGGGCATGTCTAGTTCATTGG,GGGAACCTGTCTCGTTCATCAGA
AGCAGTGCTTTTGGCTGATACGG,TAGCAGTGTTTTTGACTAATATA
AGCAGTGCTTTTGGCTGATACGG,GCAGGGCTTCTGGCTAACATGGC
AGCAGTGCTTTTGGCTGATACGG,TGGCAATTTTTTTGGCAGATAAA
AGCAGTGCTTTTGGCTGATACGG,TTGCAATGCTGTTGGCAGATACA
AGCAGTGCTTTTGGCTGATACGG,TGTCAGCGCTTTAGGCTAATATA
AGCAGTGCTTTTGGCTGATACGG,CAGGTGCTTTTTGCTGATATGGC
AGCAGTGCTTTTGGCTGATACGG,GTGCAGTGATTTTGACAGATACA
AGCAGTGCTTTTGGCTGATACGG,ATTCTGTGCTTTTTGCTGATATG
AGCAGTGCTTTTGGCTGATACGG,GCTGTATATTTGGCTGATATAGT
AGCAGTGCTTTTGGCTGATACGG,AAAATGCTTTTGGCTGATACAGA
AGCAGTGCTTTTGGCTGATACGG,ACACTGCTTTTAGCTGATTTGGA
AGCAGTGCTTTTGGCTGATACGG,TGCCAGAGCTGTGGGCTGATAGG
AGCAGTGCTTTTGGCTGATACGG,GTAGTACTATTGGCTGATATAGG
AGCAGTGCTTTTGGCTGATACGG,CAGCAGTGCTTCTGCCTGATTTG
AGCAGTGCTTTTGGCTGATACGG,CTGCAGTGCTTTTGAATAATATG
AGCAGTGCTTTTGGCTGATACGG,GCAGTGCTGTTGCCTAATATGGT
AGCAGTGCTTTTGGCTGATACGG,TGGCAGTTCTGTTGGCAAATAGG
AGCAGTGCTTTTGGCTGATACGG,GGGCAGAGCTTTTGGCTATTTGG
AGCAGTGCTTTTGGCTGATACGG,TGGCAGTGATTATGGCTGTTATG
AGCAGTGCTTTTGGCTGATACGG,GCTGGGTTTTTGGCTGAAAAGGT
AGCAGTGCTTTTGGCTGATACGG,GCGGTGCTTTTGGCTGTCAGGGC
AGCAGTGCTTTTGGCTGATACGG,GCAGGGCTTTTGACTGACAGGGC
AGCAGTGCTTTTGGCTGATACGG,GAAGGGCTTTTGGATGATGTGGG
GAGATATTGCTTGTTTGAAATGG,GTATATTGTTAGTTTGAATTGGT
GAGATATTGCTTGTTTGAAATGG,TTGGATATAGGATGTTTGAAATG
GAGATATTGCTTGTTTGAAATGG,TGGGATAATCTTTGTTTGATACG
GAGATATTGCTTGTTTGAAATGG,TGGGATAATCTTTGTTTGATACG
GAGATATTGCTTGTTTGAAATGG,ATGCATTTTGCTTGTTTAAAAAG
GAGATATTGCTTGTTTGAAATGG,TGGGAGATGGCTTATTTGAATCG
GAGATATTGCTTGTTTGAAATGG,ACTGATATTATTTGTTTGAAAGG
GAGATATTGCTTGTTTGAAATGG,TGGGAGATTGTTTGTTTAAATGG
GAGATATTGCTTGTTTGAAATGG,GGAGTTGTTGCTTGTTAGAAACG
GAGATATTGCTTGTTTGAAATGG,AGATTCTGTTTGTTTGAAAAGGT
GAGATATTGCTTGTTTGAAATGG,GGATAAAGCCTGTTTGAAAAGGT
GAGATATTGCTTGTTTGAAATGG,GGAGTTTGCTTGTTTGAAAGGGT
GAGATATTGCTTGTTTGAAATGG,TGGGATATTGCTAGTATGAAATG
GAGATATTGCTTGTTTGAAATGG,GGTCATTGCTTGTTTAAAAAGGT
AGCAGTGCTTTTGGCTGATACGG,AAGCAGTGCTTTAGCCTAATATA
AGCAGTGCTTTTGGCTGATACGG,CCAGTGATTTTTGCTGATTGGGT
AGCAGTGCTTTTGGCTGATACGG,GCAGTGATTTTTGCTGATTGGGT
AGCAGTGCTTTTGGCTGATACGG,GAAGCGCTGTAGGCTGATAGGGA
AGCAGTGCTTTTGGCTGATACGG,AGGAAGTACATTTGGCTGATGGG
GCTGGGCTGGCAGGAGGCTCTGG,AGCAGGTCTGGCAGGAGCCTCCG
GCTGGGCTGGCAGGAGGCTCTGG,GTAGGCTTCCAGGAGGCACTGGA
TGTTGTGGGATATCACGTGGTGG,GTGTTGTGTGATGTCACGTTGCA
TGTTGTGGGATATCACGTGGTGG,GTTGTCTGATGTCACGTGGCAGT
TGTTGTGGGATATCACGTGGTGG,CAGTTGTGGGATATAAAGTGGGA
TGTTGTGGGATATCACGTGGTGG,ATTGTGGGATAACAGATGGGGGA
TGTTGTGGGATATCACGTGGTGG,GGGTTGTGGGTAATCGAGTGGTA
TGTTGTGGGATATCACGTGGTGG,AGGTTGTAGAATGTCATGTGGTG
TGTTGTGGGATATCACGTGGTGG,CTTGTGGGATATCATATGGCGGG
TGTTGTGGGATATCACGTGGTGG,CTGTTGTGGGTTTTCACGTGAGG
GCTGGGCTGGCAGGAGGCTCTGG,GTGGACTGGCGGGAGGCTTGAGA
TGTTGTGGGATATCACGTGGTGG,TGGTTATAGGATATAACGTAGGT
GCTGGGCTGGCAGGAGGCTCTGG,GTGGACGGGCAGGAGGCTTGAGA
GCTGGGCTGGCAGGAGGCTCTGG,CTGTGGACGGGCAGGAGGCTTGA
GCTGGGCTGGCAGGAGGCTCTGG,CTGTGGACGGGCAGGAGGCTTGA
GCTGGGCTGGCAGGAGGCTCTGG,CTGTGGACGGGCAGGAGGCTTGA
GCTGGGCTGGCAGGAGGCTCTGG,GTGGACAGGCAGGAGGCTTGAGA
GCTGGGCTGGCAGGAGGCTCTGG,AGCTGGTCTGGCAGGAAGATCAA
GCTGGGCTGGCAGGAGGCTCTGG,GTGGGCCGGCATGAGCCTCGGGA
GCTGGGCTGGCAGGAGGCTCTGG,TGCTTGGGTAGCAGGAGGCTCAG
TGTTGTGGGATATCACGTGGTGG,GTGGTGGGAGATCCCATGGAGGA
TGTTGTGGGATATCACGTGGTGG,CAGTTATGGGCTATCACATGGCA
TGTTGTGGGATATCACGTGGTGG,GCTGCTGGATATCAAGTGGAAGG
TGTTGTGGGATATCACGTGGTGG,ATGTTGTGAGATGTCACGTGATG
TGTTGTGGGATATCACGTGGTGG,TTGTTCTGGGATGTCACATGGGG
TGTTGTGGGATATCACGTGGTGG,GCTGTGGCATATCACTTTGAAGT
TGTTGTGGGATATCACGTGGTGG,ATAGCAGCACCGCTCACTGTGTG
TGTTGTGGGATATCACGTGGTGG,CTGGTGTGTGATATCACGTGGCT
TGTTGTGGGATATCACGTGGTGG,GGATTGTGGGATATCACATGTTG
TGTTGTGGGATATCACGTGGTGG,GGGTTGTAGAACATCACGTGCTG
TGTTGTGGGATATCACGTGGTGG,GTTGTGGGATATCACAAGAGGCT
TGTTGTGGGATATCACGTGGTGG,GCTGTGGCATATCATATGGGAGC
TGTTGTGGGATATCACGTGGTGG,TGGTGATGGGACACCACGTGGTG
TGTTGTGGGATATCACGTGGTGG,AGGATGTGTGATATCAAGTTGGG
TGTTGTGGGATATCACGTGGTGG,GTTGTGTGATAACACGTGTGGAG
TGTTGTGGGATATCACGTGGTGG,GATGTGCGATATCAAGTGTGGAC
TGTTGTGGGATATCACGTGGTGG,GTTATGGGAGATCACGTGATGAT
TGTTGTGGGATATCACGTGGTGG,GGTGTGAGACCTCACGTGGCAGC
TGTTGTGGGATATCACGTGGTGG,GGGTTGTGGGATATTAGGGGGAG
TGTTGTGGGATATCACGTGGTGG,GAGTTGTGGGAATTCACGAGGGA
TGTTGTGGGATATCACGTGGTGG,AGGTTGTGGGACAGCACATGAAA
GAGGGGCATGTCTAGTTCATTGG,GGGAACCTGTCTCGTTCATCAGA
GAGGGGCATGTCTAGTTCATTGG,CGGGGAACCTGTCTCGTTCATCA
GAGATATTGCTTGTTTGAAATGG,TCATATTGTTTGTTTGAAAGGGC
TGGGAAGCTCCTGGGCCTTCAGG,GGGGAGCTGATGGGTCTTCAGGT
TGGCCGTCGTTCAGCATCTTCGG,ACAAACAAATGGTCATCACCATT
TGGGAAGCTCCTGGGCCTTCAGG,GGGGGAAAATATTTCTCTAGTGG
TGGGAAGCTCCTGGGCCTTCAGG,TAGAGAAGCTCCTCGGCTTTCAA
TGGGAAGCTCCTGGGCCTTCAGG,GAGTGAAGCTGCAGGGCCTTCAA
TGGGAAGCTCCTGGGCCTTCAGG,GGTAGAAGCTCCTGGGTCTTTTG
TGGGAAGCTCCTGGGCCTTCAGG,CACCCAAGAACGGTTAAGCCAAA
TGGGAAGCTCCTGGGCCTTCAGG,GGGAACATCCTGGGCTTTCTAGT
TGGGAAGCTCCTGGGCCTTCAGG,TGGAGAACTTCCTGGGCTTTCTA
TGGGAAGCTCCTGGGCCTTCAGG,CAGGGAAGCTCATGGGCCCCCGG
TGGGAAGCTCCTGGGCCTTCAGG,GGGAAGTACCTGGCCCTTCTGGG
TGGGAAGCTCCTGGGCCTTCAGG,TAGGGCTGCTCCTGGGCCTGCTG
TGGGAAGCTCCTGGGCCTTCAGG,GGCTGAAGATCCTGCGCCTTCGG
TGGGAAGCTCCTGGGCCTTCAGG,AGGGAAAGCTCCTGGACCTGATG
TGGGAAGCTCCTGGGCCTTCAGG,AGGGAAAGCTCCTGGACCTGATG
TGGGAAGCTCCTGGGCCTTCAGG,GGAAAGCTCCTGGACCTGATGGT
TGGGAAGCTCCTGGGCCTTCAGG,GAGGAGCTTCTGGGCCTTTAGGG
TGGGAAGCTCCTGGGCCTTCAGG,GAGGAGCTTCTGGGCCTTTAGGG
TGGGAAGCTCCTGGGCCTTCAGG,CAGAAGCTCCTGGGCCTTTTGGT
TGGCCGTCGTTCAGCATCTTCGG,GGTTCTCCTTCAGCATCTTTGGG
TGGCCGTCGTTCAGCATCTTCGG,GGTTCTCCTTCAGCATCTTTGGG
TGGCCGTCGTTCAGCATCTTCGG,GGTTCTCCTTCAGCATCTTTGGG
TGGCCGTCGTTCAGCATCTTCGG,CGGGACGAGGTTCATCATCTTTG
TGGCCGTCGTTCAGCATCTTCGG,GGCCTTCTGTCTGCATCTTCAGG
TGGCCGTCGTTCAGCATCTTCGG,AGGGCTGTTGATCAGCATCATGC
TGGCCGTCGTTCAGCATCTTCGG,TGAGGCGTCGTTCAGCATAATAA
TGGCCGTCGTTCAGCATCTTCGG,CTGGCTGGCGTTCACCATCTTCC
TGGCCGTCGTTCAGCATCTTCGG,GGGCGTGGTTCAGCATATTCCGC
TGGCCGTCGTTCAGCATCTTCGG,TGGGCCGTCGTCCGAAATCTTGA
TGGCCGTCGTTCAGCATCTTCGG,GGCAGTAGGTGAGCATCTTTAGA
TGGCCGTCGTTCAGCATCTTCGG,AGGGCCGGTGTTCTGCATATTTA
TGGCCGTCGTTCAGCATCTTCGG,GGCCGTCGCACAGAATCTTCAGT
TGGCCGTCGTTCAGCATCTTCGG,AGCGCCAAAGTTCAGCATCTTTG
TGGCCGTCGTTCAGCATCTTCGG,AGGGCCATAATTCAGCATCATGA
TGGCCGTCGTTCAGCATCTTCGG,CTGGCCGATGTTCAGCGTCTTGA
TGGCCGTCGTTCAGCATCTTCGG,GTCCTTCGTTCAGCAGCTTAGGG
TGGCCGTCGTTCAGCATCTTCGG,GGCTGTCGATAAGCATGTTGGGC
TGGCCGTCGTTCAGCATCTTCGG,AGCGCAGAAGTTCAGCATCTTTA
TGGCCGTCGTTCAGCATCTTCGG,GGGCGTCATTCAGCATTATGGGC
TGGCCGTCGTTCAGCATCTTCGG,AGTGCCATTCTTCAGCATCTTTA
TGGGAAGCTCCTGGGCCTTCAGG,AGGGAAGGCTTCTGGCCCTTCCG
TGGGAAGCTCCTGGGCCTTCAGG,AGGGATATCCTGGGCCTTCTGGT
TGGCCGTCGTTCAGCATCTTCGG,TGGGCCTCCGTTTAACATCTTTG
GAAAGTCTGGCTCTGTGGTGCGG,ATGAAGCCTGGCTCTGTGCAGTG
GAAAGTCTGGCTCTGTGGTGCGG,ACCAAGTCTGGCTCTGTTGTTCG
GAAAGTCTGGCTCTGTGGTGCGG,TCTCAGTCTGGCTCTGTGCTGAG
GAAAGTCTGGCTCTGTGGTGCGG,ACGAACTCTGACTCTGTGATGTA
GAAAGTCTGGCTCTGTGGTGCGG,AGGATATTTGTCTCTGTGGTGCA
GAAAGTCTGGCTCTGTGGTGCGG,GATATCTGGCACTGTGGTGCAGA
GAAAGTCTGGCTCTGTGGTGCGG,AGGAAGTCTGAATCTGTCTTGTG
GAAAGTCTGGCTCTGTGGTGCGG,TCTGTCTGGCTCTGTGATGAGGG
GAAAGTCTGGCTCTGTGGTGCGG,CTGCCGTTTGGCTCTGTGGTGGG
GAAAGTCTGGCTCTGTGGTGCGG,TGGTAATATGCCTCTGTGGTGGG
TGGGAAGCTCCTGGGCCTTCAGG,TAGAAGCTCCTGGGCCATCAGGG
GAAAGTCTGGCTCTGTGGTGCGG,TAAGACTGTCGCTGTGGTGCGGA
GAAAGTCTGGCTCTGTGGTGCGG,GACTTCCGTCAGAGCTATCGACA
GAAAGTCTGGCTCTGTGGTGCGG,CGGAAGTCTGTCTATGTGGTAGG
GAAAGTCTGGCTCTGTGGTGCGG,CAGAAGTTTGGCTCAGCGGTGAG
GAAAGTCTGGCTCTGTGGTGCGG,AAAGTCAGGATCTGTGATGTGGG
GAAAGTCTGGCTCTGTGGTGCGG,GAACTTTGACTCAGTGGTGTGGC
GAAAGTCTGGCTCTGTGGTGCGG,GGACTTTGGCTCTGTGGTGGGGT
GAAAGTCTGGCTCTGTGGTGCGG,GAAGCCTGGCTTTGTGGTGGGGA
GAAAGTCTGGCTCTGTGGTGCGG,CTAGTCTGGCTTTGTGGTACAGG
GAAAGTCTGGCTCTGTGGTGCGG,CTAGTCTGGCTTTGTGGTACAGG
GAAAGTCTGGCTCTGTGGTGCGG,GGGATGTCTGGCACTGAGATGGA
GAAAGTCTGGCTCTGTGGTGCGG,GAAGTCAAACTCTGTGTTGTAGT
TGGGAAGCTCCTGGGCCTTCAGG,AGCTGGAGCTCCTGGACCTTCTG
TGGGAAGCTCCTGGGCCTTCAGG,GAGAATCTCCAGAGCCTTCAGGC
TGGGAAGCTCCTGGGCCTTCAGG,CACACGTCAGCTCTACAAAGCTG
TGGGAAGCTCCTGGGCCTTCAGG,ATGGAGCTCCCGGGCCTTCTGGC
TGGGAAGCTCCTGGGCCTTCAGG,GAGAAGTTCCAAGGCCTTCGGGT
TGGGAAGCTCCTGGGCCTTCAGG,AGGAGAAGTTCCAAGGCCTTCGG
TGGGAAGCTCCTGGGCCTTCAGG,AGATTACTGTGTGTGTGTGTCTG
TGGGAAGCTCCTGGGCCTTCAGG,GAGAAGTTCCAAGGCCTTCGGGT
TGGGAAGCTCCTGGGCCTTCAGG,GAGAAGTTCCAAGGCCTTCGGGT
GAAAGTCTGGCTCTGTGGTGCGG,GAAGTGTGGCTCAGTGGTAGAGC
GAAAGTCTGGCTCTGTGGTGCGG,GAAGTCACGCACTGTGGTGCAGC
GAAAGTCTGGCTCTGTGGTGCGG,CAGAAGTCTGGATCTGAGGTGGC
GAAAGTCTGGCTCTGTGGTGCGG,ACAGTTTGGCTCTGAGGTGCAGT
GAAAGTCTGGCTCTGTGGTGCGG,CAGAAGGCTGGCACTGCGGTGCA
GAAAGTCTGGCTCTGTGGTGCGG,CAGAAGGCTGGCACTGCGGTGCA
GAAAGTCTGGCTCTGTGGTGCGG,AGAAAGTCTGGCTTTTAGGTGTG
GAAAGTCTGGCTCTGTGGTGCGG,GTTAAGCCTGGCTGTGTGGTGGG
TGGCCGTCGTTCAGCATCTTCGG,GACAGACGTTCAGCATCTTTTGA
TGGCCGTCGTTCAGCATCTTCGG,GTCAGTGGTTCATCATCTTCAGC
GAGGGGCATGTCTAGTTCATTGG,GGGAACCTGTCTCGTTCATCAGA
AGGCTTTGCATTGTTGCAGACGG,ATGACATTGCTTTGTTGCAGAGA
AGGCTTTGCATTGTTGCAGACGG,AGTGTTTTGAATTGTTGCAGTTA
AGGCTTTGCATTGTTGCAGACGG,GGCTTGTCATTGTTACAGAGAGA
AGGCTTTGCATTGTTGCAGACGG,AGATTTACATTGTTGCAGAACGT
AGGCTTTGCATTGTTGCAGACGG,TAATTTGCACTGTTGCAGACAGT
AGGCTTTGCATTGTTGCAGACGG,AGCTTAGCATTGTTGCAGTGAGT
AGGCTTTGCATTGTTGCAGACGG,GGCATCGCAGTGTTGCAGTGGGT
AGGCTTTGCATTGTTGCAGACGG,TGGGCGTTGCGGTGTTGCAGTGG
AGGCTTTGCATTGTTGCAGACGG,GCCTTTGAATTGTTGCAGAAAGC
AGGCTTTGCATTGTTGCAGACGG,AGCTGTGCATCGTTGCAGGAAGG
AGGCTTTGCATTGTTGCAGACGG,GGATTTACATTGTTGCCGAAGGT
AGGCTTTGCATTGTTGCAGACGG,TGCTTTCCATTGTTGATGATGGT
AGGCTTTGCATTGTTGCAGACGG,TGCTTTCCATTGTTGATGATGGT
AGGCTTTGCATTGTTGCAGACGG,CTGGCTTTGCAGTGTTGATGAAG
AGGCTTTGCATTGTTGCAGACGG,TTTGCTTTGCATTAATGCAGACA
AGGCTTTGCATTGTTGCAGACGG,GGATTTACATTGTTGCTGAAAGT
AGGCTTTGCATTGTTGCAGACGG,ACCATTTCATTGTTGCAGATGGG
AGGCTTTGCATTGTTGCAGACGG,TGTGGTTTTCATTGTAGCAGATG
AGGCTTTGCATTGTTGCAGACGG,TGGGCTTTGGAATGATGCACATG
AGGCTTTGCATTGTTGCAGACGG,TGAGCCTTGGATTGTTGCACAAA
AGGCTTTGCATTGTTGCAGACGG,TGGTTTGCAGTGTTGAAGAAGGT
GAGGGGCATGTCTAGTTCATTGG,GGGGGGATGAATAATTCATTGGG
GAGGGGCATGTCTAGTTCATTGG,TGAGGGGCAGGACTGGTTCATTG
GAGGGGCATGTCTAGTTCATTGG,GGGAACCTGTCTCGTTCATCAGA
GAGGGGCATGTCTAGTTCATTGG,CGGGGAACCTGTCTCGTTCATCA
GAGGGGCATGTCTAGTTCATTGG,TGATGAAATACTGCAGTGTACAC
GAGGGGCATGTCTAGTTCATTGG,AGGGCCATGTCTGGTTCACAGGT
GAGGGGCATGTCTAGTTCATTGG,AGGCGAGCATGTCTCGGTCATCG
GAGGGGCATGTCTAGTTCATTGG,TGGTGAGCATGTACAGTTCATGC
GAGGGGCATGTCTAGTTCATTGG,TGTGACATGTGTAGTTCATCAGA
GAGGGGCATGTCTAGTTCATTGG,GGGAACATGTCTCGTTTATCAGA
GAGGGGCATGTCTAGTTCATTGG,AGGGGCATGTATAATTCAAACGG
GAGGGGCATGTCTAGTTCATTGG,GCGGCCATGTTTAATTCATCAGC
GAGGGGCATGTCTAGTTCATTGG,GGTGACATGACTAGTTGATTGGT
GAGGGGCATGTCTAGTTCATTGG,GGGGGCATTTCAGTTTCATGGGG
GAGGGGCATGTCTAGTTCATTGG,CGGGAGGCTTTTTTAGTTCATTA
GAGGGGCATGTCTAGTTCATTGG,GGAGGCATGTCTTGTTAATAAGA
GAGGGGCATGTCTAGTTCATTGG,TGGAGAGCATGTTTAATTCATGA
GAGGGGCATGTCTAGTTCATTGG,CCTGAAGCATGTCTAGTTCATAA
GAGGGGCATGTCTAGTTCATTGG,GAGTTCATGTCAAGTTCATGGGA
AGGCTTTGCATTGTTGCAGACGG,GGGGCGATGCAGTGTTGCAGTGG
AGGCTTTGCATTGTTGCAGACGG,CAGGCTTTGGCTAGTTGCAGATG
TGGCCGTCGTTCAGCATCTTCGG,GGTCGTCGTTCTCCATCTTTCGG
TGGTGCGGGTCAAAAGCCTCCGG,GGTGTGGGACAAAAGCTGCGGGA
TGGTGCGGGTCAAAAGCCTCCGG,TGGGTGTCGGGCAAAAACCTCCA
TGGTGCGGGTCAAAAGCCTCCGG,TGGGTGTCGGGCAAAAACCTCCA
TGGTGCGGGTCAAAAGCCTCCGG,TGGGTGTCGGGCAAAAACCTCCA
TGGTGCGGGTCAAAAGCCTCCGG,TGGGTGTCGGGCAAAAACCTCCA
TGGTGCGGGTCAAAAGCCTCCGG,TGGGTGTCGGGCAAAAACCTCCA
TGGTGCGGGTCAAAAGCCTCCGG,TGGGTGTCGGGCAAAAACCTCCA
TGGTGCGGGTCAAAAGCCTCCGG,TGGGTGTCGGGCAAAAACCTCCA
TGGTGCGGGTCAAAAGCCTCCGG,GGTGTGGGACAAAAGCTGCGGGA
TGGTGCGGGTCAAAAGCCTCCGG,GGTCAGGGTCAAACGCTTCCGGT
AGGCTTTGCATTGTTGCAGACGG,GGTTCTGCTTTATTGCAGACAGA
TGGTGCGGGTCAAAAGCCTCCGG,AGGGTGTGGGACAAAAGCTGCGG
TGGTGCGGGTCAAAAGCCTCCGG,TGTGTGCGTGTCAGAAGCATCTG
TGGTGCGGGTCAAAAGCCTCCGG,TGTGAGGGTCGATAGCCTCTGGT
TGGTGCGGGTCAAAAGCCTCCGG,GTTGAGAGTAAAAAGCCTCAGGG
TGGCCGTCGTTCAGCATCTTCGG,GGCCATTGTTTAGCGTCTTGCGT
TGGCCGTCGTTCAGCATCTTCGG,TGGGCAGACGTGCAACATCTTTG
TGGCCGTCGTTCAGCATCTTCGG,TTGACTGTCGTTCAGCATCTAGT
TGGCCGTCGTTCAGCATCTTCGG,GGCCCTGGTTCAGCATTTTCTGG
TGGTGCGGGTCAAAAGCCTCCGG,TGGGTGTCGGGCAAAAACCTCCA
TGGTGCGGGTCAAAAGCCTCCGG,TGGGTGTCGGGCAAAAACCTCCA
TGGTGCGGGTCAAAAGCCTCCGG,TGGGTGTCGGGCAAAAACCTCCA
TGGTGCGGGTCAAAAGCCTCCGG,TGGGTGTCGGGCAAAAACCTCCA
AGGCTTTGCATTGTTGCAGACGG,GGTTTTGTATTATTGCAGAGAGG
AGGCTTTGCATTGTTGCAGACGG,GGGGCGAAGCAGTGTTGCAGAAG
AGGCTTTGCATTGTTGCAGACGG,GTCTTTGCATTGTTACTGAAGGG
AGGCTTTGCATTGTTGCAGACGG,GGGCTTTTGCATAGTTACAGAGG
AGGCTTTGCATTGTTGCAGACGG,GGCTATGCTTTGTTGCACAAGGT
AGGCTTTGCATTGTTGCAGACGG,TGGGCTTTATATTGTTGCATGAG
TGGTGCGGGTCAAAAGCCTCCGG,GGTGTCGGGCAAAAACCTCCAGG
TGGTGCGGGTCAAAAGCCTCCGG,TGGGTGTCGGGCAAAAACCTCCA
TGGTGCGGGTCAAAAGCCTCCGG,TGGGTGTCGGGCAAAAACCTCCA
TGGTGCGGGTCAAAAGCCTCCGG,GGTGTCGGGCAAAAACCTCCAGG
TGGTGCGGGTCAAAAGCCTCCGG,GGTGTCGGGCAAAAACCTCCAGG
TGGTGCGGGTCAAAAGCCTCCGG,GGTGTCGGGCAAAAACCTCCAGG
TGGTGCGGGTCAAAAGCCTCCGG,TGGGTGTCGGGCAAAAACCTCCA
TGGTGCGGGTCAAAAGCCTCCGG,TGGGTGTCGGGCAAAAACCTCCA
TGGTGCGGGTCAAAAGCCTCCGG,TGGGTGTCGGGCAAAAACCTCCA
TGGTGCGGGTCAAAAGCCTCCGG,TGGGTGTCGGGCAAAAACCTCCA
TGGTGCGGGTCAAAAGCCTCCGG,TGGGTGTCGGGCAAAAACCTCCA
GAGATATTGCTTGTTTGAAATGG,GGACATTGATCGTCTGAAAGGGA
GAGATATTGCTTGTTTGAAATGG,GGTAAACACAGATAAACACAGGT
GTGGAAGACCTTCGCCACTGAGG,GGGGAGTCCTTCACAACTGGGGC
TGGGTCACTGATGGTGCATAAGG,AGGAGCCACATATGGTGCATACA
TGGGTCACTGATGGTGCATAAGG,ATGGGTTACTGTTGTTGCATATG
TGGGTCACTGATGGTGCATAAGG,AGGGGTCAGTGTTGGAGCATGAG
TGGGTCACTGATGGTGCATAAGG,GTAGGTCTCAGATGGTGCATAAA
TGGGTCACTGATGGTGCATAAGG,ACGGCTAACTGATGGTGCATAAA
TGGGTCACTGATGGTGCATAAGG,TGGTCCCTAATGGTGCGTATGGA
TGGGTCACTGATGGTGCATAAGG,GGGTAATTGATTGTGCTTATGGA
TGGGTCACTGATGGTGCATAAGG,TGGGGTCACCGATGGTGCCTGTG
TGGGTCACTGATGGTGCATAAGG,AGCAGTCTCGGATGGTGCATAGG
TGGGTCACTGATGGTGCATAAGG,AGAAGACACTGATGGTGAATAGG
AGAAGGCAGATGTACCAGCGAGG,CGGATGGCAGATGAAGAAGCGCG
TGGGTCACTGATGGTGCATAAGG,GTGCCACTCATGGTGCATATGGA
TGGGTCACTGATGGTGCATAAGG,TGGTCAGTGATGGTGCATTTGGC
TGGGTCACTGATGGTGCATAAGG,TGGGGTCACTAATGGTAAATGAG
TGGGTCACTGATGGTGCATAAGG,GGGTCAATGGTGGTACATAGGGT
AGAAGGCAGATGTACCAGCGAGG,GAACAGGCAGATGAACCAGCGCG
AGAAGGCAGATGTACCAGCGAGG,ATGAACACATATGTACCAGCGCT
AGAAGGCAGATGTACCAGCGAGG,GAAGACAAATGTAACAGTGTAGC
AGAAGGCAGATGTACCAGCGAGG,GAAGGCACTTGTACCAGCCCCGT
TGGGTCACTGATGGTGCATAAGG,CGCTCCCTGATGGTGAATAAGGT
TGGGTCACTGATGGTGCATAAGG,GTGTCACTGATGGTGAGTGGGGG
TGGGTCACTGATGGTGCATAAGG,GGGCCACTGCTGGTGCATGTAGA
TGGGTCACTGATGGTGCATAAGG,TGCTTACTGATGGTGCATCCGGC
GGAATGGATGAGAGCTACAAGGG,GAATGAATGAAAGCTATAATAGT
GGAATGGATGAGAGCTACAAGGG,AGGAATGTATAAGAACTAAAACG
GGAATGGATGAGAGCTACAAGGG,GAACAGATGAGATCTACAACGGC
GGAATGGATGAGAGCTACAAGGG,CGGAAGGGAAGAAAGCCACAATG
GGAATGGATGAGAGCTACAAGGG,GAGAAGGAATGAGAACTACAAAG
TGGGTCACTGATGGTGCATAAGG,TAGGCTCACTTATGTTGCATACA
TGGGTCACTGATGGTGCATAAGG,TTGAGTCACTTGTGGTGCATATG
TGGGTCACTGATGGTGCATAAGG,TGGGCTCACTGATGGTGCATCCA
TGGGTCACTGATGGTGCATAAGG,GGATCACATATGATGCATAAGAA
TGGGTCACTGATGGTGCATAAGG,CTGGGTCACTGAGGGTGCACAAA
TGGGTCACTGATGGTGCATAAGG,GGGCCTTTGACGGTGCATAACGT
TGGGTCACTGATGGTGCATAAGG,AGGTCACTGACGCTGAATAAAGT
TGGGTCACTGATGGTGCATAAGG,GGTTCACTGATGGTATATAGAGT
TGGGTCACTGATGGTGCATAAGG,TGGTTCCTGATGATGCATAGAGA
TGGGTCACTGATGGTGCATAAGG,AGGAGTCACTTTTTGTGCATACG
TGGGTCACTGATGGTGCATAAGG,GGTCTTCACTGATGATGCATATG
TGGGTCACTGATGGTGCATAAGG,AGGGCTCGCTGCTGGTGTATAAG
AGAAGGCAGATGTACCAGCGAGG,AAATGGAGATGAACCAGCGAAGG
AGAAGGCAGATGTACCAGCGAGG,GAAGGCCGATGTTCCTGCAGGGT
GGAATGGATGAGAGCTACAAGGG,GATTGGAGGACGGCTACAACGGG
GAGCAGCTGATCAGTCGCGTGGG,GGCAGCTGTTCAGTCAAGTGTGT
AGAAGGCAGATGTACCAGCGAGG,TGGAAAACAGATATGCCAGCGAG
GAGCAGCTGATCAGTCGCGTGGG,GGCAGGTCATCAGTCCAGTCAGC
GAGCAGCTGATCAGTCGCGTGGG,CGCGCACCAGATCAGACGCGTTT
GAGCAGCTGATCAGTCGCGTGGG,GGGAGCGGAGCAGTCGCTTACGC
GAGCAGCTGATCAGTCGCGTGGG,GTCAGCTGATTAGTCGTGTGGAT
GAGCAGCTGATCAGTCGCGTGGG,GTCAGCTGATCAGTGCCTTAGGC
GAGCAGCTGATCAGTCGCGTGGG,CGAGCACCTGATCAGTCATGTCT
GAGCAGCTGATCAGTCGCGTGGG,GGAAGCTGATTAGTCACGTTTGC
GAGCAGCTGATCAGTCGCGTGGG,ACTGCAGCTCATCAGTCGCTTGC
AGAAGGCAGATGTACCAGCGAGG,ATATAGGCAGATGAACCAGCGTG
GAGCAGCTGATCAGTCGCGTGGG,GGCCGCAGATGAGTCACGTCCGT
GAGCAGCTGATCAGTCGCGTGGG,TGTGCAGCTGATCAGTCACTGAA
GAGCAGCTGATCAGTCGCGTGGG,TAGGCAGCTGATTAGTCACATGG
GAGCAGCTGATCAGTCGCGTGGG,TGGGCAGCTGTAAAATCGCGTAG
GAGCAGCTGATCAGTCGCGTGGG,CCGTCAGCTGATCAGCAGCGTGA
GAGCAGCTGATCAGTCGCGTGGG,GACAGCTGATTAGCCACGTGAGT
GAGCAGCTGATCAGTCGCGTGGG,GAGACAGCTGATCAGTCATGTGG
GAGCAGCTGATCAGTCGCGTGGG,CAGGCTGCTGATTGGTCGCGTTA
AGAAGGCAGATGTACCAGCGAGG,TGGGAGGTGGGTGTACCAGCGAG
AGAAGGCAGATGTACCAGCGAGG,AAAGTCAGATCTTCCAGCGAGGA
AGAAGGCAGATGTACCAGCGAGG,GAGGGCCGGTGTACCAGCAGGGT
AGAAGGCAGATGTACCAGCGAGG,AGAAATGCAGATGTTCCAGCAAG
AGAAGGCAGATGTACCAGCGAGG,GAGAAGGCAGAAGTAGCAGCACG
AGAAGGCAGATGTACCAGCGAGG,GCCTATATTTCTGAGGTATTTTG
AGAAGGCAGATGTACCAGCGAGG,GAGGGCCGATGTACCTGCAGGGT
AGAAGGCAGATGTACCAGCGAGG,GAGGGCCGATGTACCTGCAGGGT
AGAAGGCAGATGTACCAGCGAGG,GAAAAAGCAGAAGTACCAGCGTG
AGAAGGCAGATGTACCAGCGAGG,GAGGGCAGGTGTACCTGCAGGGT
AGAAGGCAGATGTACCAGCGAGG,CAGGAGTGGAGAAGAGTGTGTTT
AGAAGGCAGATGTACCAGCGAGG,GAAGGCCGGTGTCCCAGCAGGGT
AGAAGGCAGATGTACCAGCGAGG,GGAAAGCGAGATGTACCAGCTGA
AGAAGGCAGATGTACCAGCGAGG,TAAGGCAGAAGTACCAGGATGGT
AGAAGGCAGATGTACCAGCGAGG,GAAGGCAGAAATACCAATGTAGA
AGAAGGCAGATGTACCAGCGAGG,AAAGGCAGATGTACCATTGAAGT
AGAAGGCAGATGTACCAGCGAGG,GAGGGCTGATGTACCAGCAGAGT
AGAAGGCAGATGTACCAGCGAGG,GAAGGCAGATACACCAGAAAAGA
AGAAGGCAGATGTACCAGCGAGG,TGGGACGCAGTTGTACCAGCTTA
AGAAGGCAGATGTACCAGCGAGG,AAAGGCAGATGTACCTGCTGGGA
AGAAGGCAGATGTACCAGCGAGG,GAACGCAGACACACCAGCGGAGG
GGAATGGATGAGAGCTACAAGGG,AGGGATAGCTGAGAGCTACTAGG
GGAATGGATGAGAGCTACAAGGG,GAAGACATGAGAGCTACAAAAGT
GAGCAGCTGATCAGTCGCGTGGG,GTCAGCTGATCAATAGTGTCAGA
AGAGTCGAAAGTCTCCAGTGAGG,GAATAGAAAGTCTCCATTATGGG
AGAGTCGAAAGTCTCCAGTGAGG,GAGTCCAAAATCTCCAGTTCAGC
AGAGTCGAAAGTCTCCAGTGAGG,GAGACTCAAAAGTCTCCAGAGAG
AGAGTCGAAAGTCTCCAGTGAGG,AGGAATCCAAAGTCTCCAGTGAA
AGAGTCGAAAGTCTCCAGTGAGG,CAGAGATGAAATTCTCCAGTGAG
AGAGTCGAAAGTCTCCAGTGAGG,GAGGCGAAAGTATCCATTGAGGA
AGAGTCGAAAGTCTCCAGTGAGG,GAGGAGAATCTCTCCAGTGAGGC
AGAGTCGAAAGTCTCCAGTGAGG,GGGTGTCGATAGACTCCAATGGG
AGAGTCGAAAGTCTCCAGTGAGG,GTGGGTCGAGAGTCTCCATTGTG
AGAGTCGAAAGTCTCCAGTGAGG,TGAAGTCAAAAATCTCCATTGAG
TGTAGGAGTGCAGGTGGGTCAGG,GGGCTGGAGTGCAGGTGGGACTG
TGTAGGAGTGCAGGTGGGTCAGG,GAGTACGAGATCAGGTGGGTCTC
TGTAGGAGTGCAGGTGGGTCAGG,GCCGCAGTGATGCCGCTCTGCAG
TGTAGGAGTGCAGGTGGGTCAGG,GTAGGAGTGGAAGTGTGTCAGGC
TGTAGGAGTGCAGGTGGGTCAGG,GGGGAGGAGTAGAGGTGGGTAGG
TGTAGGAGTGCAGGTGGGTCAGG,GAGTACGAGTTCAGGTAGGTCTC
TGTAGGAGTGCAGGTGGGTCAGG,GTACGAGATCAGGTAGGTCTCGA
TGTAGGAGTGCAGGTGGGTCAGG,GCCGGAGTGCAGGTGGCTCTGGA
TGTAGGAGTGCAGGTGGGTCAGG,GTAGCAGTGAAGGTGGCTTGGGT
AGAGTCGAAAGTCTCCAGTGAGG,TGGAATCAAAAATCTCCTGTGGG
AGAGTCGAAAGTCTCCAGTGAGG,TTGAGTGGAAAGACTCCAGGGAG
AGAGTCGAAAGTCTCCAGTGAGG,GAATAGAAAGTCTCCAGTGGCGT
AGAGTCGAAAGTCTCCAGTGAGG,TAGGCGAAAATCTCCAGTTAAGG
GTGGAAGACCTTCGCCACTGAGG,GGGGGAAAACCCACGCCAATGGG
AGAGTCGAAAGTCTCCAGTGAGG,GATTTGATATTCTCCAGTGGAGG
AGAGTCGAAAGTCTCCAGTGAGG,AGGAGTAGAGAGTTTCCAGTTGG
AGAGTCGAAAGTCTCCAGTGAGG,GAGTCGTAATGCTCCAGTGTAGT
AGAGTCGAAAGTCTCCAGTGAGG,TGAAGTCAAGAGTCTCAAGTGCT
AGAGTCGAAAGTCTCCAGTGAGG,GTGTGGAAAGTCTCCTCTGGGGG
AGAGTCGAAAGTCTCCAGTGAGG,GAGTCAAAAAGCTGCAGTGTGGC
AGAGTCGAAAGTCTCCAGTGAGG,GATTGGAGAGACTCCAGTGCAGC
AGAGTCGAAAGTCTCCAGTGAGG,GTGTTGAAAGATTCCAGTGTGAC
AGAGTCGAAAGTCTCCAGTGAGG,AGAAGTCTAAAGTCTACAGTAAA
AGAGTCGAAAGTCTCCAGTGAGG,TTGTCGAAAGTTTCCAGTGACGA
AGAGTCGAAAGTCTCCAGTGAGG,GAGTGGAATATCTCTAGTGAAGT
AGAGTCGAAAGTCTCCAGTGAGG,AGGTGAAGAAAGTCTCCAGTCCA
AGAGTCGAAAGTCTCCAGTGAGG,AGAAATCCAAAGTTTCCAGTGAC
AGAGTCGAAAGTCTCCAGTGAGG,CAGTGGAAAGGCTCCAGTGTAGT
AGAGTCGAAAGTCTCCAGTGAGG,CGGTCGAGAGACTCCAGTGAAGA
AGAGTCGAAAGTCTCCAGTGAGG,AGGAGTCAAAAGTATCAAGTTCA
TGTAGGAGTGCAGGTGGGTCAGG,TTTGGAGTGCGGGTGTGTCTGGG
TGTAGGAGTGCAGGTGGGTCAGG,GGAGAATTGCAGGTGGGGCAGGG
GGAATGGATGAGAGCTACAAGGG,GAATTGAGGAGAGCAACAAGAGC
GGAATGGATGAGAGCTACAAGGG,TGGAATGGATGTGTGCTAAAAAG
GGAATGGATGAGAGCTACAAGGG,AGGATTGGACGATAGCTATAATA
GGAATGGATGAGAGCTACAAGGG,TGTAATGGATTACAGCTAAAATA
GGAATGGATGAGAGCTACAAGGG,GAAGTGTTTAGAGCTACAAAAGG
GGAATGGATGAGAGCTACAAGGG,GAATGGAAAAGGTCTACAAAAGC
GGAATGGATGAGAGCTACAAGGG,GAGGATGGATGAGAGCTAATATA
GGAATGGATGAGAGCTACAAGGG,GAATGGCTGGGAACTACAGCAGC
GGAATGGATGAGAGCTACAAGGG,GAAAGGATGGGGGCTACAGCAGC
GGAATGGATGAGAGCTACAAGGG,ATGATTGAATGAGATCTACAAAA
GGAATGGATGAGAGCTACAAGGG,TGGAGTGGATGGCAGCAACAACA
TGTAGGAGTGCAGGTGGGTCAGG,GGGTAGGAGATCAGGTAGGTCTC
GGAATGGATGAGAGCTACAAGGG,AAATAGATTAGAACTACAAACGC
GGAATGGATGAGAGCTACAAGGG,GGGAATGAATGAGAGAGACAGCG
GGAATGGATGAGAGCTACAAGGG,AAATGTATGAGAGCTACTAAAGC
GGAATGGATGAGAGCTACAAGGG,AAATGGAGGAGAGCTAAACTGGT
GGAATGGATGAGAGCTACAAGGG,GAACTTATGAGAGCTGCAAGGGA
GGAATGGATGAGAGCTACAAGGG,AATTCGATTAGAGCTACAAAAGC
GGAATGGATGAGAGCTACAAGGG,AATTCGATTAGAGCTACAAAAGT
GGAATGGATGAGAGCTACAAGGG,GAATAGATTAGAACTAGAACGGA
GGAATGGATGAGAGCTACAAGGG,ATGAATGGATGAGATCTAAAACA
GGAATGGATGAGAGCTACAAGGG,TGAAATTGATTAGAACTACAAAC
GGAATGGATGAGAGCTACAAGGG,AAATTGATTAGAACTACAAACGC
TGTAGGAGTGCAGGTGGGTCAGG,GTAGAAAAGGAGGTGGGTCAGGC
TGTAGGAGTGCAGGTGGGTCAGG,GTAGGATTAAGGGTGGGTCAAGG
TGTAGGAGTGCAGGTGGGTCAGG,TGGGAGGAGAGGGGGTGGGTCCG
TGTAGGAGTGCAGGTGGGTCAGG,ATAGGAGTTCAGGTGGTTCTAGA
TGTAGGAGTGCAGGTGGGTCAGG,CAGTAGGAGGGCAAGTGGTTCAA
TGTAGGAGTGCAGGTGGGTCAGG,AGGTAGGAGGGTAGGTGAGTAGG
TGTAGGAGTGCAGGTGGGTCAGG,GTGGCGGTGCTGGTGGGTCTGGC
TGTAGGAGTGCAGGTGGGTCAGG,TTAGCAGAGCAGGTGGGACAGGA
TGTAGGAGTGCAGGTGGGTCAGG,GTAAGAGTGCAGGCAGGTAGGGA
TGTAGGAGTGCAGGTGGGTCAGG,GTAGGAGTGCAGGTGTCTCTGGT
TGTAGGAGTGCAGGTGGGTCAGG,GTAAGAGTTCAGGTAGTTCGAGA
TGTAGGAGTGCAGGTGGGTCAGG,GTGTGGTAGTGCTGGTGGGTCTG
TGTAGGAGTGCAGGTGGGTCAGG,GCAGGAGTGAAGGAGGGTCAGGC
TGTAGGAGTGCAGGTGGGTCAGG,CTGTAGGAGCAAAGGTGGGTCAA
TGTAGGAGTGCAGGTGGGTCAGG,GAGTGGGAGTGCAGGTGGGTTCG
TGTAGGAGTGCAGGTGGGTCAGG,GCAGAAGCGCAGCTGGGTCTGGA
TGTAGGAGTGCAGGTGGGTCAGG,CAAGGAGTGCAGATGGCTCAGGG
TGTAGGAGTGCAGGTGGGTCAGG,GGCAGGGAGTGAAGGTGGGTCAG
GAGCAGCTGATCAGTCGCGTGGG,GGCAGCTGATCAGTTGCTTCAGC
GAGCAGCTGATCAGTCGCGTGGG,GACAGCTGATTAGTCTCGTGGGT
GAGATATTGCTTGTTTGAAATGG,TTTGTTATTGCTGGTTTGAAAAG
CGAGGATGTGGCTCACAGACGGG,CAGAGGATCTTGTTCACAGACAG
CGAGGATGTGGCTCACAGACGGG,GAGGAGATGGCCCACAGGCCGGC
CGAGGATGTGGCTCACAGACGGG,CTCGATGTGGCCCACAGACTGGG
CGAGGATGTGGCTCACAGACGGG,CGCTCGATGTGGCCCACAGACTG
CGAGGATGTGGCTCACAGACGGG,CGCTCGATGTGGCCCACAGACTG
CGAGGATGTGGCTCACAGACGGG,TAGTGGATGTAGCTCACAGGCTG
CGAGGATGTGGCTCACAGACGGG,GTGGATGTAGCTCACAGGCTGGG
CGAGGATGTGGCTCACAGACGGG,TAGTGGATGTAGCTCACAGGCTG
CGAGGATGTGGCTCACAGACGGG,GTGGATGTAGCTCACAGGCTGGG
CGAGGATGTGGCTCACAGACGGG,CAGTGGATCTGGCACACAGACAG
CGAGGATGTGGCTCACAGACGGG,GAGGAAGGTGCTCACAGACAGGC
CGAGGATGTGGCTCACAGACGGG,GAACATGTGGGTCACAGACGGGA
CGAGGATGTGGCTCACAGACGGG,TGGAGGAGGAGGCTCAAAGTCAG
CGAGGATGTGGCTCACAGACGGG,CAGGTTGTGGCTCACAAACTGGT
CGAGGATGTGGCTCACAGACGGG,GAGGATGTGGCCTACAGTCAGGA
CGAGGATGTGGCTCACAGACGGG,CAAGCAGGCCACCAAGAAGCAGA
CGAGGATGTGGCTCACAGACGGG,AGGAAACTGTGGCTCACAGACAG
CGAGGATGTGGCTCACAGACGGG,AGGAGGAAGTGAGTCACAGACTG
CGAGGATGTGGCTCACAGACGGG,GAGAAGAAGGGGCTCACAGACCG
CGAGGATGTGGCTCACAGACGGG,GGGAGGATCTCACTCACATACTG
CGAGGATGTGGCTCACAGACGGG,AACAGGAAGTGGCTCACAGATCG
CGAGGATGTGGCTCACAGACGGG,AGAAAGATGTGGCTTCCAGACAG
CGAGGATGTGGCTCACAGACGGG,CAGAGTGTGGCTAACAGACCGGG
GAGGTCTGGGCTCTGCTCTTGGG,GGGGTTGGGCACTGCTGTTAGGT
GAGGTCTGGGCTCTGCTCTTGGG,TGGGGTCAGTGCTGTGATCTTGG
GAGGTCTGGGCTCTGCTCTTGGG,TGAGCTGGGATCTGCTCTTCAGC
GAGGTCTGGGCTCTGCTCTTGGG,TGGTCTTGAATCTGCTCTTGAGG
GAGGTCTGGGCTCTGCTCTTGGG,GGGGGAATGAGCTCTGCTCTTCA
GAGGTCTGGGCTCTGCTCTTGGG,TTGGGGTTGGGCTGTGCTCTTCG
GAGGTCTGGGCTCTGCTCTTGGG,CAGCCTGGGCTCTGCTCTGAGGC
GAGGTCTGGGCTCTGCTCTTGGG,TGAGGGCTCGGCTCTGCTCCTAG
GAGGTCTGGGCTCTGCTCTTGGG,TTTGGTTTGGGATCTGCTCTTCA
GAGGTCTGGGCTCTGCTCTTGGG,TGGGGTTTGGGCACAGATCTTCA
GAGGTCTGGGCTCTGCTCTTGGG,GTGGGTCTCGTCTCTGATCTTTA
CGAGGATGTGGCTCACAGACGGG,GAGGACGTGGCTCATACACTGGT
CGAGGATGTGGCTCACAGACGGG,CTGAGGATCTGGCCCTCAGACAG
CGAGGATGTGGCTCACAGACGGG,TGGACGAGCTGGTTCACAGACTG
CGAGGATGTGGCTCACAGACGGG,TTGAGGATGTGGGTCAAAGACAA
CGAGGATGTGGCTCACAGACGGG,AATCATGTGGCTCACAGTCAGGC
CGAGGATGTGGCTCACAGACGGG,GTGGATGTGGCTCAAAAATGGGT
CGAGGATGTGGCTCACAGACGGG,GAAGAAGGGGCTCACAGACCGGT
GACAGTCTGCTGTGTACCAGAGG,GTAGACTGCTGTGTGCCAGTAGA
GAGGTCTGGGCTCTGCTCTTGGG,CGGGGTCAGAGCTTTGCTGTTGG
GAGATATTGCTTGTTTGAAATGG,AGGGATTTTGTTTATTTAAAACA
GACAGTCTGCTGTGTACCAGAGG,CTGCAGTCTTCTGTGAATCAGTG
GACAGTCTGCTGTGTACCAGAGG,GTGCAGTCCGCTCTGCACCAGTG
GACAGTCTGCTGTGTACCAGAGG,TAGCACTCTGCTGAGTACAAGCG
GACAGTCTGCTGTGTACCAGAGG,AAAATATGCTGTGTACCAGGGGT
GACAGTCTGCTGTGTACCAGAGG,AAAATATGCTGTGTACCAGGGGT
GACAGTCTGCTGTGTACCAGAGG,TGAAAGTATGCTATGTACCAGGG
GACAGTCTGCTGTGTACCAGAGG,TGAAAGTATGCTATGTACCAGGG
GAGATATTGCTTGTTTGAAATGG,AGTGAAATGACTTGTTTGAAAGG
GAGATATTGCTTGTTTGAAATGG,CGGTAAGATGCTTGTTTGAAAAG
GACAGTCTGCTGTGTACCAGAGG,TGGCTGTGTGCTGTGTGTCAGAG
GAGATATTGCTTGTTTGAAATGG,TGGTATATTGTTTGTATGAATTG
GAGATATTGCTTGTTTGAAATGG,AGAGATATTGCTAGTTTTAAATG
GAGATATTGCTTGTTTGAAATGG,TGTTTATCTGCGTTTACCTGTGT
GAGATATTGCTTGTTTGAAATGG,AGATATTGCTATTTTAAAATGGT
GAGATATTGCTTGTTTGAAATGG,TGTGATATTGCTTATTGAAAATG
GAGATATTGCTTGTTTGAAATGG,ATATATTGCTAGTATGAAATGGT
GAGATATTGCTTGTTTGAAATGG,AGGGATAATGCTATTTTAAAATG
GAGATATTGCTTGTTTGAAATGG,GGATATTGATTGTCAAAAAGGGG
GACAGTCTGCTGTGTACCAGAGG,CCACCCTGCTGTGTACCAGCAGT
GACAGTCTGCTGTGTACCAGAGG,TCACTGTGCTGTGTACCTGAGGT
GACAGTCTGCTGTGTACCAGAGG,ACACACTGCTGTGTGCCAGAGGG
GACAGTCTGCTGTGTACCAGAGG,ATACAGTCTGCTGTGAACCATTA
GACAGTCTGCTGTGTACCAGAGG,GATCAGTCGGCTGTGTACCAATG
GACAGTCTGCTGTGTACCAGAGG,GCAGTCAGCTGTGTAAATGGAGC
GACAGTCTGCTGTGTACCAGAGG,TGGCAATCTGCTGTGTAAATGAA
GACAGTCTGCTGTGTACCAGAGG,TCAGTCTGCTGTGTGTCTGTGGT
GACAGTCTGCTGTGTACCAGAGG,GCAGTCTGCTTTATACAAGAAGA
GACAGTCTGCTGTGTACCAGAGG,AAAGTCTTGTGTGTACCAGAAGT
GACAGTCTGCTGTGTACCAGAGG,GCTGTGTGCTGTTTACCTGAGGA
GACAGTCTGCTGTGTACCAGAGG,GTGCAGTATGATGTTTACCAGAA
GACAGTCTGCTGTGTACCAGAGG,GTAGTCTGCTGTGTGCCGGTGGT
GACAGTCTGCTGTGTACCAGAGG,GCAGTGTGCTGTGTAACAGCAGA
GACAGTCTGCTGTGTACCAGAGG,TCGCAGTCTGCTGTGCATCATGG
GACAGTCTGCTGTGTACCAGAGG,GCAGTCGCCTGTGTATCGGCGGC
GACAGTCTGCTGTGTACCAGAGG,GGGCATGCTGCTGCGTACCTGCG
GACAGTCTGCTGTGTACCAGAGG,GGACATTCTGCTTTATACCAGTG
GACAGTCTGCTGTGTACCAGAGG,GGGCAGTTTGGTCTGTAACAGGG
GACAGTCTGCTGTGTACCAGAGG,GCAGAATGATGTGTACCTGAAGG
GACAGTCTGCTGTGTACCAGAGG,CGAGAGTCTGCTGTCTATCAGGG
GAGGTCTGGGCTCTGCTCTTGGG,GCTGGTCTGGGCTCTGATGTTCG
GAGGTCTGGGCTCTGCTCTTGGG,AGGGTTCAGGACTCTGCTCTACA
GAGCAGCTGATCAGTCGCGTGGG,CTGGCAGCTGATCAGACACATGA
GGTTCGGCAGTATGTGGTGCAGG,GTTCGGGTGTATGAGGTGCTGGG
GGTTCGGCAGTATGTGGTGCAGG,GTTTTGCAGTTTGTGGTGCAGGA
GGTTCGGCAGTATGTGGTGCAGG,TTTCTGCAGTATGTAATGCAAGG
GGTTCGGCAGTATGTGGTGCAGG,GTACGGCAGCGTGTGGTCCCGGG
GGTTCGGCAGTATGTGGTGCAGG,CTTCTGCAGTATGTGCTGCAGGG
GGTTCGGCAGTATGTGGTGCAGG,AGATTCAGAAGTATGTGATGCTA
GGTTCGGCAGTATGTGGTGCAGG,GTTCGGCAGAGGGTGGTGCTGGA
GGTTCGGCAGTATGTGGTGCAGG,GTTGGGGAGAATGTGGTGATGGA
GGTTCGGCAGTATGTGGTGCAGG,GGGAGAGGAAGTATGTGGTGCTG
GGTTCGGCAGTATGTGGTGCAGG,GGGCTCGGTAAAATGTGGTGCCG
TGCAGCCGATCTGAAGACGTGGG,GGGCAGTCTATATAAAGACGTGT
GGTTCGGCAGTATGTGGTGCAGG,CCCGTCCGAGTCGGGTTCCCAGC
GGTTCGGCAGTATGTGGTGCAGG,GGGATCGGCAAAATGAGGTGCCG
GGTTCGGCAGTATGTGGTGCAGG,GATCGGCAAAATGAGGTGCCGGT
GGTTCGGCAGTATGTGGTGCAGG,GTTATGTAGTATGTGGTGCAGGG
GGTTCGGCAGTATGTGGTGCAGG,GATCGGTAATATGAGGTGCCGGA
GGTTCGGCAGTATGTGGTGCAGG,GGGTTCGGTAAAATGAGGTGCGG
GGTTCGGCAGTATGTGGTGCAGG,GGGTTCGGTAAAATGAGGTGCCG
GGTTCGGCAGTATGTGGTGCAGG,GATCAGTAATATGTGGTGCCGGA
GGTTCGGCAGTATGTGGTGCAGG,AAGTTCGGGAGCAGGTGGTGCTG
GGTTCGGCAGTATGTGGTGCAGG,GTTCGCCATTATGTGTAGCTGGA
GGTTCGGCAGTATGTGGTGCAGG,GTTTGTCAATATGTGGTGCAAGT
GGTTCGGCAGTATGTGGTGCAGG,GTTCGCTAGGATGTGGTGTTGGA
GAGCAGCTGATCAGTCGCGTGGG,AAGACAGCTGATCAGTCATGTGA
GAGCAGCTGATCAGTCGCGTGGG,GGCAATTGATCAGTCAAGTCAGT
GAGCAGCTGATCAGTCGCGTGGG,GGCAGCTGATTAGTCACGTGAGT
GAGCAGCTGATCAGTCGCGTGGG,GGCAATTGATCAGTCTCGTAGGG
GAGCAGCTGATCAGTCGCGTGGG,AAGTCAGCTGATTAGTCACGTGG
GAGCAGCTGATCAGTCGCGTGGG,AGCAGCTGATTAGTCATGTTGGT
GAGCAGCTGATCAGTCGCGTGGG,GAGGCAGCTGATTAGTCATGTGG
GAGCAGCTGATCAGTCGCGTGGG,GAGGCAACTGATTAGTCGTGTGG
GAGCAGCTGATCAGTCGCGTGGG,GACAGCTGATTAGTCACGTGGGT
GGTTCGGCAGTATGTGGTGCAGG,TTTTGGCACTATGTGCTGCAGGA
GGTTCGGCAGTATGTGGTGCAGG,ATTCAGAGGTATGTGGTGCCCGC
GGTTCGGCAGTATGTGGTGCAGG,GTTCTACAGTATGTAATGCCGAA
GGTTCGGCAGTATGTGGTGCAGG,TGATTCGCCAGGATGTGGTGCCA
GGTTCGGCAGTATGTGGTGCAGG,CGGTGCTGCTGTATTTGGTGCTG
GGTTCGGCAGTATGTGGTGCAGG,AGGATCGGTAGAATGAGGTGCCA
GGTTCGGCAGTATGTGGTGCAGG,GTTCGACACTATTTGGTTCGGGT
GGTTCGGCAGTATGTGGTGCAGG,GTCTGGCGGTATGTGGTGCGAGG
TGCAGCCGATCTGAAGACGTGGG,GCAGCCGTTATAAAGAAGTGGAG
TGCAGCCGATCTGAAGACGTGGG,TGACAGCTGATCTGAAGACTTTT
GAGGTCTGGGCTCTGCTCTTGGG,TGGGATCTCTGCTCTGCTCTACA
GAGGTCTGGGCTCTGCTCTTGGG,GGGTCTGGGCTCCACACTTGAGT
TGCAGCCGATCTGAAGACGTGGG,TGTCACCCGATCAGAAGAAGTGG
TGCAGCCGATCTGAAGACGTGGG,AAGCAGTCTATCTCAAGACGTGG
TGCAGCCGATCTGAAGACGTGGG,GGGCAGCACATCTGAAGAAGTAG
TGCAGCCGATCTGAAGACGTGGG,AGGCAGCAGAAATGAAGATGTGG
TGCAGCCGATCTGAAGACGTGGG,CTCTCCGCAGCAGCAGCCGCACC
GAGGTCTGGGCTCTGCTCTTGGG,ATAGCAAATATGAGCGAATATTT
GAGGTCTGGGCTCTGCTCTTGGG,AGGGGCCTGTGGTCTCCTCTTTG
GAGGTCTGGGCTCTGCTCTTGGG,GTGGGTCTGGGCTCCACACTTGA
GAGGTCTGGGCTCTGCTCTTGGG,GGGTCTGGGCTCCACACTTGAGT
TGCAGCCGATCTGAAGACGTGGG,GGAGCCAATTTGAAGACCTGAGG
GAGGTCTGGGCTCTGCTCTTGGG,GTGGGTCTGGGCTCCACACTTGA
GAGGTCTGGGCTCTGCTCTTGGG,GTGGGTCTGGGCTCCACACTTGA
GAGGTCTGGGCTCTGCTCTTGGG,GGGTCTGGGCTCCACACTTGAGT
GAGGTCTGGGCTCTGCTCTTGGG,GGGTCTGGGCTCCACACTTGAGT
GAGGTCTGGGCTCTGCTCTTGGG,GGGGCTGGGCTATGCTAATGGGA
GAGGTCTGGGCTCTGCTCTTGGG,TTGTGTGGGCTCTGATCTTCAGA
GAGGTCTGGGCTCTGCTCTTGGG,GGCATTCAGGGCTCTGCTCTTAA
GAGGTCTGGGCTCTGCTCTTGGG,GGCATTCAGGGCTCTGCTCTTAA
TGCAGCCGATCTGAAGACGTGGG,CAGCAGCAGATCTCAAGATGTTG
TGCAGCCGATCTGAAGACGTGGG,GCCGCAGATCTGAAGACTTTGGT
TGCAGCCGATCTGAAGACGTGGG,TGGCAGCGATTCTGAAGACGATG
TGCAGCCGATCTGAAGACGTGGG,AAGCATCCTATCAGAAGACGTTG
TGCAGCCGATCTGAAGACGTGGG,TGGGAGGCGATCTGAAGTAGTCG
TGCAGCCGATCTGAAGACGTGGG,TGGCAGCCAGTGTGAAGACCTGA
TGCAGCCGATCTGAAGACGTGGG,AGAAAGCCGATCTGCAGAGGTGG
TGCAGCCGATCTGAAGACGTGGG,AGGCAACAAAGCTGAAGACGTGG
TGCAGCCGATCTGAAGACGTGGG,TGACAGCCAATCAGAAGAGGTCA
TGCAGCCGATCTGAAGACGTGGG,TGGCAGCTGACCTGAAGATGCTG
TGCAGCCGATCTGAAGACGTGGG,GCAGTCGGTTTGAAGAAGTCAGA
TGCAGCCGATCTGAAGACGTGGG,GCAGCCAATGTAAAGACCTGAGG
TGCAGCCGATCTGAAGACGTGGG,TGGCAGCCAATGTAAAGACCTGA
TGCAGCCGATCTGAAGACGTGGG,GCAGCCAATGTAAAGACCTGAGG
TGCAGCCGATCTGAAGACGTGGG,GAAGCCGATATGAAGATGTAGAT
TGCAGCCGATCTGAAGACGTGGG,GCAGAATATCTGACGACGTCAGC
TGCAGCCGATCTGAAGACGTGGG,GCAGTCAATCTGAAGTCGTCAGA
TGCAGCCGATCTGAAGACGTGGG,GCAGCCTATCCGAAGACGCTGGT
TGCAGCCGATCTGAAGACGTGGG,GCAGACGAGCTGAAAACATCAGA
TGCAGCCGATCTGAAGACGTGGG,AGGCAGCCCATCTGGAGAAGAGG
TGCAGCCGATCTGAAGACGTGGG,GGGCATCCGCTCTGTAAACGTAG
GTCTCCTGCTAAATTCCGAAAGG,GGGTTCATGCTAAATTACGAGAT
