OffTargetSequence,TargetSequence
AATGGGCATGTTAAGTTCATTCG,GAGGGGCATGTCTAGTTCATTGG
GAGAGAGACAGATGGGCGAGAGA,GAGAGAGTCAGGTGAGCGAGGGG
GAGAGTGCCAGGTGAGTGATGGA,GAGAGAGTCAGGTGAGCGAGGGG
GAGAGAGTCCAGAGAGAGAGGAA,GAGAGAGTCAGGTGAGCGAGGGG
GAGATGGACAGGTGAGCAATGGT,GAGAGAGTCAGGTGAGCGAGGGG
CAGAGAGTGGGGTGAGGGTGGAG,GAGAGAGTCAGGTGAGCGAGGGG
GAAAGAGTGAGGTTAGCGAAGCG,GAGAGAGTCAGGTGAGCGAGGGG
AAGAGAGTCAGGGAAGGGGGAGG,GAGAGAGTCAGGTGAGCGAGGGG
GAGAGAGAAAAATGAGAGAGAGG,GAGAGAGTCAGGTGAGCGAGGGG
AAGAGAGTAAGGAGAGAGAGGGA,GAGAGAGTCAGGTGAGCGAGGGG
GAGAGACTGGGTGGAGGGAGGGG,GAGAGAGTCAGGTGAGCGAGGGG
GAGAGAGAGAGATGAGCGGGAAG,GAGAGAGTCAGGTGAGCGAGGGG
GAGAGAGAGAGATGAGCGAGAGA,GAGAGAGTCAGGTGAGCGAGGGG
GAGAGAGACAGGAGAGAGAGGGA,GAGAGAGTCAGGTGAGCGAGGGG
GAGAGAGAGGGGGGGGGGAGGGG,GAGAGAGTCAGGTGAGCGAGGGG
GAGATAATCAAGAGAACGAGGAG,GAGAGAGTCAGGTGAGCGAGGGG
GAGAGAGTCTGCTGGGCGAGCGG,GAGAGAGTCAGGTGAGCGAGGGG
GAGAGATGCAGGAGAGAGAGAGA,GAGAGAGTCAGGTGAGCGAGGGG
AAGAGAGTCAGAGGAGGAAGGAG,GAGAGAGTCAGGTGAGCGAGGGG
TGGAGAGTCAGGTGAGGGAGCTT,GAGAGAGTCAGGTGAGCGAGGGG
AAGAGATTGAGGTGAGCGGGAGG,GAGAGAGTCAGGTGAGCGAGGGG
GACTGACCCAGGTGGGGGAGGGG,GAGAGAGTCAGGTGAGCGAGGGG
GAAAGAGACAGATGAGAGAGAGG,GAGAGAGTCAGGTGAGCGAGGGG
GAGAGAGAGAAGGGAGCGAGAAG,GAGAGAGTCAGGTGAGCGAGGGG
GAGAGAGAGAGGGGAGGGGGGGG,GAGAGAGTCAGGTGAGCGAGGGG
GAGAGAGAGAGGAGAGAGAGGGA,GAGAGAGTCAGGTGAGCGAGGGG
CAGAGAATCAAGTGAACGAGACG,GAGAGAGTCAGGTGAGCGAGGGG
GAGAGAGTCAGGACAGTGAGGTG,GAGAGAGTCAGGTGAGCGAGGGG
GAGAGAGAGAGGCGAGCGAGAGA,GAGAGAGTCAGGTGAGCGAGGGG
AAGAGAGTGAACTGAACAAGGGG,GAGAGAGTCAGGTGAGCGAGGGG
GAGATAGTCAAATGTATGAGGGG,GAGAGAGTCAGGTGAGCGAGGGG
GAGAGAGACACATCAGCGAGGGC,GAGAGAGTCAGGTGAGCGAGGGG
GAGAGAAGCAGATGAGAGAGTGA,GAGAGAGTCAGGTGAGCGAGGGG
GAGAGATTGAGGTGAGCGGGAGG,GAGAGAGTCAGGTGAGCGAGGGG
GAGAGAGAGAGAGGAGGGGGGGG,GAGAGAGTCAGGTGAGCGAGGGG
GAGATAATCAAGTGAGAGAGAGC,GAGAGAGTCAGGTGAGCGAGGGG
AAGACAGACAGATGAGCAAGAGG,GAGAGAGTCAGGTGAGCGAGGGG
AAGAGAGTCAGGAGAGGAGCGGG,GAGAGAGTCAGGTGAGCGAGGGG
GACAGAGTCAGGTGAAGTACAGG,GAGAGAGTCAGGTGAGCGAGGGG
GAGAGAGAGAGATGAACGTGTGG,GAGAGAGTCAGGTGAGCGAGGGG
GAGAAAGACAAGTGAGCGTGGGC,GAGAGAGTCAGGTGAGCGAGGGG
AAGTGTGTCAAGTGAACGAGAGG,GAGAGAGTCAGGTGAGCGAGGGG
GAGAGAGAGAGATGAGCAATGGG,GAGAGAGTCAGGTGAGCGAGGGG
GGGAGAGTCATGTGAGCAGAAGG,GAGAGAGTCAGGTGAGCGAGGGG
GAGAGAGAGGAGTGAGCAAGGAG,GAGAGAGTCAGGTGAGCGAGGGG
GAGAGAGAGAGAGGAGGGGGGGG,GAGAGAGTCAGGTGAGCGAGGGG
GAGAGAGAGAGGAGAGAGAGAGA,GAGAGAGTCAGGTGAGCGAGGGG
GAGAGAGGCAGGTGGGAGGCGGC,GAGAGAGTCAGGTGAGCGAGGGG
AAGAGAGAAAGGAGAGAGAGGGG,GAGAGAGTCAGGTGAGCGAGGGG
GAGAGAGAGAGGGAAGAGAGGAG,GAGAGAGTCAGGTGAGCGAGGGG
AAGAGAAGCCGGCGAGCGAGGTG,GAGAGAGTCAGGTGAGCGAGGGG
GAGAGAGAGAGGAGAGAGAGAGA,GAGAGAGTCAGGTGAGCGAGGGG
GAGAGAGAGAGATGGGGGAAGGG,GAGAGAGTCAGGTGAGCGAGGGG
GAGAGATTCAGAAAAGAGAGAGG,GAGAGAGTCAGGTGAGCGAGGGG
GAGAGCTTCAGGATAGCAAGAGG,GAGAGAGTCAGGTGAGCGAGGGG
GAGTGAGACACGTGAGAGAGTGG,GAGAGAGTCAGGTGAGCGAGGGG
AATTGAGTCAGGGGGGCGAGAGG,GAGAGAGTCAGGTGAGCGAGGGG
GAGAGAGAAAGATGAGAGAGAGA,GAGAGAGTCAGGTGAGCGAGGGG
GAGAGAGAGAAGTGGGGGAGGGG,GAGAGAGTCAGGTGAGCGAGGGG
GAGAGAGCCAGCTGAGCGGGGAG,GAGAGAGTCAGGTGAGCGAGGGG
GAGAGAGAGAGGGGAGGCATGGG,GAGAGAGTCAGGTGAGCGAGGGG
GAGAGAGTGAGGGGGGGGGGGGG,GAGAGAGTCAGGTGAGCGAGGGG
GAGAGAGACAGATGAAGGGAGGG,GAGAGAGTCAGGTGAGCGAGGGG
GAGAGAGAGAGGAGGGGGATGGG,GAGAGAGTCAGGTGAGCGAGGGG
GAAAGAGACAGGTGAGCGGTGAG,GAGAGAGTCAGGTGAGCGAGGGG
GAGAGAGAGAGGGGAGGGAGGGG,GAGAGAGTCAGGTGAGCGAGGGG
GAGAGAGGCCAGAGAGCGAGAGG,GAGAGAGTCAGGTGAGCGAGGGG
GAGAGAGAGAGGCCAGAGAGTGG,GAGAGAGTCAGGTGAGCGAGGGG
AGCAGAGTCAGGTGAGCTACAGG,GAGAGAGTCAGGTGAGCGAGGGG
TGGAGTGCCAGGTGAGCCAGGAG,GAGAGAGTCAGGTGAGCGAGGGG
GAGAGAGAGAGGAGGGGGAGGGA,GAGAGAGTCAGGTGAGCGAGGGG
GAGAGACTGAAGTGAGCAGGGGA,GAGAGAGTCAGGTGAGCGAGGGG
GCTAGAGTTAGACGAGAGAGGGG,GAGAGAGTCAGGTGAGCGAGGGG
AAAAGAGGAAGGTTAGCGAGGAG,GAGAGAGTCAGGTGAGCGAGGGG
AGGAGAGACAGGAGAGCAAGTGG,GAGAGAGTCAGGTGAGCGAGGGG
GAGAGAGAGAGGAGAGGGAGTGG,GAGAGAGTCAGGTGAGCGAGGGG
GGGAAAGTCAGCGGAGCGAGGGG,GAGAGAGTCAGGTGAGCGAGGGG
GAGAGAGAAAAGAGAGTGAGGGG,GAGAGAGTCAGGTGAGCGAGGGG
GAGTGAGTCAAGAAAGCGATTGG,GAGAGAGTCAGGTGAGCGAGGGG
GAGAGAGAGAGAGGAGAGGGGGG,GAGAGAGTCAGGTGAGCGAGGGG
GAAGGAGTTAGGTGAGAGAATGG,GAGAGAGTCAGGTGAGCGAGGGG
CAGAGAGCCAGCTAAGCCAGAGG,GAGAGAGTCAGGTGAGCGAGGGG
GAAAGACACAGGTGAGAGAGGAG,GAGAGAGTCAGGTGAGCGAGGGG
GAGAAAGAAAAGGGAGAGAGGGG,GAGAGAGTCAGGTGAGCGAGGGG
GTGAGAGTGAGGTCAGCGAGGGG,GAGAGAGTCAGGTGAGCGAGGGG
GGAGGAGTCAGGTGCGTGAGGGG,GAGAGAGTCAGGTGAGCGAGGGG
CAGAGAGAAAGGTGGGCCTGGGG,GAGAGAGTCAGGTGAGCGAGGGG
AGGAGAGACAGGAGAGCAAGTGG,GAGAGAGTCAGGTGAGCGAGGGG
GAGAGAGAAAGATGAGGGACAGG,GAGAGAGTCAGGTGAGCGAGGGG
GAGAGAGAGAGGGGGGGGGGGGG,GAGAGAGTCAGGTGAGCGAGGGG
GAGAGAGAGAGGGGAGAGAAGAG,GAGAGAGTCAGGTGAGCGAGGGG
GAGAGAGACAGGGCAGAGAGGAG,GAGAGAGTCAGGTGAGCGAGGGG
GAGGGTCTACGGTGAGCGAGGAG,GAGAGAGTCAGGTGAGCGAGGGG
GAGAGATTCAGGAAAGTGATGGA,GAGAGAGTCAGGTGAGCGAGGGG
GAGAGAGAGAAGAGAGAGAGAGG,GAGAGAGTCAGGTGAGCGAGGGG
TAGAAAGTCAGGTGTGTGAGATG,GAGAGAGTCAGGTGAGCGAGGGG
GAGAGAGAAAGGAGAGAGAGAGA,GAGAGAGTCAGGTGAGCGAGGGG
GAGAGAAGCAGTTGAGCGAGAGT,GAGAGAGTCAGGTGAGCGAGGGG
AATACAGTCAGGTGAGGCAGTGG,GAGAGAGTCAGGTGAGCGAGGGG
GAGAGAGAGATGAGAGAGAGAGG,GAGAGAGTCAGGTGAGCGAGGGG
GAGAGAGTCAGGTTAACGGAGCC,GAGAGAGTCAGGTGAGCGAGGGG
GAGCCAGTCTGATGCGCGAGCGG,GAGAGAGTCAGGTGAGCGAGGGG
AAGAGAAGCAAGTGAGCGAGATG,GAGAGAGTCAGGTGAGCGAGGGG
GAGTGAGACAGATGAGAGAGTGA,GAGAGAGTCAGGTGAGCGAGGGG
GAGAGAGAGAGGGGGGGGGGGGG,GAGAGAGTCAGGTGAGCGAGGGG
GAGAGAGAGAGATGGGGGAGGGG,GAGAGAGTCAGGTGAGCGAGGGG
GGGAGAGTCAGCAGAGCGGGGGA,GAGAGAGTCAGGTGAGCGAGGGG
TTGAGAGACAGGTGAGGGGGGTG,GAGAGAGTCAGGTGAGCGAGGGG
GGGGGAGAAGGGTGAGCGAGGAG,GAGAGAGTCAGGTGAGCGAGGGG
GTTTAAGTCAGGTGAGGAAGGGG,GAGAGAGTCAGGTGAGCGAGGGG
TAGAGAGAGAGGAGAGCGAGAGA,GAGAGAGTCAGGTGAGCGAGGGG
GAGAGGGTCAGGTGACCAGTGGA,GAGAGAGTCAGGTGAGCGAGGGG
GAGAGAGAGAGGTGAGGAAAGAG,GAGAGAGTCAGGTGAGCGAGGGG
GATAGAATCAGCGGAGCGGGGAG,GAGAGAGTCAGGTGAGCGAGGGG
GAAGGCGTCAGGTGAGCAACCGG,GAGAGAGTCAGGTGAGCGAGGGG
GATTGAGTCAGGTGGAGAAGGGG,GAGAGAGTCAGGTGAGCGAGGGG
GAGAGAGAGAGGGGGGGGGGGGG,GAGAGAGTCAGGTGAGCGAGGGG
AAGAGAGGCAGGTGAGCAAGGAA,GAGAGAGTCAGGTGAGCGAGGGG
GAGAGAGACAGGCAAGAGAGCAG,GAGAGAGTCAGGTGAGCGAGGGG
TCGACAGTCAGGTGAGCGCTGGG,GAGAGAGTCAGGTGAGCGAGGGG
GAGAGATTCACTTGTGGGCGGGG,GAGAGAGTCAGGTGAGCGAGGGG
GAGAGAATAAGGAGAGTGAAGAG,GAGAGAGTCAGGTGAGCGAGGGG
GAGAGAGAGAGGGGGGGGGGGGG,GAGAGAGTCAGGTGAGCGAGGGG
GAGAGAGGCAGGGGAGGGGAGGG,GAGAGAGTCAGGTGAGCGAGGGG
GAGAGAGACAAATGAGGAAGAGG,GAGAGAGTCAGGTGAGCGAGGGG
CAGAGAGACAGATGAGAGAATGG,GAGAGAGTCAGGTGAGCGAGGGG
AAGAGAGACAGGAAAGCAAGGGT,GAGAGAGTCAGGTGAGCGAGGGG
GAGAGAGTCTGGTGAGAGGAAGC,GAGAGAGTCAGGTGAGCGAGGGG
GAGAGAGACTGATGAGGGAGAGG,GAGAGAGTCAGGTGAGCGAGGGG
GAGAGAGACAGTAGAGAGAATGG,GAGAGAGTCAGGTGAGCGAGGGG
GAGGGAGGCAGATGAGCGAAGAG,GAGAGAGTCAGGTGAGCGAGGGG
GAGAGAGAGAGCTGAATGAGGGA,GAGAGAGTCAGGTGAGCGAGGGG
GAGAGAGCTAGGGGAGAGATGGG,GAGAGAGTCAGGTGAGCGAGGGG
TAGAGAGGCAGGAAAGCGTGGGG,GAGAGAGTCAGGTGAGCGAGGGG
TAGAGAGCCAACTGAACGAGAGG,GAGAGAGTCAGGTGAGCGAGGGG
GACAGAGAGAGGCGAGGGAGGTG,GAGAGAGTCAGGTGAGCGAGGGG
GATGACTGGGCTCAGCTCTTGTG,GAGGTCTGGGCTCTGCTCTTGGG
CTGGTATGGGCTCTGCTGTTGGT,GAGGTCTGGGCTCTGCTCTTGGG
TACCTCAGGGCTCTGTTCTTGGG,GAGGTCTGGGCTCTGCTCTTGGG
GAGGAGAGGGCTCTGAACTTGGG,GAGGTCTGGGCTCTGCTCTTGGG
AAAGTCTGCTCTCTGCTCTGGGG,GAGGTCTGGGCTCTGCTCTTGGG
GAGTTCTTGGCTCGGCTCTTGAG,GAGGTCTGGGCTCTGCTCTTGGG
TACCACTGGGCTCTGTTCTTGGG,GAGGTCTGGGCTCTGCTCTTGGG
CTGTTCTTGGCTCTGTTCTTGGG,GAGGTCTGGGCTCTGCTCTTGGG
GAGGTGTTGACTCTGCTCTTCAG,GAGGTCTGGGCTCTGCTCTTGGG
CAGCTCTGGGATCTGCTCCTGTG,GAGGTCTGGGCTCTGCTCTTGGG
TACCTCAGGGCTCTGTTCTTGGG,GAGGTCTGGGCTCTGCTCTTGGG
CACGTCTGTGCTCTGCTCCTGGT,GAGGTCTGGGCTCTGCTCTTGGG
GAGCTCAGGGCTCTGTCCTTGGA,GAGGTCTGGGCTCTGCTCTTGGG
CACCTCAGGGCTCTGTTCTTGGG,GAGGTCTGGGCTCTGCTCTTGGG
TACCTCAGGGCTCTGTTCTTGGG,GAGGTCTGGGCTCTGCTCTTGGG
GAGCTCTGTGCGCTGCTCATGGG,GAGGTCTGGGCTCTGCTCTTGGG
GCATGGGGGTCCAAAGCCTCCGG,TGGTGCGGGTCAAAAGCCTCCGG
AATGCCAGGGCTCTGCTCTAGGG,GAGGTCTGGGCTCTGCTCTTGGG
AAGGTCATTGCGCTGCTCTTGGG,GAGGTCTGGGCTCTGCTCTTGGG
GCGGTCAGGGCTCCGCTCAGGGG,GAGGTCTGGGCTCTGCTCTTGGG
GAGCTCAGGGCTCTCTTCCTGGG,GAGGTCTGGGCTCTGCTCTTGGG
CAGATCTGGGCTCTTTTCTTGGA,GAGGTCTGGGCTCTGCTCTTGGG
GAGGTCTGGGCTCTGCTCTTGGG,GAGGTCTGGGCTCTGCTCTTGGG
GAGGTCTGAGCTGTTCTCCTGGT,GAGGTCTGGGCTCTGCTCTTGGG
GCGCTCTGGGCTTTGCTCTCGGG,GAGGTCTGGGCTCTGCTCTTGGG
TACCTCAAGGCTCTGCTCTTGGG,GAGGTCTGGGCTCTGCTCTTGGG
TACCTCAGGGCTCTGTTCTTGGG,GAGGTCTGGGCTCTGCTCTTGGG
TTAGTCAGGGCTCTTCTCTTGGG,GAGGTCTGGGCTCTGCTCTTGGG
GATGTCTGTGCTTTGACCTTGGG,GAGGTCTGGGCTCTGCTCTTGGG
GAAGACTGGGGTCTGTTCTTGTG,GAGGTCTGGGCTCTGCTCTTGGG
TGGTGCTGATAAAAAGCCTTGGG,TGGTGCGGGTCAAAAGCCTCCGG
TACCTCAGGGCTCTGTTCTTGGG,GAGGTCTGGGCTCTGCTCTTGGG
TCCAGTGCTTTTGGCTGATAAGA,AGCAGTGCTTTTGGCTGATACGG
AGCAGTGCTTTTGGCTGATACGG,AGCAGTGCTTTTGGCTGATACGG
AGTGGTGCTTTTGACTGATATGG,AGCAGTGCTTTTGGCTGATACGG
GCAGTGCTAATAGCTGATAAAGT,AGCAGTGCTTTTGGCTGATACGG
GTGGTGCTTTTGACTGATATGGT,AGCAGTGCTTTTGGCTGATACGG
AGGTGTTGACTCTGCTCTTCAGC,GAGGTCTGGGCTCTGCTCTTGGG
GAGGGGCATGTCTAGTTCATTGG,GAGGGGCATGTCTAGTTCATTGG
AGAGACATCAGGACCTGAGGGAG,GTGACATCAAGTCCCGAGGGAGG
TGAGATGAAGTCCCGAGGGGGAC,GTGACATCAAGTCCCGAGGGAGG
TGACATCAAGTCCTGTTGGTGGC,GTGACATCAAGTCCCGAGGGAGG
CCGGGGACATTTCTAGTTCAGTG,GAGGGGCATGTCTAGTTCATTGG
GGTGACATCAAGACCCGTGGGGT,GTGACATCAAGTCCCGAGGGAGG
CTTGCGGGTCCAAAGCCTCCGGA,TGGTGCGGGTCAAAAGCCTCCGG
GGAAAGTCAAGTGAGAGAAGGGA,GAGAGAGTCAGGTGAGCGAGGGG
AAGGAGAGACAGGAGAGCAAGTG,GAGAGAGTCAGGTGAGCGAGGGG
GGAGAGACAGGAGAGCAAGTGGT,GAGAGAGTCAGGTGAGCGAGGGG
AAGGAGAGACAGGAGAGCAAGTG,GAGAGAGTCAGGTGAGCGAGGGG
GGGGAAAGCCACGTGAGCAAGGG,GAGAGAGTCAGGTGAGCGAGGGG
AGAGAGAGTCTGCTGGGCGAGCG,GAGAGAGTCAGGTGAGCGAGGGG
TGGGAGAGTCAAATGAGACAGTG,GAGAGAGTCAGGTGAGCGAGGGG
CAGGAGAGTGAGGAGAGTGAGAG,GAGAGAGTCAGGTGAGCGAGGGG
AGTGAGAGTGAGGTCAGCGAGGG,GAGAGAGTCAGGTGAGCGAGGGG
GGAAAGTCAGCGGAGCGAGGGGT,GAGAGAGTCAGGTGAGCGAGGGG
CGAGAGATTGAGGTGAGCGGGAG,GAGAGAGTCAGGTGAGCGAGGGG
ATTGGAGCTTATGGCTGATACGG,AGCAGTGCTTTTGGCTGATACGG
AGCAGAGCTTTCAGCTAATATGG,AGCAGTGCTTTTGGCTGATACGG
AGCAGTGCTAATAGCTGATAAAG,AGCAGTGCTTTTGGCTGATACGG
ATCAGTGCTTCAGGCTGATGTGG,AGCAGTGCTTTTGGCTGATACGG
TGCAGTGCTTTTGGCAGGTATTG,AGCAGTGCTTTTGGCTGATACGG
AGCAGTGCTCACAGCTGATAAGG,AGCAGTGCTTTTGGCTGATACGG
AGCAGGGCTGATGGCTGATAGTG,AGCAGTGCTTTTGGCTGATACGG
AGAAGTGCTTTTGGTTGAATAGG,AGCAGTGCTTTTGGCTGATACGG
TGGTGCGTGTCAAGAGTCTCCGC,TGGTGCGGGTCAAAAGCCTCCGG
GCTTGCGGGTCCAAAGCTTCCGG,TGGTGCGGGTCAAAAGCCTCCGG
GAGAGAGAAAGGTGAGCAAGCTG,GAGAGAGTCAGGTGAGCGAGGGG
GAGAGAGGGAGGTGGGGGTGGAG,GAGAGAGTCAGGTGAGCGAGGGG
GAGAGAGAGAGAGGAGGGAGGGA,GAGAGAGTCAGGTGAGCGAGGGG
GAGAGAGAGAAAGGAGCGAGGGA,GAGAGAGTCAGGTGAGCGAGGGG
TAGAGAGAAAGGCAAGAGAGGGG,GAGAGAGTCAGGTGAGCGAGGGG
GAGAGAGACAGAGGAGGGAGAGA,GAGAGAGTCAGGTGAGCGAGGGG
CATGGAGTCAGATGAGCCAGAGG,GAGAGAGTCAGGTGAGCGAGGGG
GAGAGAGAGAGACGAGAGAGGGG,GAGAGAGTCAGGTGAGCGAGGGG
CAGAGGGCCAGGCGAGCAGGGGG,GAGAGAGTCAGGTGAGCGAGGGG
GAGAGAGAAGGGCGAGCGAGACG,GAGAGAGTCAGGTGAGCGAGGGG
GGGAAACCCAGGTGAGCTTGGGG,GAGAGAGTCAGGTGAGCGAGGGG
GAGAGAGAGAACTGAGAGAGAGG,GAGAGAGTCAGGTGAGCGAGGGG
GAGAGAGACAGATGAGTGTAGGG,GAGAGAGTCAGGTGAGCGAGGGG
CTGAGAAACAGGTGAGCGATGGA,GAGAGAGTCAGGTGAGCGAGGGG
GAGTCAGTCTGAGGAGCGAGCGG,GAGAGAGTCAGGTGAGCGAGGGG
GAGAGAGAGAGGAGAGAGAGAGG,GAGAGAGTCAGGTGAGCGAGGGG
CAGAGAGTGAAGTGAGGGGGGGG,GAGAGAGTCAGGTGAGCGAGGGG
GGGTAGGGTTCCAAAGCCTCCGG,TGGTGCGGGTCAAAAGCCTCCGG
GAGAGAGAGAGGGGGGGGAGAGG,GAGAGAGTCAGGTGAGCGAGGGG
GGGAAAGCCACGTGAGCAAGGGG,GAGAGAGTCAGGTGAGCGAGGGG
GAGTAAATCAGGTGATCGAAAGG,GAGAGAGTCAGGTGAGCGAGGGG
GTGAGAGTCATGTGAGGATGGGG,GAGAGAGTCAGGTGAGCGAGGGG
GAGAGAGAGAAGTGAGAGAGAGA,GAGAGAGTCAGGTGAGCGAGGGG
ACGAGAGTCAGGTGAGCTCTGCG,GAGAGAGTCAGGTGAGCGAGGGG
GAGAGAGAGAGACGAACGAGCGG,GAGAGAGTCAGGTGAGCGAGGGG
GAGAGAGAGAGGGGGGGGGGGGG,GAGAGAGTCAGGTGAGCGAGGGG
GAGAGAGCCAGGGGAACATGGAG,GAGAGAGTCAGGTGAGCGAGGGG
GAGAGTGTCAGAGGAGGGAAAGG,GAGAGAGTCAGGTGAGCGAGGGG
GAGAGAGATAGGAGAGAGAGATG,GAGAGAGTCAGGTGAGCGAGGGG
AAGAAAGTCAGGCGAGCAATGGT,GAGAGAGTCAGGTGAGCGAGGGG
GAGAGAGGAAGAAGAGGGAGAGG,GAGAGAGTCAGGTGAGCGAGGGG
GAGAGAAGGGGGAGAGGGAGGGG,GAGAGAGTCAGGTGAGCGAGGGG
GAGAGAAGGAGGGTAGAGAGGGG,GAGAGAGTCAGGTGAGCGAGGGG
GAGAGAGGTAGATGGGGGAGGGG,GAGAGAGTCAGGTGAGCGAGGGG
GAGCCAGTCATGTGAGATATGGG,GAGAGAGTCAGGTGAGCGAGGGG
GAGCGAGCCAGGTGAGCCAAGGC,GAGAGAGTCAGGTGAGCGAGGGG
TGGAGCGTGTCAAGAGTCTCCGT,TGGTGCGGGTCAAAAGCCTCCGG
TGATGCGGGTCACAAACCTAAGG,TGGTGCGGGTCAAAAGCCTCCGG
TGGTGCTGGTCAAGAGTCTCCAG,TGGTGCGGGTCAAAAGCCTCCGG
TGGTACGGGTCAAAATTTTCAGG,TGGTGCGGGTCAAAAGCCTCCGG
TGGTGCGGGTCAAAAGCCTCCGG,TGGTGCGGGTCAAAAGCCTCCGG
ACATGCGGGTCAAAAACCTCCGA,TGGTGCGGGTCAAAAGCCTCCGG
TGGTGTGGAACAACAGCCTCTGG,TGGTGCGGGTCAAAAGCCTCCGG
TAGTGGGGGTCACAAGACTCTGG,TGGTGCGGGTCAAAAGCCTCCGG
AGGTGCGGACCAAAAGTCTTCGG,TGGTGCGGGTCAAAAGCCTCCGG
GCTTGCGGGTCCAAAGCCTCCGG,TGGTGCGGGTCAAAAGCCTCCGG
TAGTGGGGGTCACAAGTCTCTGG,TGGTGCGGGTCAAAAGCCTCCGG
TGGTGCTGATCAAAAACCTCCTG,TGGTGCGGGTCAAAAGCCTCCGG
TGGTGCAGTTCTAAAGCCTTTGG,TGGTGCGGGTCAAAAGCCTCCGG
TGCAGAGCTGGTGGGCCTTCAGG,TGGGAAGCTCCTGGGCCTTCAGG
TGGGAGACTCCTGGAACTTCTGG,TGGGAAGCTCCTGGGCCTTCAGG
TGGGATTCTTCTGGGCCTTGGGA,TGGGAAGCTCCTGGGCCTTCAGG
CGGGAGACTCCTGGAACTTCCGG,TGGGAAGCTCCTGGGCCTTCAGG
TTCGAGGCCGATGGGCCTTCAGG,TGGGAAGCTCCTGGGCCTTCAGG
TGTGCGGCCCATGGGCCTTCAGG,TGGGAAGCTCCTGGGCCTTCAGG
TTAGGAGCCCCTGGGCCTCCTGG,TGGGAAGCTCCTGGGCCTTCAGG
CGGGAGACTCCTGGAACTTCTGG,TGGGAAGCTCCTGGGCCTTCAGG
CGGGAGACTCCTGGAACTTCCGG,TGGGAAGCTCCTGGGCCTTCAGG
TGTGTATGTCCTGGACCTCCAGG,TGGGAAGCTCCTGGGCCTTCAGG
AGAAAGGCTCCTGGTCCTTCTGG,TGGGAAGCTCCTGGGCCTTCAGG
ATGCCAACTCCTGGGCCTTCAGA,TGGGAAGCTCCTGGGCCTTCAGG
AGGGAGACTCCCGGACCTTCTGG,TGGGAAGCTCCTGGGCCTTCAGG
GAGATAGCCTGGCGAGCGAGCAG,GAGAGAGTCAGGTGAGCGAGGGG
GTAAGAGTCAGGTGATCGAGGGC,GAGAGAGTCAGGTGAGCGAGGGG
TGCAGAGTCAGGTGAGAGAGAGA,GAGAGAGTCAGGTGAGCGAGGGG
GAGAGAGACAGGTGTGTAAGCAG,GAGAGAGTCAGGTGAGCGAGGGG
GAGGAAGGCAGGTGAGGGCGGGG,GAGAGAGTCAGGTGAGCGAGGGG
GAGAGAGACAGGTGTGTGGGAGA,GAGAGAGTCAGGTGAGCGAGGGG
GAGAGAGAAAGGTGAGCGAGAGT,GAGAGAGTCAGGTGAGCGAGGGG
GAGAAAGTAAAGAGAGCGAATGG,GAGAGAGTCAGGTGAGCGAGGGG
GAGAGAGAGAGGAGAGAGAGAGA,GAGAGAGTCAGGTGAGCGAGGGG
CTAAGAGTCAGGTGATCGACGGC,GAGAGAGTCAGGTGAGCGAGGGG
GACAGAGTCAGGTGAGGAGGTGT,GAGAGAGTCAGGTGAGCGAGGGG
AAGAGAGTAAGGGGAGCATGGAG,GAGAGAGTCAGGTGAGCGAGGGG
GAGAGAGAGAGGAGAGGGAGAGA,GAGAGAGTCAGGTGAGCGAGGGG
GAGAGAGTCAGGTTGACCGAGGG,GAGAGAGTCAGGTGAGCGAGGGG
GAGAGGATCAGCTGAGAGAGGAG,GAGAGAGTCAGGTGAGCGAGGGG
GAGAGAGACAGAAGAGTGAGAGA,GAGAGAGTCAGGTGAGCGAGGGG
GAGAGAGATAGATGGGGGAGGGG,GAGAGAGTCAGGTGAGCGAGGGG
GAGAGAGTTTGGAGAGCGTGCGG,GAGAGAGTCAGGTGAGCGAGGGG
GAGAGAGAGAGAGGAGAGAGGAG,GAGAGAGTCAGGTGAGCGAGGGG
CAGAGCGTCAGATGGCGGAGGGG,GAGAGAGTCAGGTGAGCGAGGGG
GAGAGAGAGAGATGAGAGAGAGA,GAGAGAGTCAGGTGAGCGAGGGG
GAGAGAGAGAGGTCAGGGAGGTG,GAGAGAGTCAGGTGAGCGAGGGG
GAGAGAGACAGGAGAGAGGGGGT,GAGAGAGTCAGGTGAGCGAGGGG
GAGAGAGAGAGAAGAGAGAGGTG,GAGAGAGTCAGGTGAGCGAGGGG
TAGAGAGTCAGGTAAGTGAACGG,GAGAGAGTCAGGTGAGCGAGGGG
GAGAGAGAGAGATAAAGGAGGGG,GAGAGAGTCAGGTGAGCGAGGGG
GAGAAAGTCACATAAGCAAGGAG,GAGAGAGTCAGGTGAGCGAGGGG
GAGAGAGAGAGGAGAGGGAGGAT,GAGAGAGTCAGGTGAGCGAGGGG
GAGAGAGAAAAGAGAGAGAGAGG,GAGAGAGTCAGGTGAGCGAGGGG
GAGAGAGAGAGATGGGGGAGGGG,GAGAGAGTCAGGTGAGCGAGGGG
GAGAGAGAGAGGTGAGAGAGAGA,GAGAGAGTCAGGTGAGCGAGGGG
AAGAGACAGAGGTGAGCTAGTGG,GAGAGAGTCAGGTGAGCGAGGGG
GAGAGAGAGAGGTGAGGTAAGAG,GAGAGAGTCAGGTGAGCGAGGGG
GAGAGAGACTGGAGAGAGAGCTG,GAGAGAGTCAGGTGAGCGAGGGG
GAGAGACTCAGATGAGAAAGGAG,GAGAGAGTCAGGTGAGCGAGGGG
ACTACAGTCAGGTGAGGGAGGTG,GAGAGAGTCAGGTGAGCGAGGGG
GAGAGAGAGAGGGGGGGGGGGGG,GAGAGAGTCAGGTGAGCGAGGGG
GAGAGAGAGAGCTGAGCGACAAG,GAGAGAGTCAGGTGAGCGAGGGG
GAGAGAGAGAGATGCGGGAGGAG,GAGAGAGTCAGGTGAGCGAGGGG
GAGAGAGACACGTGAGTGAGAGA,GAGAGAGTCAGGTGAGCGAGGGG
ATGACTGTCAGGTGAGCGATGAG,GAGAGAGTCAGGTGAGCGAGGGG
GATAGAATCAGCTGAGCGGGGAG,GAGAGAGTCAGGTGAGCGAGGGG
TAAAGAGTAAGGAGAGCGAGTGA,GAGAGAGTCAGGTGAGCGAGGGG
GAGAGAGAGAGAGGAGGGGGGGG,GAGAGAGTCAGGTGAGCGAGGGG
AAGAGAGGCAGGGGAGGGAGGGA,GAGAGAGTCAGGTGAGCGAGGGG
GAAAGAGAGAGATGAGCGAGGGC,GAGAGAGTCAGGTGAGCGAGGGG
GAGAGAGCGAGGGGAGAGAGAGA,GAGAGAGTCAGGTGAGCGAGGGG
GACAGAGGCAGGTGAGTGAAGGG,GAGAGAGTCAGGTGAGCGAGGGG
GAGAGAATTAGGTGATCAATGGT,GAGAGAGTCAGGTGAGCGAGGGG
GAGAGAGCCCTGAGCGAGAGGGG,GAGAGAGTCAGGTGAGCGAGGGG
GAGACGGTCAGGTAAGCCACGGT,GAGAGAGTCAGGTGAGCGAGGGG
CAGAGAAGCAGGTGAGGAGGGGG,GAGAGAGTCAGGTGAGCGAGGGG
GAGAGAATCAGGCGTGCGAGGAG,GAGAGAGTCAGGTGAGCGAGGGG
GAAAGAGTCAGAAGAGCAAGAGA,GAGAGAGTCAGGTGAGCGAGGGG
GAGAGAGAGAGGGGGGGGAGGGA,GAGAGAGTCAGGTGAGCGAGGGG
GAGAGAGAAAGATGAGTGAGAGA,GAGAGAGTCAGGTGAGCGAGGGG
GCAGGAGTCAGGAGAACGAGGAG,GAGAGAGTCAGGTGAGCGAGGGG
GAGAGAGTCAGGTGAACATGGAG,GAGAGAGTCAGGTGAGCGAGGGG
GAGCGGGACAGGTGAAGGACGGG,GAGAGAGTCAGGTGAGCGAGGGG
GAGAGAGAGAGGGGAGGAGGGGG,GAGAGAGTCAGGTGAGCGAGGGG
GAGGGAGAAAGTTGAGCGAGAGA,GAGAGAGTCAGGTGAGCGAGGGG
GAGATGGTCAGGTAAGCAATGGC,GAGAGAGTCAGGTGAGCGAGGGG
GAGAAAATCAGGTGAGGGAGGGA,GAGAGAGTCAGGTGAGCGAGGGG
GCGAGCGTCAGGTGTGCGGTGCG,GAGAGAGTCAGGTGAGCGAGGGG
TGGAGGTTCAGGTGACCGAGGTG,GAGAGAGTCAGGTGAGCGAGGGG
GAGAGAGAGAGGTGGGGGAGGAT,GAGAGAGTCAGGTGAGCGAGGGG
GAGAGAGAGAGGGGGGGGGGGGG,GAGAGAGTCAGGTGAGCGAGGGG
GTGGGTGTCAGAAGAGCGAGGGG,GAGAGAGTCAGGTGAGCGAGGGG
TTGAGAGTGAGGTGAGAGAGGGC,GAGAGAGTCAGGTGAGCGAGGGG
GGGAGAGACAGGTGAGGGAGCTG,GAGAGAGTCAGGTGAGCGAGGGG
GAGAGGCGCAGGTGAGCGTTGGC,GAGAGAGTCAGGTGAGCGAGGGG
CAGAGAGACAGATGAGAGAGAGA,GAGAGAGTCAGGTGAGCGAGGGG
GAGAGAGAAAGGGGAATGAGGAG,GAGAGAGTCAGGTGAGCGAGGGG
GTGTCATCACGTCCCGATAAAGG,GTGACATCAAGTCCCGAGGGAGG
AAGAGAGACAGAAAAGCGAGAGG,GAGAGAGTCAGGTGAGCGAGGGG
GAGAGAGAGAAGCGGGTGAGGGG,GAGAGAGTCAGGTGAGCGAGGGG
GAGAGAGAGAGGAGAGAGAGGAG,GAGAGAGTCAGGTGAGCGAGGGG
CAGCCAATCAGGTGAGTGAGCGG,GAGAGAGTCAGGTGAGCGAGGGG
GGGAAAGTCAAGTGAGAGAAGGG,GAGAGAGTCAGGTGAGCGAGGGG
GAGCCGGTCCGGTGAGAGAGGTG,GAGAGAGTCAGGTGAGCGAGGGG
GAGAGAGTCAGATGAGAGATAAT,GAGAGAGTCAGGTGAGCGAGGGG
AAGAGAGAGAGGAGAGAGAGAGG,GAGAGAGTCAGGTGAGCGAGGGG
GTAAGCTCTAGTTCCGAGGGAGG,GTGACATCAAGTCCCGAGGGAGG
GTTACATCAAGTACCAAGTAAGG,GTGACATCAAGTCCCGAGGGAGG
GTGGAGCATATCTAGTTACTTGG,GAGGGGCATGTCTAGTTCATTGG
GAGACAACAAGTCCCCATGGTGG,GTGACATCAAGTCCCGAGGGAGG
GTGACATCAATTCTCTCAGGAGG,GTGACATCAAGTCCCGAGGGAGG
GTGAAATCATGTCCCCAGGTGGG,GTGACATCAAGTCCCGAGGGAGG
GATGCATCAAGTCCAGAGAGAGG,GTGACATCAAGTCCCGAGGGAGG
GAGAGAGAGAGGAGAGAGAGAGA,GAGAGAGTCAGGTGAGCGAGGGG
GAGAGAGTAAGAAGAGCAAGAGA,GAGAGAGTCAGGTGAGCGAGGGG
TTGGCATGCAGTCCCGGGGGAGG,GTGACATCAAGTCCCGAGGGAGG
GTGACATCATGGCCCGAGACAGG,GTGACATCAAGTCCCGAGGGAGG
GTGACATCAAGACCCGTGGGGTG,GTGACATCAAGTCCCGAGGGAGG
CTGAGATGAAGTCCCGAGGGGGA,GTGACATCAAGTCCCGAGGGAGG
AAGTGGCATGTCTAGTTTTTAGG,GAGGGGCATGTCTAGTTCATTGG
TAGGGTCATTTCTAGTTTATTTG,GAGGGGCATGTCTAGTTCATTGG
GTACGGGATGTCTAGTCCATTGG,GAGGGGCATGTCTAGTTCATTGG
GAGACATCAGGACCTGAGGGAGG,GTGACATCAAGTCCCGAGGGAGG
ATGACAACAAGTCCCAATGGGGG,GTGACATCAAGTCCCGAGGGAGG
GTGACATCAAGTCCCGAGGGAGG,GTGACATCAAGTCCCGAGGGAGG
GTGACATCAAGTCCTGTTGGTGG,GTGACATCAAGTCCCGAGGGAGG
CGGGGACATTTCTAGTTCAGTGG,GAGGGGCATGTCTAGTTCATTGG
GAGGAACATTTCTAGTCCATTAG,GAGGGGCATGTCTAGTTCATTGG
GAGAGAGAGAGATGAGAGAGGAG,GAGAGAGTCAGGTGAGCGAGGGG
AAGAGAGTAAGGAGAGAGAGAGA,GAGAGAGTCAGGTGAGCGAGGGG
ACTACAGTCAGGAGAACGAGGGG,GAGAGAGTCAGGTGAGCGAGGGG
GAGAGGAGGAGGTGAACGAGGAG,GAGAGAGTCAGGTGAGCGAGGGG
ACTAGAGTCAGGGGAGCGTGGAG,GAGAGAGTCAGGTGAGCGAGGGG
GAGAGAAACAGATGAGCGAATTG,GAGAGAGTCAGGTGAGCGAGGGG
ATGGGATGCAGGAGAGCGAGGGG,GAGAGAGTCAGGTGAGCGAGGGG
AAGACACTCAGGTGAGAGACGGA,GAGAGAGTCAGGTGAGCGAGGGG
GAGAAACCCACGTGAGCATGGGG,GAGAGAGTCAGGTGAGCGAGGGG
AAGAGAAACAGATGAGTGAGGGT,GAGAGAGTCAGGTGAGCGAGGGG
GAGAGAGTCAGATGAAGGACTGG,GAGAGAGTCAGGTGAGCGAGGGG
GAAAAAATGAGGTGAGCGAGATG,GAGAGAGTCAGGTGAGCGAGGGG
GAGACAGACAGGCGGGAGATGGG,GAGAGAGTCAGGTGAGCGAGGGG
TAGCGAGCCTGGTGAGCCAGTGG,GAGAGAGTCAGGTGAGCGAGGGG
AAGTGACTCAGGTGAGCGCGGGG,GAGAGAGTCAGGTGAGCGAGGGG
GGTATAGGCAGGTCAGCGGGGGG,GAGAGAGTCAGGTGAGCGAGGGG
AAGTGAGTCAGGAGAGGCAGGTG,GAGAGAGTCAGGTGAGCGAGGGG
CAGACAGACAGGTGAGCGACAGA,GAGAGAGTCAGGTGAGCGAGGGG
GAGAGAGAGAGGAGAGAGAGAGA,GAGAGAGTCAGGTGAGCGAGGGG
GAGAGAGAGAGGAGAGAGAGAGA,GAGAGAGTCAGGTGAGCGAGGGG
CAGAGAGTCAGGTGAGCGGGGGT,GAGAGAGTCAGGTGAGCGAGGGG
GAGAGAGAAAAGAGAGCGAGCGA,GAGAGAGTCAGGTGAGCGAGGGG
GAGGGAGTCAGGTGGGCAGGAGA,GAGAGAGTCAGGTGAGCGAGGGG
GAGAGAGTCAGGTGAGCGAGGGG,GAGAGAGTCAGGTGAGCGAGGGG
GAGAGAGAGAGGTGGGCGGGCGG,GAGAGAGTCAGGTGAGCGAGGGG
GGGATAGTCAGGTAAGCGTGGGC,GAGAGAGTCAGGTGAGCGAGGGG
GGGATAGTCAGGTAAGCGTGGGC,GAGAGAGTCAGGTGAGCGAGGGG
GAGAGAGACAGATGAGGAAAGGG,GAGAGAGTCAGGTGAGCGAGGGG
CAGAGCGGAAGGTGAGAGAGGAG,GAGAGAGTCAGGTGAGCGAGGGG
GGAAGAGACACGTGAGCGAGGCG,GAGAGAGTCAGGTGAGCGAGGGG
GAGAGATGCAGGTGAGAGAACGA,GAGAGAGTCAGGTGAGCGAGGGG
AAGAGAGACAGGTGGGCAAGAGG,GAGAGAGTCAGGTGAGCGAGGGG
GAGAGAGTGAGTGAAGAGAGGGG,GAGAGAGTCAGGTGAGCGAGGGG
GAGAGAGAGAGATGAAGGAGGGG,GAGAGAGTCAGGTGAGCGAGGGG
GAGAGAGAGAGATGAGATTGGGG,GAGAGAGTCAGGTGAGCGAGGGG
GAGAGAGCAGGAAGAGCCAGGGG,GAGAGAGTCAGGTGAGCGAGGGG
GAGAGAGAGAGCTGAGCGACGGC,GAGAGAGTCAGGTGAGCGAGGGG
GAGAGATTGAGGTGAGCGGGAGG,GAGAGAGTCAGGTGAGCGAGGGG
TAGAGTGTCTGAAGAGCGAGGAG,GAGAGAGTCAGGTGAGCGAGGGG
GAGAGAGACAGATGAACGAAAGA,GAGAGAGTCAGGTGAGCGAGGGG
GAAAGATACAGGTGAGAAAGGGA,GAGAGAGTCAGGTGAGCGAGGGG
GAGAGCGTCAGGAAAGCAAACGG,GAGAGAGTCAGGTGAGCGAGGGG
GAGATAGTCAGGCAAGCAATGGT,GAGAGAGTCAGGTGAGCGAGGGG
GAGAGAGTCAGGTGAATTGGGGA,GAGAGAGTCAGGTGAGCGAGGGG
GAGAGAGAGAGTGAAGCGAGGAG,GAGAGAGTCAGGTGAGCGAGGGG
TAGAGAGAGAGATGAGAGAGGGA,GAGAGAGTCAGGTGAGCGAGGGG
GAGAGAAACAGATGGGGGAGGGG,GAGAGAGTCAGGTGAGCGAGGGG
GAGAGAGAGAGGAGAGAGAGAGA,GAGAGAGTCAGGTGAGCGAGGGG
GAGAGAGGAAAGAGAGCAAGTGG,GAGAGAGTCAGGTGAGCGAGGGG
GTGAGAGGCAGGTGAGAGAGAGC,GAGAGAGTCAGGTGAGCGAGGGG
GAGTGAGACGGGTGAGCGGTGGG,GAGAGAGTCAGGTGAGCGAGGGG
GAGAGAGAGAGCTGAGCGACGGC,GAGAGAGTCAGGTGAGCGAGGGG
AATAGAGGAAGGTGAGAGAGGAG,GAGAGAGTCAGGTGAGCGAGGGG
GAGCGAGTCAGGTAAGTTAAGGA,GAGAGAGTCAGGTGAGCGAGGGG
GAGAGAGATGGGGGAGAGAGGAG,GAGAGAGTCAGGTGAGCGAGGGG
GCGAGAGAGAGGAGAGAGAGAGG,GAGAGAGTCAGGTGAGCGAGGGG
GAGAGAGAGAGCTGAGCGACGGC,GAGAGAGTCAGGTGAGCGAGGGG
GGGGAGGTCAGGTGAGGGAGGGG,GAGAGAGTCAGGTGAGCGAGGGG
GAGAGAGAGAGATGAGTGAGATG,GAGAGAGTCAGGTGAGCGAGGGG
GAGGAAGTCAGGTAAGCAATGGT,GAGAGAGTCAGGTGAGCGAGGGG
GAGAGAGAGAGAGGAGCGAAGGG,GAGAGAGTCAGGTGAGCGAGGGG
GAGAGAGAGAGGAGAGAGAGAGT,GAGAGAGTCAGGTGAGCGAGGGG
GAGAGAGAGAGGAGAGAGAGAGA,GAGAGAGTCAGGTGAGCGAGGGG
GAGAGAGGCAGGTGGGAGGGGCG,GAGAGAGTCAGGTGAGCGAGGGG
GAGAGAGAGAGGAGAGAGAGAGA,GAGAGAGTCAGGTGAGCGAGGGG
GAGAGAGAGAGGAGAGAGAGAGA,GAGAGAGTCAGGTGAGCGAGGGG
GAGAGAGAGAGGGGGGGTAGGGG,GAGAGAGTCAGGTGAGCGAGGGG
GCATGAGTCAGGTGAGCGGTGAG,GAGAGAGTCAGGTGAGCGAGGGG
AAAAGAGTCAGGTGAGTTAAAGG,GAGAGAGTCAGGTGAGCGAGGGG
GAGAGAGAGAGAGGAGCGAGGGA,GAGAGAGTCAGGTGAGCGAGGGG
GAGAGAATCAGGTGACGGAGGAC,GAGAGAGTCAGGTGAGCGAGGGG
ATGAGAGCCAGGTGAGCCAGATG,GAGAGAGTCAGGTGAGCGAGGGG
AAGGGAGTCAGCTGAGAGAGCGG,GAGAGAGTCAGGTGAGCGAGGGG
GAGAGAGAGAGGTGAACGTGGGG,GAGAGAGTCAGGTGAGCGAGGGG
GAGAGAGTTAGTGAATGGAGGGG,GAGAGAGTCAGGTGAGCGAGGGG
GAGAGACACAGGTGAGACCGAGG,GAGAGAGTCAGGTGAGCGAGGGG
GAGAGAGAGAAAAGAGCGAGGAG,GAGAGAGTCAGGTGAGCGAGGGG
GAGAGAGACAGGAAGAGGAGGGG,GAGAGAGTCAGGTGAGCGAGGGG
GAGAGAAGTAGGAGAGAGATGGG,GAGAGAGTCAGGTGAGCGAGGGG
ATAACAGCCAGGTGGGCGAGGGG,GAGAGAGTCAGGTGAGCGAGGGG
GAGAGAGCAAGAGGAAGGAGGGG,GAGAGAGTCAGGTGAGCGAGGGG
GAGTGAGTCAAGTGAGCAGCAGG,GAGAGAGTCAGGTGAGCGAGGGG
GAGAAACTCAGGTGAGCTGGGGC,GAGAGAGTCAGGTGAGCGAGGGG
CAGAGAGACAGGTGAGCGGAGGA,GAGAGAGTCAGGTGAGCGAGGGG
AGGAGAGTGAGGAGAGTGAGAGG,GAGAGAGTCAGGTGAGCGAGGGG
GAGAGAGAGAGGGGGGGGGGGGG,GAGAGAGTCAGGTGAGCGAGGGG
GAAAGAGAGAGGTGGGCGGGGGG,GAGAGAGTCAGGTGAGCGAGGGG
GAGGGAATGAGGTCAGCGTAGGG,GAGAGAGTCAGGTGAGCGAGGGG
AAGGAAGACAGGTGAGCGAGAGG,GAGAGAGTCAGGTGAGCGAGGGG
TTGAGAGGTAGGTGAGTGAGTGG,GAGAGAGTCAGGTGAGCGAGGGG
GAGAGAGAGAAGTGAGAGAGAGA,GAGAGAGTCAGGTGAGCGAGGGG
TAGAGAGTCAGTTAAAAGAGGTG,GAGAGAGTCAGGTGAGCGAGGGG
GAGAGAGAGAGAAGAGGGAGAGG,GAGAGAGTCAGGTGAGCGAGGGG
ATGAGAGTCAGGAGAGTGAAGGA,GAGAGAGTCAGGTGAGCGAGGGG
AAGAGAGAGAGGAGAGAGAGAGG,GAGAGAGTCAGGTGAGCGAGGGG
GAGAGAGAGAGGTGAGGGGGCGA,GAGAGAGTCAGGTGAGCGAGGGG
GAGAGAGCAAAGTGAGGGAGAGG,GAGAGAGTCAGGTGAGCGAGGGG
GAGGGAGTCAAATGAGGGTGGGC,GAGAGAGTCAGGTGAGCGAGGGG
TGGAGAGACAGGTGAGCTTTGGG,GAGAGAGTCAGGTGAGCGAGGGG
GAGAGAGGAAGCAGAGCGAGCGA,GAGAGAGTCAGGTGAGCGAGGGG
GAGAGAGGCAGGTGAAGCATGGG,GAGAGAGTCAGGTGAGCGAGGGG
GAGTGAGTGAAGTGAGTGTGTGG,GAGAGAGTCAGGTGAGCGAGGGG
CAGAGAGACAGGTGCGAGTGGAG,GAGAGAGTCAGGTGAGCGAGGGG
GAGAGAGTGCAATGAGGGAGGGG,GAGAGAGTCAGGTGAGCGAGGGG
GAGAGAGAGAGGAGAGAGAGAGA,GAGAGAGTCAGGTGAGCGAGGGG
GAGAGAGAGAGGAGAGCAAGTAG,GAGAGAGTCAGGTGAGCGAGGGG
GATAGAGTCAGGTGAGAGGAAGT,GAGAGAGTCAGGTGAGCGAGGGG
GAGAGAGAGAGATGAGAGAGAGA,GAGAGAGTCAGGTGAGCGAGGGG
GAGAGAGAGAGAGGAGGGGGGGG,GAGAGAGTCAGGTGAGCGAGGGG
GAGAGACTCAGATGAAAGAGAGG,GAGAGAGTCAGGTGAGCGAGGGG
GAGAGCGTAAGGCGAACGTGGGG,GAGAGAGTCAGGTGAGCGAGGGG
GTGTGAGTCCGGAGAGCGAAGCG,GAGAGAGTCAGGTGAGCGAGGGG
CATAGAATCAGGTGAGCCATTGG,GAGAGAGTCAGGTGAGCGAGGGG
GAGAGAGAGAAATGAAAGAGGGG,GAGAGAGTCAGGTGAGCGAGGGG
GAGAAACTCAGGAGAGAGAAGAG,GAGAGAGTCAGGTGAGCGAGGGG
GAGAGAGAGAGATGAGAGAGAGT,GAGAGAGTCAGGTGAGCGAGGGG
GAGAGAGACAGGGGAGAAACGGA,GAGAGAGTCAGGTGAGCGAGGGG
GAGAGAAGCAGGTGTGTGAGGAG,GAGAGAGTCAGGTGAGCGAGGGG
GAGAGAATAAGGAGGGCAATGGG,GAGAGAGTCAGGTGAGCGAGGGG
TTGAAAGTCAGGTGAGTGTGGGC,GAGAGAGTCAGGTGAGCGAGGGG
AGGAGAGACAGGAGAGCAAGTGG,GAGAGAGTCAGGTGAGCGAGGGG
GGAAGAGTCTGAAGAGCGAGGAG,GAGAGAGTCAGGTGAGCGAGGGG
CACAGAGACAGATCAGCGAGAGG,GAGAGAGTCAGGTGAGCGAGGGG
AAGAGAGTCAGTCGGGAGATGGG,GAGAGAGTCAGGTGAGCGAGGGG
GAGAGAGAGAGGTGTGAGCGAGG,GAGAGAGTCAGGTGAGCGAGGGG
GAGAGAGACAGAAGAGAGAGGAG,GAGAGAGTCAGGTGAGCGAGGGG
GACAGAGGACGGTCAGCGAGTGG,GAGAGAGTCAGGTGAGCGAGGGG
GAGGGAGACAGGTGAAGAATGGG,GAGAGAGTCAGGTGAGCGAGGGG
CTGAGAGGCAGGTGAGCGAGTTT,GAGAGAGTCAGGTGAGCGAGGGG
GAGAAACGCAGGTGAGCCAGCAG,GAGAGAGTCAGGTGAGCGAGGGG
GAGAGAGTGAGGAGGGAGCGGGA,GAGAGAGTCAGGTGAGCGAGGGG
GAGTGAGTCAGAAGAGACAGAGG,GAGAGAGTCAGGTGAGCGAGGGG
GGGAGAGAATGGTGAGGGAGGAG,GAGAGAGTCAGGTGAGCGAGGGG
GAGAGAGAGAGGGGAGGGAGGGG,GAGAGAGTCAGGTGAGCGAGGGG
GAGAGATGATGGTCAGCGAAGGG,GAGAGAGTCAGGTGAGCGAGGGG
GAGAGAGGAGGGTGAGCGGGGGC,GAGAGAGTCAGGTGAGCGAGGGG
GAGAGAGAGAGGAGAGAGAGAAG,GAGAGAGTCAGGTGAGCGAGGGG
GAGAGATGGAGATGAGCGAGAGA,GAGAGAGTCAGGTGAGCGAGGGG
GAGAGAGAGAGAAGAGAGAGAGG,GAGAGAGTCAGGTGAGCGAGGGG
GAGAGAGAGAGGGGAGCAAAGGG,GAGAGAGTCAGGTGAGCGAGGGG
CAGACAGCCAGGTGGGAGAGGTG,GAGAGAGTCAGGTGAGCGAGGGG
GAGTGAATCAGGTGAACAATGGA,GAGAGAGTCAGGTGAGCGAGGGG
GAGAGAGTCATGTGAAGGAGTCA,GAGAGAGTCAGGTGAGCGAGGGG
GAGAGAGAGTGGAGAGAGAGTGG,GAGAGAGTCAGGTGAGCGAGGGG
GATTGAGTCAGGTGAGCATGGAG,GAGAGAGTCAGGTGAGCGAGGGG
GAGAAAGTAAGGTGGGGGAGAGA,GAGAGAGTCAGGTGAGCGAGGGG
GAGAGAGAGAGGGGGGGGGGGGG,GAGAGAGTCAGGTGAGCGAGGGG
GGGAGAGAGAGCTGAGCGACGGC,GAGAGAGTCAGGTGAGCGAGGGG
GATAGAATCAGCGGAGCGGGGAG,GAGAGAGTCAGGTGAGCGAGGGG
GAGAGAGTTAGTTGAGCAGCAGG,GAGAGAGTCAGGTGAGCGAGGGG
AAGCAGTTCAGGTGAGCGAGTGG,GAGAGAGTCAGGTGAGCGAGGGG
GAGAGAATCAGGTGGAGAAAGGG,GAGAGAGTCAGGTGAGCGAGGGG
GAGAGAGAGGGAGGAGCGAGAGG,GAGAGAGTCAGGTGAGCGAGGGG
GAGAGAGAGAGGTGAGGTAAGGA,GAGAGAGTCAGGTGAGCGAGGGG
CAGAAAGACAGGAGAGCGATGGA,GAGAGAGTCAGGTGAGCGAGGGG
GAGAGAGAGAGGTGTGCGAGAGA,GAGAGAGTCAGGTGAGCGAGGGG
GAGAGAGTCGGGCGGGCGAAAGG,GAGAGAGTCAGGTGAGCGAGGGG
AAGAGAGCCAGGTGAGGGAGACA,GAGAGAGTCAGGTGAGCGAGGGG
GAGCGAGCCAGGTGAGCCAAGGC,GAGAGAGTCAGGTGAGCGAGGGG
GAGAGAGTTAGGGAGGAGGGGGG,GAGAGAGTCAGGTGAGCGAGGGG
AAGAGAGCCATGTGAGCCAGATG,GAGAGAGTCAGGTGAGCGAGGGG
GAGAGAGTCAAGTGAGTTTAGGG,GAGAGAGTCAGGTGAGCGAGGGG
GGGAGAGTCAAATGAGACAGTGG,GAGAGAGTCAGGTGAGCGAGGGG
GAGAGAGACAAGAGAGAGAACGG,GAGAGAGTCAGGTGAGCGAGGGG
GAGAGAGAGAGGAGAGAGAGAGG,GAGAGAGTCAGGTGAGCGAGGGG
GAGAGAGTCAAGAGAGAGAGAGA,GAGAGAGTCAGGTGAGCGAGGGG
GAGAGAGACAGGGGAGGGAGAGA,GAGAGAGTCAGGTGAGCGAGGGG
GGCTTATATTAGTCTTGCTTGGC,GTGCTTATTTTGGGCTTGCTCGG
GGGTCTTGGTATGGGCTTGCTGG,GTGCTTATTTTGGGCTTGCTCGG
GAGACCACAAAGACAAGGCACGT,GAAAACCACAGAGACGAGGCAGG
CGGAAAACAACGAGACAAGGCAA,GAAAACCACAGAGACGAGGCAGG
GAAAACACACAGACACGGCCGGC,GAAAACCACAGAGACGAGGCAGG
GAAACCACCGAAACAAGGCAAGG,GAAAACCACAGAGACGAGGCAGG
GGGAAATCAGGGCGACGAGGCAG,GAAAACCACAGAGACGAGGCAGG
AAAACCTCAGAGACGAGGCTAGT,GAAAACCACAGAGACGAGGCAGG
GCGAAACCACAGACGCGATGCAG,GAAAACCACAGAGACGAGGCAGG
GAAAACAAAGAAACGAGGACAGA,GAAAACCACAGAGACGAGGCAGG
GAAAACAAAGAAACGAGGACAGA,GAAAACCACAGAGACGAGGCAGG
CGGAAAACAAAGAAACGAGGACA,GAAAACCACAGAGACGAGGCAGG
GAAAACACAAAGACGAGCCCAGA,GAAAACCACAGAGACGAGGCAGG
GAAAACACAGAGAAGATGCTGGA,GAAAACCACAGAGACGAGGCAGG
GGGTCTTGGTATGGGCTTGCTGG,GTGCTTATTTTGGGCTTGCTCGG
GAAACCGTAGAGACGGGGCAGGA,GAAAACCACAGAGACGAGGCAGG
TCCTGGAAATGTTTCATATTGGG,GAAGGAAATGTTTCCTATTGAGG
CACCTGATGGACGCTCACCTGGC,GAAAACCACAGAGACGAGGCAGG
AGGAAACCAAAGAGGAGAAGCAG,GAAAACCACAGAGACGAGGCAGG
GGCAAATTTTGGGCTAGCTTGGA,GTGCTTATTTTGGGCTTGCTCGG
GAAACTGCGGAGACGGGGCAGGA,GAAAACCACAGAGACGAGGCAGG
ACTGCTTGTTTTGGGCCTGCTGG,GTGCTTATTTTGGGCTTGCTCGG
TGGGCTTATATATAGCTTGCTTG,GTGCTTATTTTGGGCTTGCTCGG
TGGGCTTATATATAGCTTGCTTG,GTGCTTATTTTGGGCTTGCTCGG
TGGGCTTATATATAGCTTGCTTG,GTGCTTATTTTGGGCTTGCTCGG
GTCTTGGTATGGGCTTGCTGGGT,GTGCTTATTTTGGGCTTGCTCGG
GTCTTGGTATGGGCTTGCTGGGT,GTGCTTATTTTGGGCTTGCTCGG
CGGGCCAATTCTGGGCTTTCTTG,GTGCTTATTTTGGGCTTGCTCGG
GACTTATTTTAGGCTTGTTTGGT,GTGCTTATTTTGGGCTTGCTCGG
AGTAAACCAAAGAGAAGAGGTAG,GAAAACCACAGAGACGAGGCAGG
AAAACCACAGAGATGATGCAGGT,GAAAACCACAGAGACGAGGCAGG
TAAACTACAGACACGAAGCAAGT,GAAAACCACAGAGACGAGGCAGG
TGTAAAACACAGAGAAGAGGTGG,GAAAACCACAGAGACGAGGCAGG
GTCTTGGTATGGGCTTGCTGGGT,GTGCTTATTTTGGGCTTGCTCGG
GCGAAACATCAGAGACGAAGCAA,GAAAACCACAGAGACGAGGCAGG
TGGAAATCACAGAGACGAGACAG,GAAAACCACAGAGACGAGGCAGG
CAAAACTCGGAGACGAGGCAAGC,GAAAACCACAGAGACGAGGCAGG
TGGTTACATACCCACATTACCTG,CGAATCATTCCCACATTACCAGG
AAATAATTCCCACATTTCATGGA,CGAATCATTCCCACATTACCAGG
CGTAGTGATTCCCACATTTCCAG,CGAATCATTCCCACATTACCAGG
TAATTATTCCCACATTACATGGG,CGAATCATTCCCACATTACCAGG
CGTAGTGATTCCCACATTTCCAG,CGAATCATTCCCACATTACCAGG
TAATTATTCCCACATTACATGGG,CGAATCATTCCCACATTACCAGG
TAGTGATTCCCACATTTCCAGGG,CGAATCATTCCCACATTACCAGG
TAGTGATTCCCACATTTCCTGGG,CGAATCATTCCCACATTACCAGG
CGTAGTGATTCCCACATTTCCAG,CGAATCATTCCCACATTACCAGG
CGTAGTGATTCCCACATTTCCAG,CGAATCATTCCCACATTACCAGG
TAGTGATTCCCACATTTCCAGGG,CGAATCATTCCCACATTACCAGG
CGTAGTGATTCCCACATTTCCAG,CGAATCATTCCCACATTACCAGG
TAGTGATTCCCACATTTCCAGGG,CGAATCATTCCCACATTACCAGG
TGTAATTATTCCCACATTACATG,CGAATCATTCCCACATTACCAGG
GAACCACACCCACATTAACAAGC,CGAATCATTCCCACATTACCAGG
TAATCATTTCCCCATTACCTGGC,CGAATCATTCCCACATTACCAGG
AGGAATAATTCCCATATTAAAAG,CGAATCATTCCCACATTACCAGG
AGGAATCATTTCCATATTAAAAG,CGAATCATTCCCACATTACCAGG
GGACATCATTCCCATGTTACCTG,CGAATCATTCCCACATTACCAGG
TAATTATTCCCACGTTACATGGG,CGAATCATTCCCACATTACCAGG
TGTAATTATTCCCACATTACATG,CGAATCATTCCCACATTACCAGG
GGAGTGCTTTCTAGAACTAAGAA,CGAATCATTCCCACATTACCAGG
GAGGAAATGTGTCACATTATGGA,GAAGGAAATGTTTCCTATTGAGG
CGTAGTGATTCCCACATTTCCAG,CGAATCATTCCCACATTACCAGG
GGAACAACAGAGACGAGGCCAGA,GAAAACCACAGAGACGAGGCAGG
GAGCGAATGTTTACTAGTGTGGA,GAAGGAAATGTTTCCTATTGAGG
GAGGAAACATTTCATAGTGTGGT,GAAGGAAATGTTTCCTATTGAGG
TGCAAAGCACAGAGACGAAGATG,GAAAACCACAGAGACGAGGCAGG
GAAAGCGTAGAGACGAGGACGGG,GAAAACCACAGAGACGAGGCAGG
AGGAAACCGCTGATACAAGGCAG,GAAAACCACAGAGACGAGGCAGG
AAAAAACCACAAAGACAAGGCTA,GAAAACCACAGAGACGAGGCAGG
TGGAGCAATTGTTTCCAATTATA,GAAGGAAATGTTTCCTATTGAGG
GAAACCACAAAGACGAAGTTGGA,GAAAACCACAGAGACGAGGCAGG
TGGAAACACCCCAACATTACCGG,CGAATCATTCCCACATTACCAGG
AGCATGCCACAGAGACGAGACCG,GAAAACCACAGAGACGAGGCAGG
TGGAAACACCCCAACATTACCGG,CGAATCATTCCCACATTACCAGG
GGATCTGTCCGACATTACCAGGT,CGAATCATTCCCACATTACCAGG
GGGAATCAAACCCACAATTCCCA,CGAATCATTCCCACATTACCAGG
GAATCGTTCTCACATTTCCAGGT,CGAATCATTCCCACATTACCAGG
TAGTGATTCCCACATTTCCAGGG,CGAATCATTCCCACATTACCAGG
TGTAATTATTCCCACATTACATG,CGAATCATTCCCACATTACCAGG
GGCTTATATCTAGCTTGCTTGGT,GTGCTTATTTTGGGCTTGCTCGG
GCGGCGCTCAGTCAGCTGCTGGA,AGCGCCGCTCAGTCAGCTGCAGG
ATGGCTTCTTTTGGGCTTCCTTG,GTGCTTATTTTGGGCTTGCTCGG
TGGATCAGCTCAGTCAGCAGCTG,AGCGCCGCTCAGTCAGCTGCAGG
TGGAGGTACTCAGTCAGCTGCTA,AGCGCCGCTCAGTCAGCTGCAGG
CCGCACCGCCCAATCAGCTGCGA,AGCGCCGCTCAGTCAGCTGCAGG
AGCATCCGCTCAGACAGCTGCAG,AGCGCCGCTCAGTCAGCTGCAGG
TTTGGCCATTTTCTGCCGTTTAT,AGCGCCGCTCAGTCAGCTGCAGG
GCACCGCTCACTCAGCGGCAGGG,AGCGCCGCTCAGTCAGCTGCAGG
AGGACCAGCTGAGTCAGCTGCCG,AGCGCCGCTCAGTCAGCTGCAGG
AGACGGCGCTCACTCAGCAGCAG,AGCGCCGCTCAGTCAGCTGCAGG
GCGCTGGTCAGTCAGCTCCAGGT,AGCGCCGCTCAGTCAGCTGCAGG
AAGCTCAGCTCAGACAGCTGCTG,AGCGCCGCTCAGTCAGCTGCAGG
GGCTACTTTTGGGCTAGCTTGGA,GTGCTTATTTTGGGCTTGCTCGG
GAGTCGCTCAGTCAGCTGATGGA,AGCGCCGCTCAGTCAGCTGCAGG
GGGAGAAGATCAGTCAGCTGCAG,AGCGCCGCTCAGTCAGCTGCAGG
GGGCCGCAAAATCAGCTGCAGGC,AGCGCCGCTCAGTCAGCTGCAGG
CGGCGCAGCTCAAACAGCAGCTG,AGCGCCGCTCAGTCAGCTGCAGG
GTGCTGTCCAGTCAGCTGCGGGA,AGCGCCGCTCAGTCAGCTGCAGG
CAGCGCTGCCCAATCAGCTGCAG,AGCGCCGCTCAGTCAGCTGCAGG
GGTTTTACTGTGAAGCTGTCGGA,CGTTTTGACTGTGTGGCTGTTGG
GTTGTGTGTGTGTGGCTGTGGGA,CGTTTTGACTGTGTGGCTGTTGG
GTGCAGCACGGTCAGCTGCGAGC,AGCGCCGCTCAGTCAGCTGCAGG
ACGCCCATCAGTCTGCTGCAGGA,AGCGCCGCTCAGTCAGCTGCAGG
TGGCAGCTCAATCAGCTGCAAGA,AGCGCCGCTCAGTCAGCTGCAGG
GGGAGCCGTTCAGGAAGCTGCTG,AGCGCCGCTCAGTCAGCTGCAGG
CGGTGTGGACCACAGCAAGGACA,CGCGTGGAGCACGGCGAGGAGGG
TGGAGGAAGTGTTTACAAGTGGG,GAAGGAAATGTTTCCTATTGAGG
CTGCGTGGAGGTCGGCGAGGGAG,CGCGTGGAGCACGGCGAGGAGGG
GCATGGAGCGCGGCGAGTAGAGG,CGCGTGGAGCACGGCGAGGAGGG
GGGCGTGGAGCACTGCGAGCAGG,CGCGTGGAGCACGGCGAGGAGGG
GGGCGTGGAGCACTACGAGGGAG,CGCGTGGAGCACGGCGAGGAGGG
GCGCGGAACACGCCGAGAAAGGT,CGCGTGGAGCACGGCGAGGAGGG
ACGTGGAGGACAACGAGGAAGGG,CGCGTGGAGCACGGCGAGGAGGG
TCACAGCTCAGTCAGCTGCAGAA,AGCGCCGCTCAGTCAGCTGCAGG
AGTCCCAGCTCAGTCAGTTGCCA,AGCGCCGCTCAGTCAGCTGCAGG
AGGCGGCCCTCATTCAGCTGCAA,AGCGCCGCTCAGTCAGCTGCAGG
CCGCCGCTGCTTCAGCTGCAGGA,AGCGCCGCTCAGTCAGCTGCAGG
GAGCAGTGCAGTCAGCTGCGCGC,AGCGCCGCTCAGTCAGCTGCAGG
GCGCTGCTCAGACAGCCTCCAGG,AGCGCCGCTCAGTCAGCTGCAGG
AGGCGCTGCCCTGTCTGCTGCAG,AGCGCCGCTCAGTCAGCTGCAGG
TTGCCCCTCAGACAGCTGCCAGA,AGCGCCGCTCAGTCAGCTGCAGG
GCGCCGCTCTGTCAGCATAGGGG,AGCGCCGCTCAGTCAGCTGCAGG
GTTTTGATTGTATGACTGTCAGA,CGTTTTGACTGTGTGGCTGTTGG
CTTTTGAGTGTGTGGCATTTGGC,CGTTTTGACTGTGTGGCTGTTGG
ACACACACACACACACACAGACG,CGTTTTGACTGTGTGGCTGTTGG
CAGTTTTGACTGTGTAATTGTGG,CGTTTTGACTGTGTGGCTGTTGG
AGGTTGTGGTTGTGTGACTGTTG,CGTTTTGACTGTGTGGCTGTTGG
ATTTAGAGTATGTGGCTGTAGGA,CGTTTTGACTGTGTGGCTGTTGG
ATTTTAACTGTGTGGCTGTCGGT,CGTTTTGACTGTGTGGCTGTTGG
TGGGATTATTTTGATCTTGCATG,GTGCTTATTTTGGGCTTGCTCGG
GACTCATTTGGGGCTTGATGGGA,GTGCTTATTTTGGGCTTGCTCGG
GGGTATTATATTGTGCTTGCTAG,GTGCTTATTTTGGGCTTGCTCGG
GGCTGAATTTGGTCTTGCTGGGA,GTGCTTATTTTGGGCTTGCTCGG
GGCTTATTTGGGGCTTATTTGGG,GTGCTTATTTTGGGCTTGCTCGG
GGCTTAGTGAGGGCTTCCTGGGG,GTGCTTATTTTGGGCTTGCTCGG
GGCTTAATTGGGGCTTGTTTGGT,GTGCTTATTTTGGGCTTGCTCGG
GATTTATTTTGAGCTTGCTGAGC,GTGCTTATTTTGGGCTTGCTCGG
GCCTTTCTATGGGCTTGCTTGGT,GTGCTTATTTTGGGCTTGCTCGG
TGGGCTAGTTTTGAGCTTGCTAA,GTGCTTATTTTGGGCTTGCTCGG
TGGGCTAGTTTTGGGCTAGTTTG,GTGCTTATTTTGGGCTTGCTCGG
TGGGCTAGTTTTGGGCTAGTTTG,GTGCTTATTTTGGGCTTGCTCGG
GTGCCTGGTTTTGGGCTTGCTAG,GTGCTTATTTTGGGCTTGCTCGG
TGCTAGTTTTGGGCTTGATTGGG,GTGCTTATTTTGGGCTTGCTCGG
AGGTTTTGGTTGTGAGACTGTGG,CGTTTTGACTGTGTGGCTGTTGG
GTTTAGACTGTCTGACTGTAGGT,CGTTTTGACTGTGTGGCTGTTGG
AGGATTTTGCTGTGTGGCTTTTG,CGTTTTGACTGTGTGGCTGTTGG
GTTTTGAATATCTGGCTGTAGGA,CGTTTTGACTGTGTGGCTGTTGG
ATTTTGACTCTGTGGCTGAGGGT,CGTTTTGACTGTGTGGCTGTTGG
TTGTTTTGAATGTGTAACTGTCA,CGTTTTGACTGTGTGGCTGTTGG
CAGAGTTTAGCGTTTGCCACCGA,CGTTTTGACTGTGTGGCTGTTGG
GTTTTGTTTGTGTGACTTTGGGA,CGTTTTGACTGTGTGGCTGTTGG
GTTTAGGGTGTGTGGCTTTGGGT,CGTTTTGACTGTGTGGCTGTTGG
GTGTTTTTATTGTGTGGCTGAGG,CGTTTTGACTGTGTGGCTGTTGG
GTTCTGAATGACTGGCTGTTGGT,CGTTTTGACTGTGTGGCTGTTGG
TTATTTTGGCTGTGTGGATGTTG,CGTTTTGACTGTGTGGCTGTTGG
TTTTATACTGTATGGCTGTGGGA,CGTTTTGACTGTGTGGCTGTTGG
GTCTGGACTGTATGGCTGTAGGA,CGTTTTGACTGTGTGGCTGTTGG
GTCTTGAATGCGTGGCAGTGGGT,CGTTTTGACTGTGTGGCTGTTGG
AGGTCTTGAATGCGTGGCAGTGG,CGTTTTGACTGTGTGGCTGTTGG
AGGTCTTGAATGCGTGGCAGTGG,CGTTTTGACTGTGTGGCTGTTGG
AGGTCTTGAATGCGTGGCAGTGG,CGTTTTGACTGTGTGGCTGTTGG
AGGTCTTGAATGCGTGGCAGTGG,CGTTTTGACTGTGTGGCTGTTGG
AGGTCTTGAATGCGTGGCAGTGG,CGTTTTGACTGTGTGGCTGTTGG
AGGTCTTGAATGCGTGGCAGTGG,CGTTTTGACTGTGTGGCTGTTGG
TGGAGGAAGTGTTTACAAGTGTG,GAAGGAAATGTTTCCTATTGAGG
TGGCATTGGAAGCATCGTTTTTC,GACATGGGAAACATCGTCATCGG
TGGAGCAAATGTTTACAAGTGTG,GAAGGAAATGTTTCCTATTGAGG
TAATGTGAAACATCGTTATGGAT,GACATGGGAAACATCGTCATCGG
GGGAGATGGTGGATGGTGACAGG,AGAGCTGCGGAATGGTGACAAGG
TGGAACTGAACAATGGTGACAAG,AGAGCTGCGGAATGGTGACAAGG
TGGAACTGAGGAAAGGTGAAATG,AGAGCTGCGGAATGGTGACAAGG
AAGCTGTGAAATGGTGACATAGC,AGAGCTGCGGAATGGTGACAAGG
TGGGGCTGCGGCATGATGACACG,AGAGCTGCGGAATGGTGACAAGG
TGGCATGTGGCCCATCGTCATAA,GACATGGGAAACATCGTCATCGG
AGTCTTGGAAATCATCGTCATCC,GACATGGGAAACATCGTCATCGG
GATTCGGAAACATCGTCTTTGAC,GACATGGGAAACATCGTCATCGG
CGGCATGTGAACCATCGCCACAG,GACATGGGAAACATCGTCATCGG
GTGAACGGCAGAATGGTGACAGC,AGAGCTGCGGAATGGTGACAAGG
TAATGTGAAACATCGCCATGGAC,GACATGGGAAACATCGTCATCGG
CGTCATGGAAAACAACGTCGTGC,GACATGGGAAACATCGTCATCGG
TGTTATGGAAAACATCGACATAG,GACATGGGAAACATCGTCATCGG
GCATGGGAAAAACAGTCGTCGGA,GACATGGGAAACATCGTCATCGG
GCATGATAAACATAGACATGAGC,GACATGGGAAACATCGTCATCGG
GTGCATGGGAAAAATCACCATGT,GACATGGGAAACATCGTCATCGG
GAGCATAGGAAACCTCGTCATTC,GACATGGGAAACATCGTCATCGG
AGGTATGGAAAACATCGTCAATG,GACATGGGAAACATCGTCATCGG
GAGCTGAGGAAAGGTGACAGAGA,AGAGCTGCGGAATGGTGACAAGG
ATGAGCTGCAGAATGCTGACTGG,AGAGCTGCGGAATGGTGACAAGG
GAGCTGAAGGATGGGGACAGGGG,AGAGCTGCGGAATGGTGACAAGG
TGGAGCTACGGACTGGGGACACG,AGAGCTGCGGAATGGTGACAAGG
ATGAGGTGAGGAATGGTGAAAGA,AGAGCTGCGGAATGGTGACAAGG
AGGAGTTGAGGAATGCTGGCAGG,AGAGCTGCGGAATGGTGACAAGG
TGGAGATGAGGAATGGGGGCAGG,AGAGCTGCGGAATGGTGACAAGG
TGGCGCTGCGGAGAGATGACAAA,AGAGCTGCGGAATGGTGACAAGG
TGGAGTTCCTGAATGGAGACAAA,AGAGCTGCGGAATGGTGACAAGG
GCGCTGCGGGATGGTGACGGAGG,AGAGCTGCGGAATGGTGACAAGG
TCGAGCTGCGGAAAGGAGAGACG,AGAGCTGCGGAATGGTGACAAGG
GAGCTACTGAATGGTGATAAAGC,AGAGCTGCGGAATGGTGACAAGG
TAGAGCTGCAGAATGGAGAGAGG,AGAGCTGCGGAATGGTGACAAGG
GAGCTGCAGAAACGGGACAAGGA,AGAGCTGCGGAATGGTGACAAGG
GGGAGCAGGAGAGTGGTGACAAA,AGAGCTGCGGAATGGTGACAAGG
GCGCTGCAGAATGATGACATAGA,AGAGCTGCGGAATGGTGACAAGG
GAGCTGAAGAAAGGAGACATAGT,AGAGCTGCGGAATGGTGACAAGG
GAAAGCTGTGGAATGGTGGCAGA,AGAGCTGCGGAATGGTGACAAGG
GCGAGCTGCGGGATGACGACAAA,AGAGCTGCGGAATGGTGACAAGG
GGAAGCAGGGGAGTGGTGACAAA,AGAGCTGCGGAATGGTGACAAGG
TGGAGCAGAGGGATGATGACAGA,AGAGCTGCGGAATGGTGACAAGG
AGACAGGGGAAAGATCGGCATAG,GACATGGGAAACATCGTCATCGG
GGTCATGAGAAACATCATCAGGA,GACATGGGAAACATCGTCATCGG
CTGCATGGAAAGCATCGTCAATC,GACATGGGAAACATCGTCATCGG
CGAGGAAGATCTTTACCACTGAT,GTGGAAGACCTTCGCCACTGAGG
GGGAAGATATTCGCAACTGGGCG,GTGGAAGACCTTCGCCACTGAGG
GGAGGAAGACATTTGCCTCTGGA,GTGGAAGACCTTCGCCACTGAGG
GGGAAAACCCTCACCACTATTGC,GTGGAAGACCTTCGCCACTGAGG
CGGAGGACACCTACGCCACTGTG,GTGGAAGACCTTCGCCACTGAGG
GGGACTACATTCGCCACTGGCGT,GTGGAAGACCTTCGCCACTGAGG
GGGAAAACCTGAGCAACTGGAGG,GTGGAAGACCTTCGCCACTGAGG
GTGGAGACCATCACCACTGGAGA,GTGGAAGACCTTCGCCACTGAGG
GAGAGGACGTTCGCCACTGTAGC,GTGGAAGACCTTCGCCACTGAGG
CGGGGAACATCTCAGCCACTGCA,GTGGAAGACCTTCGCCACTGAGG
GTGGGACGACCTCGGCCACTGCG,GTGGAAGACCTTCGCCACTGAGG
GGGAAGAACTTCGCCACTTGCGC,GTGGAAGACCTTCGCCACTGAGG
GGGAAGAACGTCTCCACTGAGGG,GTGGAAGACCTTCGCCACTGAGG
TGGGGAAGGCCATGGCCACTATG,GTGGAAGACCTTCGCCACTGAGG
GGGAGGAGTTTCGCCGCTGTGGG,GTGGAAGACCTTCGCCACTGAGG
GGGGGAGGAGCTTCACTACTGGG,GTGGAAGACCTTCGCCACTGAGG
GAGAAAACCTTCGCCAACGTGGG,GTGGAAGACCTTCGCCACTGAGG
CGGCGTGGGGAAAGGCGAAGAGA,CGCGTGGAGCACGGCGAGGAGGG
GGGAAGTTCTTCACCAATGCCGT,GTGGAAGACCTTCGCCACTGAGG
ACAAGGACCTTCGCCACTGGGAA,GTGGAAGACCTTCGCCACTGAGG
TAGCATGAGAAACATCATTATGG,GACATGGGAAACATCGTCATCGG
GTGAAGTTCCTCGCCACTGTCGC,GTGGAAGACCTTCGCCACTGAGG
TGGCAGGTGATACATCGTGATAG,GACATGGGAAACATCGTCATCGG
TCATGGAAATCATCATCATCAGA,GACATGGGAAACATCGTCATCGG
TCATGGAAATCATCATCATCAGA,GACATGGGAAACATCGTCATCGG
GTGTGGTAAACCTCGTCATGGGT,GACATGGGAAACATCGTCATCGG
ATGAATGGAAAGCATCGTCATTC,GACATGGGAAACATCGTCATCGG
ATCCAAGGGAAACATAGTCATTG,GACATGGGAAACATCGTCATCGG
GAATGGGAAAAGTCATCATTAGG,GACATGGGAAACATCGTCATCGG
AGATGGGAAGGATCGTCATAGGA,GACATGGGAAACATCGTCATCGG
GAACGCGGGAAACATCGTCATCA,GACATGGGAAACATCGTCATCGG
GCATGCCAAACAACGTAATGGGC,GACATGGGAAACATCGTCATCGG
TGATATGTGAAATATCGTCATAG,GACATGGGAAACATCGTCATCGG
GCATAAGAAACATCGCCAAGGGC,GACATGGGAAACATCGTCATCGG
TCTGGAACACCTGCGCCACTGTG,GTGGAAGACCTTCGCCACTGAGG
GTGAAGAACTTAGCCACTGTGAA,GTGGAAGACCTTCGCCACTGAGG
GGAGAGAGCTTCACCACTGCTGC,GTGGAAGACCTTCGCCACTGAGG
CGGAGAAGTCCTTCGCCAGCGTG,GTGGAAGACCTTCGCCACTGAGG
AGGGGAAGAACATCGTCACAGTG,GTGGAAGACCTTCGCCACTGAGG
CGGAGCTGGGGACTGAAGACACA,AGAGCTGCGGAATGGTGACAAGG
GAGCTGCGCAATGGTGAACAGGA,AGAGCTGCGGAATGGTGACAAGG
GAGCAAATGTTTACAAGTGTGGA,GAAGGAAATGTTTCCTATTGAGG
GTTCAGGCTGCTGGTTTAATGGC,TGTACATGCTCCTGGTTAAATGG
GTACATGTTTGTGCTTAAAGGGT,TGTACATGCTCCTGGTTAAATGG
GTACAAGCTCCTGCTAAAATAGG,TGTACATGCTCCTGGTTAAATGG
GTACATACTGTTGGTTAAACAGT,TGTACATGCTCCTGGTTAAATGG
GTTCATGCTTCCGGATAAAAAGC,TGTACATGCTCCTGGTTAAATGG
GAACATGCTGCCGGTTAAACAGC,TGTACATGCTCCTGGTTAAATGG
GGATACATTTTCCTGGTTAAGAC,TGTACATGCTCCTGGTTAAATGG
TGGGATATGTTCTTGGTTAAAAA,TGTACATGCTCCTGGTTAAATGG
TTGTACATGCACATGGTTAAAGG,TGTACATGCTCCTGGTTAAATGG
AGTTACATGCTAATGTTTAAATG,TGTACATGCTCCTGGTTAAATGG
GAGCTGCTGGATGGAGAAACAGG,AGAGCTGCGGAATGGTGACAAGG
GTTCAGGCTCCTGCTTTAATGGT,TGTACATGCTCCTGGTTAAATGG
TAGGACATGCTCCTGGATTAAAA,TGTACATGCTCCTGGTTAAATGG
CTACCTGCTCCTGGATAAGTAGT,TGTACATGCTCCTGGTTAAATGG
TGGTATATTCTCCTGGCTAACTG,TGTACATGCTCCTGGTTAAATGG
TGTAACATGGTCCTGGATAAACA,TGTACATGCTCCTGGTTAAATGG
GTACATGCTTGTAGCTAAAAGGA,TGTACATGCTCCTGGTTAAATGG
TGTTACAGGCTACTGGTTAAATA,TGTACATGCTCCTGGTTAAATGG
GTTCAAGCTACTAGTTAAAAAGT,TGTACATGCTCCTGGTTAAATGG
GCGGAAATGCCTTCTATTGAGGC,GAAGGAAATGTTTCCTATTGAGG
TGAAAAAAATATTTCCTATTGTA,GAAGGAAATGTTTCCTATTGAGG
AGGAAGAAACTTTTCCAATTGGA,GAAGGAAATGTTTCCTATTGAGG
CATGAAATGCTTCCTATTGCGGG,GAAGGAAATGTTTCCTATTGAGG
CGGAGGACATCTTTTCCATTGAG,GAAGGAAATGTTTCCTATTGAGG
GAGCAAATATTTACTAGTGTGGA,GAAGGAAATGTTTCCTATTGAGG
AGAGGGAGATGTTTCCTATGGAG,GAAGGAAATGTTTCCTATTGAGG
CAGAAAATGTTTCCAATTTCAGA,GAAGGAAATGTTTCCTATTGAGG
TGGAAGCAATGTTGCCTATTATG,GAAGGAAATGTTTCCTATTGAGG
ATGAAGCAATGTTTCCTATGGAG,GAAGGAAATGTTTCCTATTGAGG
AAGAGAAAATGTTCCCTGTTGTG,GAAGGAAATGTTTCCTATTGAGG
GAGGAATCGCTTCCTACTGTGGT,GAAGGAAATGTTTCCTATTGAGG
AGAGAGAAATGTTTCCTATTACA,GAAGGAAATGTTTCCTATTGAGG
GAGGAGATTTTTCATATTGAGGA,GAAGGAAATGTTTCCTATTGAGG
AAAGAAATGTTTCATATTTGGGT,GAAGGAAATGTTTCCTATTGAGG
GAGGAAATTATTCATATTGTGGG,GAAGGAAATGTTTCCTATTGAGG
GAGGAATTGTTTACAATTGTGGA,GAAGGAAATGTTTCCTATTGAGG
ATGAGCACATGGTTCCTATTGAG,GAAGGAAATGTTTCCTATTGAGG
CACAGAAAATGTTTCCTATTGCA,GAAGGAAATGTTTCCTATTGAGG
AGGTGCAAATGTTTCCTATTGTA,GAAGGAAATGTTTCCTATTGAGG
TTCAGGAAATGTGTCCTACTGGG,GAAGGAAATGTTTCCTATTGAGG
GTACATGTTTGTAGTTAAAGGGT,TGTACATGCTCCTGGTTAAATGG
TTACATGCACATGGTTAAAGAGA,TGTACATGCTCCTGGTTAAATGG
TAGGACATGTTCCTGGATAAACA,TGTACATGCTCCTGGTTAAATGG
GTAGTTCCTCCACTGGTAATGAT,GCAGGTTCCTCGACTGGTAAAGG
ATGTAGTTCCTCCACTGGTAATG,GCAGGTTCCTCGACTGGTAAAGG
GACGTCCCTTGACTGCTAAAGGG,GCAGGTTCCTCGACTGGTAAAGG
GGGATGTTCATCCACTGGAAACA,GCAGGTTCCTCGACTGGTAAAGG
GTAAGGATCCTCGACTAGTAAAT,GCAGGTTCCTCGACTGGTAAAGG
TAGGTTCCTCTCCTGGTATTGGG,GCAGGTTCCTCGACTGGTAAAGG
GAGCTTCATCGACTGGTCCAGGG,GCAGGTTCCTCGACTGGTAAAGG
GAGCTTCATCGACTGGTCCAGGG,GCAGGTTCCTCGACTGGTAAAGG
AAGATTCCTCCACTGGGAACAGC,GCAGGTTCCTCGACTGGTAAAGG
GAGGTTTGTCAGCTGGTAAGCGT,GCAGGTTCCTCGACTGGTAAAGG
GAGGTGCCTCGACTGCTAAAAGC,GCAGGTTCCTCGACTGGTAAAGG
CAGGTTCCTCGACTGGCATAAGA,GCAGGTTCCTCGACTGGTAAAGG
AAGGTTCCTCGACTGCTGGTGGC,GCAGGTTCCTCGACTGGTAAAGG
GATGTTTCTAGACTAGTAAGAGC,GCAGGTTCCTCGACTGGTAAAGG
GAGGCTCATCAAATGGTAAAAGT,GCAGGTTCCTCGACTGGTAAAGG
TGGAGATTACTCAACTGGTTAAA,GCAGGTTCCTCGACTGGTAAAGG
AAGGTTCCATGACTGGTAAAGGT,GCAGGTTCCTCGACTGGTAAAGG
GAGGTTCCATGACTGGTAAAGGT,GCAGGTTCCTCGACTGGTAAAGG
GAGGTTTTTCGGCTGGAAACGAT,GCAGGTTCCTCGACTGGTAAAGG
TGGAGGTTCTTCGAATGGCATCA,GCAGGTTCCTCGACTGGTAAAGG
GAACATGATCATGATTAAATAGT,TGTACATGCTCCTGGTTAAATGG
GAGGCTCATCAAATGGTAATGAT,GCAGGTTCCTCGACTGGTAAAGG
TGGTTGATGCTCCTAGTTAGATG,TGTACATGCTCCTGGTTAAATGG
AGGAACATTCTCCTTATTAAAAG,TGTACATGCTCCTGGTTAAATGG
GTACCTGTTAGTGGTTAAATGGT,TGTACATGCTCCTGGTTAAATGG
GTGTACATGCTCCTCAGTAAAGG,TGTACATGCTCCTGGTTAAATGG
GCACATTTTACTGGTTAAAGGGG,TGTACATGCTCCTGGTTAAATGG
GTACCTTCTCCAGGTTAAAAGGA,TGTACATGCTCCTGGTTAAATGG
GCACAAGCTCCAGGTCAAAGGGC,TGTACATGCTCCTGGTTAAATGG
TTGTACATAGTCATGGTTAAAGG,TGTACATGCTCCTGGTTAAATGG
TGGAGGATCCCAGACTGGAAAGT,GCAGGTTCCTCGACTGGTAAAGG
TAGAGGTCCATCGACTGGTAACG,GCAGGTTCCTCGACTGGTAAAGG
AGGAAGTTTCCAGACTGGTAAAT,GCAGGTTCCTCGACTGGTAAAGG
GAGGTCATTCAACTGGTAAATGT,GCAGGTTCCTCGACTGGTAAAGG
TGGCGGTTCCTCTGCTGGTTAAA,GCAGGTTCCTCGACTGGTAAAGG
GAATGTCCTCTACTGGTAAAAGC,GCAGGTTCCTCGACTGGTAAAGG
AGTGTACAGTGTGCTGTAGTGCA,GCAGGTTCCTCGACTGGTAAAGG
TGGAGGTTCATCGACTGATGGCG,GCAGGTTCCTCGACTGGTAAAGG
GGGAGGTTCATCTGTTGGTAAAC,GCAGGTTCCTCGACTGGTAAAGG
AGACGAGGAGTACGGAGAGGACG,CGCGTGGAGCACGGCGAGGAGGG
TGGAGGGTCTGGCCGAAGCGTCG,CGCTGATCTGGGCGAAGCGTGGG
CGGGCTGAAGCTCGGCGAGGAAG,CGCGTGGAGCACGGCGAGGAGGG
GTGCACAATAACGTGGAGACGGA,AGTGCACTGTAATGAGGAGACGG
GTCCTGGCTGAGCTGCACAAGGG,GGTCTTGCAGGAGCTGCACACGG
ATCTTCGAAGAGCTGCACACGGA,GGTCTTGCAGGAGCTGCACACGG
CTGTCTATCAGGAGCTGCACAGG,GGTCTTGCAGGAGCTGCACACGG
GTGCACTGTGATGCAGACACGGA,AGTGCACTGTAATGAGGAGACGG
GTGCACTGTGATGCAGACACGGA,AGTGCACTGTAATGAGGAGACGG
AAATACACTGTAATGAGGACACA,AGTGCACTGTAATGAGGAGACGG
TGGGACACAGAAATGAGGAGAAA,AGTGCACTGTAATGAGGAGACGG
ATGTGCATTCTAATGAGGAAAAA,AGTGCACTGTAATGAGGAGACGG
ACTTGCACTGTAAAGAAGAGATA,AGTGCACTGTAATGAGGAGACGG
AGGCGTGGAGCAATGCGAGCGAG,CGCGTGGAGCACGGCGAGGAGGG
CTGCCCTGTAATGAAGAGAAAGT,AGTGCACTGTAATGAGGAGACGG
GGGCACTGTAAAGAGGAGAAAGT,AGTGCACTGTAATGAGGAGACGG
CGGTGCACTGCAATGCAGATAAG,AGTGCACTGTAATGAGGAGACGG
GTGCACTGTAATGAAGACAGAGT,AGTGCACTGTAATGAGGAGACGG
GTGCACTGTAATGCAGACATGGA,AGTGCACTGTAATGAGGAGACGG
GTGCACTGTGATGCAGATAGGGA,AGTGCACTGTAATGAGGAGACGG
TGGTGTACAGCAATGAGGACAGG,AGTGCACTGTAATGAGGAGACGG
GAGTTCACTGTAATCAAGAGAAG,AGTGCACTGTAATGAGGAGACGG
GTCTTGGATGAGCTGCTCAGGGG,GGTCTTGCAGGAGCTGCACACGG
TGTGTGACGTTTATAAAATCATC,GGTCTTGCAGGAGCTGCACACGG
TTCCTGCAGGAGCTGCGCAGGGC,GGTCTTGCAGGAGCTGCACACGG
GTCTTGGAGGAACTGCTCGAGGC,GGTCTTGCAGGAGCTGCACACGG
CGGTCCTGCGGGAGCTGTCCACG,GGTCTTGCAGGAGCTGCACACGG
CTGTCTTGCAGGTTCTGCACTTG,GGTCTTGCAGGAGCTGCACACGG
GTCTTGGATGAACTGCTCAGAGT,GGTCTTGCAGGAGCTGCACACGG
ATCTTGAAGGAGCTGCAGAAGGT,GGTCTTGCAGGAGCTGCACACGG
GTATTACAGGAGCTGCTCGAAGT,GGTCTTGCAGGAGCTGCACACGG
GCTCTGCAGGAGCTGCACAGAGA,GGTCTTGCAGGAGCTGCACACGG
TTCTTTCAGCAGCAGCACAAGGC,GGTCTTGCAGGAGCTGCACACGG
TGATTTTGCAAGAGCAGCACAAA,GGTCTTGCAGGAGCTGCACACGG
GTGTCCTACAGGAGCTGCGCACA,GGTCTTGCAGGAGCTGCACACGG
CTGTCCGGCAGGGGCTGCACAGA,GGTCTTGCAGGAGCTGCACACGG
GTCCTGCTGGAGCTGCACCGGGC,GGTCTTGCAGGAGCTGCACACGG
GTCTAGGAGGAGCTGCACATAGA,GGTCTTGCAGGAGCTGCACACGG
TTCCGGCAGCAGCTGCACAGGGG,GGTCTTGCAGGAGCTGCACACGG
ACGTCCTGCAGGAGCTGCACCAG,GGTCTTGCAGGAGCTGCACACGG
CTCCTGGAGGACCTGCACACGGT,GGTCTTGCAGGAGCTGCACACGG
GTCCTGGAGGGCCTGCACAGGGG,GGTCTTGCAGGAGCTGCACACGG
ATCTGACAGCAGCTGCACAAGGG,GGTCTTGCAGGAGCTGCACACGG
CTGCACAATCATGAGGAGAGGGG,AGTGCACTGTAATGAGGAGACGG
GGCTGCATTGTAATGAAGAGAGA,AGTGCACTGTAATGAGGAGACGG
GTGCACCGTAATGGGCAGACGGC,AGTGCACTGTAATGAGGAGACGG
GCACATCATGTCACGAGGGTTGC,GTGACATCAAGTCCCGAGGGAGG
AGACATCAAATGCCAAGGGTTGT,GTGACATCAAGTCCCGAGGGAGG
GGGCACCAACTCCGGAGGGGGGT,GTGACATCAAGTCCCGAGGGAGG
TGGGACATATAGTCTCGACGGAG,GTGACATCAAGTCCCGAGGGAGG
TGGGAAATCAGGCCACGAGGGGC,GTGACATCAAGTCCCGAGGGAGG
GGACGTGAAGCCCCGAAGGCTGT,GTGACATCAAGTCCCGAGGGAGG
GCACATCGAGTCCCGATGGCGAT,GTGACATCAAGTCCCGAGGGAGG
GGACATGAGGGCCTGAGGGAGGT,GTGACATCAAGTCCCGAGGGAGG
GCTCATCAAGTCCAGAGGAAAGT,GTGACATCAAGTCCCGAGGGAGG
AGGGACATGAAGCCCAGAGGAGC,GTGACATCAAGTCCCGAGGGAGG
GGACGTCAAGTGCAGAGAGAGGC,GTGACATCAAGTCCCGAGGGAGG
AAGGACATCAAGTCCAGATCGCA,GTGACATCAAGTCCCGAGGGAGG
TGGGAAATGAAATCACGAGGGAA,GTGACATCAAGTCCCGAGGGAGG
GTACATAAAGTCCAGAGGGGGGA,GTGACATCAAGTCCCGAGGGAGG
GGACATATAGTCTCGACGGAGGA,GTGACATCAAGTCCCGAGGGAGG
TGGGACATATAGTCTCGACGGAG,GTGACATCAAGTCCCGAGGGAGG
TGGGACATATAGTCTCGATGGAG,GTGACATCAAGTCCCGAGGGAGG
GGGAGGGGTGTGTTTGACTCAGA,AGGGAGGGATGTGTTCGACATGG
AAGGTCATCAAGTCACAAGGGAG,GTGACATCAAGTCCCGAGGGAGG
CAGGACATGAAGTCCAGAGAGGT,GTGACATCAAGTCCCGAGGGAGG
GAGCACTGTAAAGGGGTGAAGGA,AGTGCACTGTAATGAGGAGACGG
GGACTTCAATGCCCGAGTGGTGT,GTGACATCAAGTCCCGAGGGAGG
CTGCTGAGTAATGAGGAGAGGGG,AGTGCACTGTAATGAGGAGACGG
TCGTGCACTGTAACAAGGACATG,AGTGCACTGTAATGAGGAGACGG
AGATGTACTGTAAAGAGGAGTGG,AGTGCACTGTAATGAGGAGACGG
TGGTACACTGTAGCGAGGACAAG,AGTGCACTGTAATGAGGAGACGG
CAGTGCAAGGTAATGAGGTGAGG,AGTGCACTGTAATGAGGAGACGG
GTGCACTGTGAAGAAGATAAGGA,AGTGCACTGTAATGAGGAGACGG
GTGCACTGTCATAAAGAGATGGA,AGTGCACTGTAATGAGGAGACGG
CAGTGTAATGTAATGAGGAAAGG,AGTGCACTGTAATGAGGAGACGG
CTGTAAACTGTGATGAGGAGATG,AGTGCACTGTAATGAGGAGACGG
GTAAACTGTGATGAGGAGATGGC,AGTGCACTGTAATGAGGAGACGG
TTGCCGTACCTCTGTGATTCGGC,AGTGCACTGTAATGAGGAGACGG
GGACATCAGATCCCGGGAGATGC,GTGACATCAAGTCCCGAGGGAGG
GCGGACATCAAGTGCTGAGGCTG,GTGACATCAAGTCCCGAGGGAGG
GGAAATTAAGTCCAGAGGTCTGA,GTGACATCAAGTCCCGAGGGAGG
GCACCTCAAGGCCCGAGGGTTGT,GTGACATCAAGTCCCGAGGGAGG
GTACATCTAGTCCTGATGGCAGT,GTGACATCAAGTCCCGAGGGAGG
GGACAGGAAGTAACGAGGGAGAT,GTGACATCAAGTCCCGAGGGAGG
ACGTCTTCCAGAAGCTGCATAAA,GGTCTTGCAGGAGCTGCACACGG
AAATGTTTCAGGAGCTGCACAGA,GGTCTTGCAGGAGCTGCACACGG
CTCTTGCAGGACTTGCACAAAGC,GGTCTTGCAGGAGCTGCACACGG
TCGGTCCTGCTAAATTCCCCAGG,GTCTCCTGCTAAATTCCGAAAGG
GCTTCTGCTAAATACTGAACAGA,GTCTCCTGCTAAATTCCGAAAGG
CCTCCTGCCACATTCCCAAAGGA,GTCTCCTGCTAAATTCCGAAAGG
ATGCTCCTACTAAATTTCTAAGA,GTCTCCTGCTAAATTCCGAAAGG
GCTCCTGTCAAATTCTGAATAGC,GTCTCCTGCTAAATTCCGAAAGG
CTGCTCCTGCAAAAATCTGAACA,GTCTCCTGCTAAATTCCGAAAGG
TGCCTCCTGCTCAGTTCTGAAAG,GTCTCCTGCTAAATTCCGAAAGG
AGGCTCCTGCAGTATTCAGAATG,GTCTCCTGCTAAATTCCGAAAGG
GCTCCTGATAATATCCGAAGGGG,GTCTCCTGCTAAATTCCGAAAGG
GGAGAGCGAGATAAGCGAGCAGG,GAGAGAGTCAGGTGAGCGAGGGG
GGAAAGTCATGTGAGCATGGGGA,GAGAGAGTCAGGTGAGCGAGGGG
GGAGAGTTGTGTGAGCAAGGGGT,GAGAGAGTCAGGTGAGCGAGGGG
GGAGAGGCAGGCGGGCGGGCGGG,GAGAGAGTCAGGTGAGCGAGGGG
GGGGACACTCATGTGAGCAAGGG,GAGAGAGTCAGGTGAGCGAGGGG
TTCTGTACAATCTCAGACCTATT,GAGAGAGTCAGGTGAGCGAGGGG
AAGGAGAGTCAGGTGAACAAATA,GAGAGAGTCAGGTGAGCGAGGGG
GGAGAGTCAGGTGAACAAATAGA,GAGAGAGTCAGGTGAGCGAGGGG
CGGGACAGTGAGGAGAGAGAGAG,GAGAGAGTCAGGTGAGCGAGGGG
ACTCCTGCTCAATCCTGAAAGGT,GTCTCCTGCTAAATTCCGAAAGG
AGCCTTCTGCTACTTTCCGAAAG,GTCTCCTGCTAAATTCCGAAAGG
GGGGTCTCAGGTGAGCGTGTGGA,GAGAGAGTCAGGTGAGCGAGGGG
TGTGTCCTGCTAAATTCCAATTA,GTCTCCTGCTAAATTCCGAAAGG
TCCCTCCTGGTAAATTCCGATCC,GTCTCCTGCTAAATTCCGAAAGG
GCTCCTGCCAAATTTCCAATAGT,GTCTCCTGCTAAATTCCGAAAGG
GCTCCTGCCAAATTTCCAATAGT,GTCTCCTGCTAAATTCCGAAAGG
GCTCCTGCCAAATTTCCAATAGT,GTCTCCTGCTAAATTCCGAAAGG
GTGCTCCTGCCAAATTTCCAATA,GTCTCCTGCTAAATTCCGAAAGG
TGTCTCCTGCTGTATACCGAACA,GTCTCCTGCTAAATTCCGAAAGG
GCGGTCCTGCAAAATTCCTAAAC,GTCTCCTGCTAAATTCCGAAAGG
GACCTCCTGCTAATTTCCCAACA,GTCTCCTGCTAAATTCCGAAAGG
GGTCCTGCTGAAATCTGAAGAGC,GTCTCCTGCTAAATTCCGAAAGG
GCTCCAGTTACATTCAGAATAGA,GTCTCCTGCTAAATTCCGAAAGG
GCTCCAGTTACATTCAGAATAGA,GTCTCCTGCTAAATTCCGAAAGG
GCTCCAGTTACATTCAGAATAGA,GTCTCCTGCTAAATTCCGAAAGG
CAGCTCCTTCTGAATTCCGAATG,GTCTCCTGCTAAATTCCGAAAGG
TGGCTCCTATTACATTCAGAATA,GTCTCCTGCTAAATTCCGAAAGG
GCTCCTGCCAAATTTCTAATAGT,GTCTCCTGCTAAATTCCGAAAGG
GCTCCTGCCAAATTTCAAATAGA,GTCTCCTGCTAAATTCCGAAAGG
GCCCCAGCTAAATTCACAACAGT,GTCTCCTGCTAAATTCCGAAAGG
GGAGAAAAAGGTGAGCGAGGAGC,GAGAGAGTCAGGTGAGCGAGGGG
CGTGAGAGGAAGGTGAGCGACAG,GAGAGAGTCAGGTGAGCGAGGGG
TGGTCATGCAGGACCTGCACAGA,GGTCTTGCAGGAGCTGCACACGG
GCTCATCTGGGAAAAGAGTGAGG,CGCTGATCTGGGCGAAGCGTGGG
CGGCTGAACTGTGCGAAAAGTGA,CGCTGATCTGGGCGAAGCGTGGG
GCTGCTCTGGATGAAGCGGTGGG,CGCTGATCTGGGCGAAGCGTGGG
AAGCTGATTTGAGCAAAGCGTTC,CGCTGATCTGGGCGAAGCGTGGG
GGGGTGATCTGGACAAAGCATCA,CGCTGATCTGGGCGAAGCGTGGG
GCTGATTTGGGTGAGGCTTTGGG,CGCTGATCTGGGCGAAGCGTGGG
ACTAATCTGGGCGAAGCAGTGGC,CGCTGATCTGGGCGAAGCGTGGG
GCTGTTCTGGATGCAGCGTAGGG,CGCTGATCTGGGCGAAGCGTGGG
GGGCTGATTTGTGTGAAGCGATG,CGCTGATCTGGGCGAAGCGTGGG
TGGCTGAGCGGGGTGGAGCGTAG,CGCTGATCTGGGCGAAGCGTGGG
TCTCTGACCTGGGCGAAGTGTGG,CGCTGATCTGGGCGAAGCGTGGG
TCTCTGACCTGGGCGAAGTGTGG,CGCTGATCTGGGCGAAGCGTGGG
TCTGACCTGGGCGAAGTGTGGGC,CGCTGATCTGGGCGAAGCGTGGG
TCTGACCTGGGCGAAGTGTGGGC,CGCTGATCTGGGCGAAGCGTGGG
TCTGACCTGGGCGAAGTGTGGGC,CGCTGATCTGGGCGAAGCGTGGG
GGTAAGACATCTGCCACTGTGGG,GTGGAAGACCTTCGCCACTGAGG
TGGTCTCGCAGGAACAACACACC,GGTCTTGCAGGAGCTGCACACGG
GTCCATCAGGAGCTGCACAGCGT,GGTCTTGCAGGAGCTGCACACGG
ACTGATCGGGGGGAAGCGAGGGC,CGCTGATCTGGGCGAAGCGTGGG
GTGGATCTGGATGAAGCGTTCGG,CGCTGATCTGGGCGAAGCGTGGG
TGGAAGATTCAGGAGAGCTAGAG,GAGAGAGTCAGGTGAGCGAGGGG
AGGCTGATCGGGGAGGAGCGGGG,CGCTGATCTGGGCGAAGCGTGGG
CGGGAAAGACAGGAGAGAGAGCG,GAGAGAGTCAGGTGAGCGAGGGG
TGGGAGTGTGAGGAAAGCGAGTG,GAGAGAGTCAGGTGAGCGAGGGG
TGGGCCAATAAGGTGAGCGAGAG,GAGAGAGTCAGGTGAGCGAGGGG
GGAGGCAGAGGTGAGCGAGCGGC,GAGAGAGTCAGGTGAGCGAGGGG
GCAGAATAAGATGAGCGAGGGGC,GAGAGAGTCAGGTGAGCGAGGGG
GGGGAAACACAGGTGAGCAAGGG,GAGAGAGTCAGGTGAGCGAGGGG
TGGCTGGTGTGAGCGAAGCTTAT,CGCTGATCTGGGCGAAGCGTGGG
CCTGATCTGAGTGAAGTGTCTGA,CGCTGATCTGGGCGAAGCGTGGG
GCTAATCAGGGTGAAGCGTTGCC,CGCTGATCTGGGCGAAGCGTGGG
TGGATCATCTGAGCGCAGCGTTG,CGCTGATCTGGGCGAAGCGTGGG
GCTGATCTGGGAGCAGCGACAGG,CGCTGATCTGGGCGAAGCGTGGG
GAGCTCTTCTGGGTGAAGCGTTT,CGCTGATCTGGGCGAAGCGTGGG
AGGGGGATCTGGGCTAAGTGTGA,CGCTGATCTGGGCGAAGCGTGGG
GCAGATCTGGTTGAAGCCTGAGT,CGCTGATCTGGGCGAAGCGTGGG
GCTGATCTGGGGGCAGAGTTGGG,CGCTGATCTGGGCGAAGCGTGGG
TGGCTGATCCGACCGAAGCGACG,CGCTGATCTGGGCGAAGCGTGGG
GTGCTGACCTTGGCGAAGCGGCA,CGCTGATCTGGGCGAAGCGTGGG
GGGGGAGGGCTGCCTTCGTCAGA,AGGGAGGGATGTGTTCGACATGG
GTAAGAGATGCGTTCGACATGAA,AGGGAGGGATGTGTTCGACATGG
GGGAGTTATGTGTCTGACACGGC,AGGGAGGGATGTGTTCGACATGG
GGCGCGAGAATGAGAGATAAGGC,GCGCGCCGGAATGAAAGATATGG
GGCCCCAAAATGTAAGATAAGGG,GCGCGCCGGAATGAAAGATATGG
ACAGCGCGAGAATGAAAGATAAG,GCGCGCCGGAATGAAAGATATGG
AGCGCGAGAATGAAAGATAAGGC,GCGCGCCGGAATGAAAGATATGG
GCAGCGCCAGAATGAGAGATAAG,GCGCGCCGGAATGAAAGATATGG
AGCGCCAGAATGAGAGATAAGGC,GCGCGCCGGAATGAAAGATATGG
GCAGCGCCAGAATGAGAGATAAG,GCGCGCCGGAATGAAAGATATGG
AGCGCCAGAATGAGAGATAAGGC,GCGCGCCGGAATGAAAGATATGG
AGCGCCAGAATGAGAGATAAGGC,GCGCGCCGGAATGAAAGATATGG
AGCGCCAGAATGAGAGATAAGGC,GCGCGCCGGAATGAAAGATATGG
GCAGCGCCAGAATGAGAGATAAG,GCGCGCCGGAATGAAAGATATGG
AAAGTGATCTGATCCGAGCGCGG,GGGTCACCTGATCCGAGCGCTGG
AGTGATCTGATCCGAGCGCGGTT,GGGTCACCTGATCCGAGCGCTGG
AAAGTGATCTGATCCGAGCGCGG,GGGTCACCTGATCCGAGCGCTGG
AAAGCCATCTGATCCGAGCGCGG,GGGTCACCTGATCCGAGCGCTGG
AGTGACCCGATCCGAGCGCGGTT,GGGTCACCTGATCCGAGCGCTGG
GGGCACCTGACCTGAGCGCAGCC,GGGTCACCTGATCCGAGCGCTGG
GGGGTGACCCGATCCGACCGACC,GGGTCACCTGATCCGAGCGCTGG
TGGGTGCCAGAATTAAAAATATG,GCGCGCCGGAATGAAAGATATGG
TGTGCGCGCGAATGAAAGATAGG,GCGCGCCGGAATGAAAGATATGG
GGAGGCACCTGGTCCGAGCGCCG,GGGTCACCTGATCCGAGCGCTGG
GGAGACAGAAAGAAAGATAGAGG,GCGCGCCGGAATGAAAGATATGG
TGGTGTAACATTACATGTGCTAG,AGCGTCACATTGCATGTGCTTGG
GGTGCCGGAATAAAAAATAAGAA,GCGCGCCGGAATGAAAGATATGG
CTGGAGCTGGAATGACAGATAAA,GCGCGCCGGAATGAAAGATATGG
AGCGCGCAGGAATGGTAGATATG,GCGCGCCGGAATGAAAGATATGG
AGTACGCCCGAATGAGAGATAGA,GCGCGCCGGAATGAAAGATATGG
TGTGCGCACGAATGAGAGATAGA,GCGCGCCGGAATGAAAGATATGG
ATGTCGCCGGAATGATAGTTACG,GCGCGCCGGAATGAAAGATATGG
TGCGCGGCGAAATGAAAAATAAA,GCGCGCCGGAATGAAAGATATGG
GGGGTGCCGGAAAATAAGATAAA,GCGCGCCGGAATGAAAGATATGG
GGAGCAGGAATGAAACATTTGGG,GCGCGCCGGAATGAAAGATATGG
CGAGCGCAGGTGTGAAAGATAGA,GCGCGCCGGAATGAAAGATATGG
GCAGCGCCAGAATGAGAGATAAA,GCGCGCCGGAATGAAAGATATGG
AGCGCAAGAATGAAAGATAAAGC,GCGCGCCGGAATGAAAGATATGG
TGCGCGCGAATGAGAGATAGGGA,GCGCGCCGGAATGAAAGATATGG
GGCGTCTGAATGCAAGATACGGT,GCGCGCCGGAATGAAAGATATGG
AGTGGGCCAGACTGAAAGATACG,GCGCGCCGGAATGAAAGATATGG
AAGGCGCCGAAATGGAAGATTTG,GCGCGCCGGAATGAAAGATATGG
TGGAACACATTATCCGAGCGCGT,GGGTCACCTGATCCGAGCGCTGG
CGTCACCTGTTCCGAGAGTAAGT,GGGTCACCTGATCCGAGCGCTGG
GCATCACATTTCATGTGCTTGGG,AGCGTCACATTGCATGTGCTTGG
GGGCGTGGAGCTCTGCGAGCATG,CGCGTGGAGCACGGCGAGGAGGG
GCGTGGAGCTCCACGAGCATGGG,CGCGTGGAGCACGGCGAGGAGGG
GCGTGGAGCACCGCGAGCAAAGG,CGCGTGGAGCACGGCGAGGAGGG
GCATGGAGCACCGCGAGCAGAGG,CGCGTGGAGCACGGCGAGGAGGG
ATGTGGAGCACTGCGAGGAAAGG,CGCGTGGAGCACGGCGAGGAGGG
CGGCGTGGAGCGAGGAGAGCAGG,CGCGTGGAGCACGGCGAGGAGGG
AGGCGTAGAGGACGGCGGGAACG,CGCGTGGAGCACGGCGAGGAGGG
GCGTGTAGCGCTGCGAGCAGGGA,CGCGTGGAGCACGGCGAGGAGGG
AGACATGGAGCAGGGCGAGGTGA,CGCGTGGAGCACGGCGAGGAGGG
GCGTGGAGCTCCGCGAGCAAGGG,CGCGTGGAGCACGGCGAGGAGGG
GCGTGGAGCTCCGCGAGCACGGG,CGCGTGGAGCACGGCGAGGAGGG
GGGCGTGGAGCTCCGCGAGCATG,CGCGTGGAGCACGGCGAGGAGGG
GGCCGTGGAGCTCCGCGAGTATG,CGCGTGGAGCACGGCGAGGAGGG
TTTGTTTCAAACAGATTACAAAA,CGCGTGGAGCACGGCGAGGAGGG
ACATGGAGGACGGAGAGGATGGA,CGCGTGGAGCACGGCGAGGAGGG
GGGCGTGGAGCTCTGCGAGAATG,CGCGTGGAGCACGGCGAGGAGGG
GTTCATGGAGCAGGGCGAGGACA,CGCGTGGAGCACGGCGAGGAGGG
GTGCGTGGAGAGCGGCGACGAGA,CGCGTGGAGCACGGCGAGGAGGG
GCGTGGATCACTGCGAGGAGAGG,CGCGTGGAGCACGGCGAGGAGGG
GATCATGTGATCCGAGCGCTGGA,GGGTCACCTGATCCGAGCGCTGG
CGAATGACGTGATCCGAGCGCAT,GGGTCACCTGATCCGAGCGCTGG
AGAACCACCTGATCCGAGCTCAG,GGGTCACCTGATCCGAGCGCTGG
CTGGTCACCTGCTGTGAGCGCCA,GGGTCACCTGATCCGAGCGCTGG
TAGCACCTGATACGAGCGCACGA,GGGTCACCTGATCCGAGCGCTGG
TAGGTCAGCTGATCAGAACGCAC,GGGTCACCTGATCCGAGCGCTGG
GGTCACGTGACCCGAGAGGAGGG,GGGTCACCTGATCCGAGCGCTGG
AGGGTCACCAGACCCAAGCGAGG,GGGTCACCTGATCCGAGCGCTGG
AGGATGACATCATCCGAGCGCAA,GGGTCACCTGATCCGAGCGCTGG
TGCATAACCTGCTCCGAGCGCCA,GGGTCACCTGATCCGAGCGCTGG
AGCGTCACATCATCCGAGCACGA,GGGTCACCTGATCCGAGCGCTGG
AGTCTCCTCATTCGAGCGCGAGT,GGGTCACCTGATCCGAGCGCTGG
AGCGTCACATGAGCCCAGCGCAG,GGGTCACCTGATCCGAGCGCTGG
GGGGTCACCTGCCCTGACCGCAG,GGGTCACCTGATCCGAGCGCTGG
TGGTTCAGCTTATCAGAGCGCCG,GGGTCACCTGATCCGAGCGCTGG
TAGGTCAGCTGATTCGAACGCAA,GGGTCACCTGATCCGAGCGCTGG
CGTCTGCTGCTCCGAGCGCTGGT,GGGTCACCTGATCCGAGCGCTGG
CGGGGCTCCTGATCAGAGCTCGG,GGGTCACCTGATCCGAGCGCTGG
GGTCACATGGTTCGAGCCCCGGC,GGGTCACCTGATCCGAGCGCTGG
AAGGTCGCCTGATTCGAGCCCTG,GGGTCACCTGATCCGAGCGCTGG
AAGTTACATTGCATGTGTTTGGC,AGCGTCACATTGCATGTGCTTGG
CGGCGCCGCACTGCATGTCCTTG,AGCGTCACATTGCATGTGCTTGG
AGAGGAAGCCTGTGTTCGACATC,AGGGAGGGATGTGTTCGACATGG
GAGAGGGAAGGGTTCAACAAAGA,AGGGAGGGATGTGTTCGACATGG
TGGGGGAGGAGGTGTTAGACAGA,AGGGAGGGATGTGTTCGACATGG
TTGGGATTGAGGTGTTCGACAAG,AGGGAGGGATGTGTTCGACATGG
GGGAGAGGTGTGTTTGACAGGGT,AGGGAGGGATGTGTTCGACATGG
GGGAGAGGTGTGTTCGTCATGGA,AGGGAGGGATGTGTTCGACATGG
ATGAAGTCATGTCTGTTTCAGCA,GCAAGTCAGGTCTGTCTCAGAGG
GGGGAGTCAGATTTGTCTAAGCA,GCAAGTCAGGTCTGTCTCAGAGG
GGGGAGTCAGATTTGTCTAAGGA,GCAAGTCAGGTCTGTCTCAGAGG
GGAGTCAGATTTGTCTCTGGAGT,GCAAGTCAGGTCTGTCTCAGAGG
GAGTTCAGGTCTCTCTCTGGGGT,GCAAGTCAGGTCTGTCTCAGAGG
GAAGACATTTCTGTCGCAGTGGT,GCAAGTCAGGTCTGTCTCAGAGG
AAGAAGTCCGGTGTGTCTCAGTA,GCAAGTCAGGTCTGTCTCAGAGG
CGAAAGTCAGCTCTGTCACAGGA,GCAAGTCAGGTCTGTCTCAGAGG
GGGATGTCAGGTCTGTTTTGGGG,GCAAGTCAGGTCTGTCTCAGAGG
GGGAAAACAGATCGGTCTCAGGA,GCAAGTCAGGTCTGTCTCAGAGG
GAGGTCAGGTCTGTGTCTGTGGA,GCAAGTCAGGTCTGTCTCAGAGG
TGTAAATCAGAGCTGTCTCAGAA,GCAAGTCAGGTCTGTCTCAGAGG
CAAATCTGGTCTGTCTCAGCAGG,GCAAGTCAGGTCTGTCTCAGAGG
GAGGGAGGGTTGTGTTGGACAAG,AGGGAGGGATGTGTTCGACATGG
GGGATGGATGTATTTGGCATGGT,AGGGAGGGATGTGTTCGACATGG
GAAGACTGGTCTGTCCCAGGAGC,GCAAGTCAGGTCTGTCTCAGAGG
GGGGGCTATGTGTTCAACACAGA,AGGGAGGGATGTGTTCGACATGG
GGGTGGGATGTGTTAAACAACGA,AGGGAGGGATGTGTTCGACATGG
AGGGGGGGGTGGTGTTCGACTGA,AGGGAGGGATGTGTTCGACATGG
TGGCAACGGCTGTGTTCGACATA,AGGGAGGGATGTGTTCGACATGG
GGGGGGGGGGTGTATTTGACAAA,AGGGAGGGATGTGTTCGACATGG
TGGAGAGACATGTTCGACATCGC,AGGGAGGGATGTGTTCGACATGG
GGAAGGGGTGTGTTTGACGGAGA,AGGGAGGGATGTGTTCGACATGG
ACGGAAGGGAGGTGTTCGTCAGA,AGGGAGGGATGTGTTCGACATGG
ACGGAAGGGAGGTGTTCGTCAGA,AGGGAGGGATGTGTTCGACATGG
CGGGGAGGCACCTGTTTGACACG,AGGGAGGGATGTGTTCGACATGG
GGGAGGGAAGAGCTCGACACAGC,AGGGAGGGATGTGTTCGACATGG
AGGGAAGGGATGCATTCCACAGA,AGGGAGGGATGTGTTCGACATGG
TGGGGGTGAATGTCTTCGACAGA,AGGGAGGGATGTGTTCGACATGG
GGGAGGGAAAGGATCGACATAGG,AGGGAGGGATGTGTTCGACATGG
GGGGGGGATGAGTTCATCAGAGG,AGGGAGGGATGTGTTCGACATGG
TGGGGGGGGATGAGTTCATCAGA,AGGGAGGGATGTGTTCGACATGG
GGGTTGGTGGTGTTCGACAGGGT,AGGGAGGGATGTGTTCGACATGG
GGGAGGGATGCGATAGAGAGGGG,AGGGAGGGATGTGTTCGACATGG
CTAGTCAGGCCTGTCTCCGAGGC,GCAAGTCAGGTCTGTCTCAGAGG
GAAGACAGGTCAGTCTCTGCAGG,GCAAGTCAGGTCTGTCTCAGAGG
AGTAGTCACATCGCATGTGTTGG,AGCGTCACATTGCATGTGCTTGG
GCGCGTTATATTGCATGTGCTGG,AGCGTCACATTGCATGTGCTTGG
GCATCACATTTCATATGTTAAGA,AGCGTCACATTGCATGTGCTTGG
AGGCTTCACACTGCATGTCTTTG,AGCGTCACATTGCATGTGCTTGG
TCACCTCACATTGCTTGTGCTGA,AGCGTCACATTGCATGTGCTTGG
GAGTCACTCTGCATGCGCTTAGC,AGCGTCACATTGCATGTGCTTGG
GAGTGACATTGCGTGTGCTAAGA,AGCGTCACATTGCATGTGCTTGG
CGGCATCACATTGTATGTAGTTG,AGCGTCACATTGCATGTGCTTGG
ACTCCACATTGCATGTACTGAGA,AGCGTCACATTGCATGTGCTTGG
GAGCCTCACATTGCCTGTGCATG,AGCGTCACATTGCATGTGCTTGG
TTGGGTCAGATTGCATGTACTAA,AGCGTCACATTGCATGTGCTTGG
ACGTCTGATTGCATGTGCTGAGA,AGCGTCACATTGCATGTGCTTGG
GGGTTTGAGATTGCATGTGCTTG,AGCGTCACATTGCATGTGCTTGG
CGGAGTCATACTGCATGTGCTTA,AGCGTCACATTGCATGTGCTTGG
GCGTAACATTGCATATGTTCAGG,AGCGTCACATTGCATGTGCTTGG
CTGTGTAGCATTGCATGTGCTGA,AGCGTCACATTGCATGTGCTTGG
ACGTTACATTGAATGTGTTTGGA,AGCGTCACATTGCATGTGCTTGG
AGGTGTTACATTTCAAGTGCTAG,AGCGTCACATTGCATGTGCTTGG
GCATCACATTGTTTGTGTTTGGC,AGCGTCACATTGCATGTGCTTGG
AGACATGACATTGCATATGCTGC,AGCGTCACATTGCATGTGCTTGG
GCTCAACATTGCATATGCTGCGA,AGCGTCACATTGCATGTGCTTGG
CGAAAGTCAGATCAGTCTAAGGA,GCAAGTCAGGTCTGTCTCAGAGG
GAATAACATTGCATGTTCTAGAT,AGCGTCACATTGCATGTGCTTGG
GAAATCATGTCTGCCTCAGCGGC,GCAAGTCAGGTCTGTCTCAGAGG
AAACTCAGGTCTGACTCAAGAGT,GCAAGTCAGGTCTGTCTCAGAGG
TGAAAGTCAGATCTGACTCAAGA,GCAAGTCAGGTCTGTCTCAGAGG
GGGTGGTGAGGTTTGTCTCAGAG,GCAAGTCAGGTCTGTCTCAGAGG
AAATTCAGAACTGTCTCAGTGGA,GCAAGTCAGGTCTGTCTCAGAGG
AAAGGCAGGTCTGTCTCACAGGA,GCAAGTCAGGTCTGTCTCAGAGG
TGGAAGTTTGTTCAGTCTCAGTG,GCAAGTCAGGTCTGTCTCAGAGG
CAGATCAGGTCTGTCACAGTGGG,GCAAGTCAGGTCTGTCTCAGAGG
GAAGTCAGTTTTGTATCTGAGGA,GCAAGTCAGGTCTGTCTCAGAGG
TGGAGCTCAGGTCTGTCTTAAAG,GCAAGTCAGGTCTGTCTCAGAGG
GAAGTAAGGTCTAACTCAGGGGT,GCAAGTCAGGTCTGTCTCAGAGG
GAAGACGGTCCTGTCTCAGAGGC,GCAAGTCAGGTCTGTCTCAGAGG
AGGAAGTCAGGAAAGTCTCAGAG,GCAAGTCAGGTCTGTCTCAGAGG
GCATTACATTACATGTGTTTGAA,AGCGTCACATTGCATGTGCTTGG
AGGCGTGAGATTGCTAGTGCTTA,AGCGTCACATTGCATGTGCTTGG
ACGCCACGTTGCATGTCCTGCGA,AGCGTCACATTGCATGTGCTTGG
GCGTCTCAGAGCATGTACTGAGG,AGCGTCACATTGCATGTGCTTGG
CGGGGAAAACCTACGCGACTACG,GTGGAAGACCTTCGCCACTGAGG
AGGGATCAGGGGTCTGTTCTTCG,GAGGTCTGGGCTCTGCTCTTGGG
TGGGCCAGATCTCCGCCACTGGG,GTGGAAGACCTTCGCCACTGAGG
TGATCTGCCTGACCAATACTCCG,GTTCTGCCTGACCTGTACTTGGG
GTCTGCCTCTCCTGTATATGGGG,GTTCTGCCTGACCTGTACTTGGG
CACAGCCTGACATGTACTTTAGC,GTTCTGCCTGACCTGTACTTGGG
AGGGCAGCCTGGCCTGTGCTTGG,GTTCTGCCTGACCTGTACTTGGG
TGGTTTGCATGTACTGTACTTGA,GTTCTGCCTGACCTGTACTTGGG
TAGTCTGACTGGCTTGTACTTCC,GTTCTGCCTGACCTGTACTTGGG
GGCTGCGGGACCTGTATTTTAGT,GTTCTGCCTGACCTGTACTTGGG
GTCTGCTTAACCTGCACTTGGAA,GTTCTGCCTGACCTGTACTTGGG
CCTTGCCTGACTTGTACTTCAGC,GTTCTGCCTGACCTGTACTTGGG
GTGTGACAGACGTGTACTTCGGA,GTTCTGCCTGACCTGTACTTGGG
GGCTGCCTGAGCTGAATTTGGGG,GTTCTGCCTGACCTGTACTTGGG
GTCTGCCTGGCCTATAATAAAGT,GTTCTGCCTGACCTGTACTTGGG
AGGTATGCCCGGCATGTACTTGA,GTTCTGCCTGACCTGTACTTGGG
CTGTGCATGACCTGAACTTCAGT,GTTCTGCCTGACCTGTACTTGGG
GTCTGCCTGACCAGTCCTTCGGC,GTTCTGCCTGACCTGTACTTGGG
AGCTCTTTCAGACCTGTACTTCA,GTTCTGCCTGACCTGTACTTGGG
CTCTACATGACCTGTACTTAAGC,GTTCTGCCTGACCTGTACTTGGG
CTGTCTGCCTGACCTGCCCTTTG,GTTCTGCCTGACCTGTACTTGGG
TGATCTTCCTCACCTGTAATTTG,GTTCTGCCTGACCTGTACTTGGG
GTGTGCCTGTCCTGTTCTTTGGT,GTTCTGCCTGACCTGTACTTGGG
AAGACTGACTGACATGTACTTGC,GTTCTGCCTGACCTGTACTTGGG
TCCTGCCTGCCTTGTACTTCAGC,GTTCTGCCTGACCTGTACTTGGG
AGTCCTGCCTGCCTTGTACTTCA,GTTCTGCCTGACCTGTACTTGGG
GTGGGATGGTGGGAGGTTCAGGC,GCTGGGCTGGCAGGAGGCTCTGG
GGGACGGCTGGCTGGAGACTCAG,GCTGGGCTGGCAGGAGGCTCTGG
CGGCGGCCTTTCAGGAGGCTCGG,GCTGGGCTGGCAGGAGGCTCTGG
GTGGGCTGTCAGGGATCTCAGGC,GCTGGGCTGGCAGGAGGCTCTGG
TGGGTGACTGGCAGAAGGCTCTG,GCTGGGCTGGCAGGAGGCTCTGG
GCGGGTTAGCAGGAGGTTCTGGA,GCTGGGCTGGCAGGAGGCTCTGG
CGGTGAGCGGGTAGAAGGCTCTG,GCTGGGCTGGCAGGAGGCTCTGG
TGGTGGGATGGCTGGAGATTCAG,GCTGGGCTGGCAGGAGGCTCTGG
CAGTGGGCACGCAGCAGGCTCGG,GCTGGGCTGGCAGGAGGCTCTGG
GAGGCCTGTCAGGAGGATCTGGT,GCTGGGCTGGCAGGAGGCTCTGG
GTGGCCGTTCAGGAGGCTCAGGC,GCTGGGCTGGCAGGAGGCTCTGG
ATGGGCCGGCAGCAGGTTCGGGA,GCTGGGCTGGCAGGAGGCTCTGG
GGCAGGGCTGGAGGGAGGCTCTG,GCTGGGCTGGCAGGAGGCTCTGG
TCGTGAGGTGGCAGGAGGCTCAG,GCTGGGCTGGCAGGAGGCTCTGG
TGGTGAGGCGTCAGGAGGCTCTG,GCTGGGCTGGCAGGAGGCTCTGG
GGAAGAGCTGGCAGGAGGCTCAG,GCTGGGCTGGCAGGAGGCTCTGG
TCCTGCCTGCCTTGTACTTCAGA,GTTCTGCCTGACCTGTACTTGGG
AGATCAGCCTGGGCTGTACTTTG,GTTCTGCCTGACCTGTACTTGGG
ATCTACTTGACCTATACTTAAGG,GTTCTGCCTGACCTGTACTTGGG
CGGTGGCCTTTCAGGAGGCCCGG,GCTGGGCTGGCAGGAGGCTCTGG
GGGTCCTTCAAAATAAACATGAG,GTTCCTGACAAATAACCATGGGG
GTCCCGGCAAATAACCCTGGGGT,GTTCCTGACAAATAACCATGGGG
AGATTATGACAATTAACCATGAG,GTTCCTGACAAATAACCATGGGG
CTCCAGACAAATAAACATGTAGT,GTTCCTGACAAATAACCATGGGG
TGTTGAGGATCATACGCTGGTTA,GTTCCTGACAAATAACCATGGGG
GTCTTGAGAAATAAAAATGTGGT,GTTCCTGACAAATAACCATGGGG
GTCCTGACAAATAAAAATCTGGA,GTTCCTGACAAATAACCATGGGG
GTCCTGACAAATAAAAATCGGGA,GTTCCTGACAAATAACCATGGGG
CGGTCCAGATAAATACCCATGAG,GTTCCTGACAAATAACCATGGGG
ATGCTGACAGACAACCATGTGGC,GTTCCTGACAAATAACCATGGGG
GTCTGCATGGCCAGTACTTTGGA,GTTCTGCCTGACCTGTACTTGGG
GTTCTCACTAATAACAATGTGGC,GTTCCTGACAAATAACCATGGGG
GATTCGTGACTAATAACCATGCG,GTTCCTGACAAATAACCATGGGG
CAGGAGGCATTTCTAGCTCATCT,GAGGGGCATGTCTAGTTCATTGG
GGAGGCTTTTTTAGTTCATTCGA,GAGGGGCATGTCTAGTTCATTGG
CGGGGGACATTTTTAGTTCAGCA,GAGGGGCATGTCTAGTTCATTGG
GGGAACCTGTCTCGTTCATCAGA,GAGGGGCATGTCTAGTTCATTGG
GGGAACCTGTCTCGTTCATCAGA,GAGGGGCATGTCTAGTTCATTGG
CGGGGAACCTGTCTCGTTCATCA,GAGGGGCATGTCTAGTTCATTGG
GTCCTTACAAATAATCATGAGGA,GTTCCTGACAAATAACCATGGGG
GCCCTGATAAATAACCAAGCGGA,GTTCCTGACAAATAACCATGGGG
TTCCTGATATATAACCTTGTGGT,GTTCCTGACAAATAACCATGGGG
GGGTCCAGGCAAACAGCCATGTA,GTTCCTGACAAATAACCATGGGG
AGGTCAGCTTGACTTGTATTTTG,GTTCTGCCTGACCTGTACTTGGG
GTTTGCCTGATCTGTATTTAGGG,GTTCTGCCTGACCTGTACTTGGG
GCGTCTGTCTGAGCTGTACTTAG,GTTCTGCCTGACCTGTACTTGGG
TGGTCTTGATAGATGACCATGAA,GTTCCTGACAAATAACCATGGGG
TGGCCCTGAAAAACAAGCATGTG,GTTCCTGACAAATAACCATGGGG
GCCCTGACAAATAAACATCTAGG,GTTCCTGACAAATAACCATGGGG
AGGTTCTGTCAAATAATTATGAG,GTTCCTGACAAATAACCATGGGG
CGGCCTTGACAAAGAACCATTTG,GTTCCTGACAAATAACCATGGGG
GTCCTGTCAAATAAACTTGGAGT,GTTCCTGACAAATAACCATGGGG
GGGTCCTAACACAGAACCTTGTG,GTTCCTGACAAATAACCATGGGG
TGTTTCTGACAAGTAGCCATGTA,GTTCCTGACAAATAACCATGGGG
TGACTGACAAATAACCATGCAGC,GTTCCTGACAAATAACCATGGGG
GTGTCAGGACAAATCACCATGAG,GTTCCTGACAAATAACCATGGGG
AGGTCATTACAAATAATCATTTG,GTTCCTGACAAATAACCATGGGG
ATAGCCTCACAAATAACCATGAA,GTTCCTGACAAATAACCATGGGG
GTCATAACAAATGACCAAGAGGC,GTTCCTGACAAATAACCATGGGG
TTACTGAAAAAAAACCATGAAGA,GTTCCTGACAAATAACCATGGGG
AGCTGGGCTAGCAGCAGGATCGG,GCTGGGCTGGCAGGAGGCTCTGG
GGGGCCTGGCAAGAGTCTCTGGT,GCTGGGCTGGCAGGAGGCTCTGG
GGGAACCTGTCTCGTTCATCAGA,GAGGGGCATGTCTAGTTCATTGG
TAGCAGTGTTTTTGACTAATATA,AGCAGTGCTTTTGGCTGATACGG
GCAGGGCTTCTGGCTAACATGGC,AGCAGTGCTTTTGGCTGATACGG
TGGCAATTTTTTTGGCAGATAAA,AGCAGTGCTTTTGGCTGATACGG
TTGCAATGCTGTTGGCAGATACA,AGCAGTGCTTTTGGCTGATACGG
TGTCAGCGCTTTAGGCTAATATA,AGCAGTGCTTTTGGCTGATACGG
CAGGTGCTTTTTGCTGATATGGC,AGCAGTGCTTTTGGCTGATACGG
GTGCAGTGATTTTGACAGATACA,AGCAGTGCTTTTGGCTGATACGG
ATTCTGTGCTTTTTGCTGATATG,AGCAGTGCTTTTGGCTGATACGG
GCTGTATATTTGGCTGATATAGT,AGCAGTGCTTTTGGCTGATACGG
AAAATGCTTTTGGCTGATACAGA,AGCAGTGCTTTTGGCTGATACGG
ACACTGCTTTTAGCTGATTTGGA,AGCAGTGCTTTTGGCTGATACGG
TGCCAGAGCTGTGGGCTGATAGG,AGCAGTGCTTTTGGCTGATACGG
GTAGTACTATTGGCTGATATAGG,AGCAGTGCTTTTGGCTGATACGG
CAGCAGTGCTTCTGCCTGATTTG,AGCAGTGCTTTTGGCTGATACGG
CTGCAGTGCTTTTGAATAATATG,AGCAGTGCTTTTGGCTGATACGG
GCAGTGCTGTTGCCTAATATGGT,AGCAGTGCTTTTGGCTGATACGG
TGGCAGTTCTGTTGGCAAATAGG,AGCAGTGCTTTTGGCTGATACGG
GGGCAGAGCTTTTGGCTATTTGG,AGCAGTGCTTTTGGCTGATACGG
TGGCAGTGATTATGGCTGTTATG,AGCAGTGCTTTTGGCTGATACGG
GCTGGGTTTTTGGCTGAAAAGGT,AGCAGTGCTTTTGGCTGATACGG
GCGGTGCTTTTGGCTGTCAGGGC,AGCAGTGCTTTTGGCTGATACGG
GCAGGGCTTTTGACTGACAGGGC,AGCAGTGCTTTTGGCTGATACGG
GAAGGGCTTTTGGATGATGTGGG,AGCAGTGCTTTTGGCTGATACGG
GTATATTGTTAGTTTGAATTGGT,GAGATATTGCTTGTTTGAAATGG
TTGGATATAGGATGTTTGAAATG,GAGATATTGCTTGTTTGAAATGG
TGGGATAATCTTTGTTTGATACG,GAGATATTGCTTGTTTGAAATGG
TGGGATAATCTTTGTTTGATACG,GAGATATTGCTTGTTTGAAATGG
ATGCATTTTGCTTGTTTAAAAAG,GAGATATTGCTTGTTTGAAATGG
TGGGAGATGGCTTATTTGAATCG,GAGATATTGCTTGTTTGAAATGG
ACTGATATTATTTGTTTGAAAGG,GAGATATTGCTTGTTTGAAATGG
TGGGAGATTGTTTGTTTAAATGG,GAGATATTGCTTGTTTGAAATGG
GGAGTTGTTGCTTGTTAGAAACG,GAGATATTGCTTGTTTGAAATGG
AGATTCTGTTTGTTTGAAAAGGT,GAGATATTGCTTGTTTGAAATGG
GGATAAAGCCTGTTTGAAAAGGT,GAGATATTGCTTGTTTGAAATGG
GGAGTTTGCTTGTTTGAAAGGGT,GAGATATTGCTTGTTTGAAATGG
TGGGATATTGCTAGTATGAAATG,GAGATATTGCTTGTTTGAAATGG
GGTCATTGCTTGTTTAAAAAGGT,GAGATATTGCTTGTTTGAAATGG
AAGCAGTGCTTTAGCCTAATATA,AGCAGTGCTTTTGGCTGATACGG
CCAGTGATTTTTGCTGATTGGGT,AGCAGTGCTTTTGGCTGATACGG
GCAGTGATTTTTGCTGATTGGGT,AGCAGTGCTTTTGGCTGATACGG
GAAGCGCTGTAGGCTGATAGGGA,AGCAGTGCTTTTGGCTGATACGG
AGGAAGTACATTTGGCTGATGGG,AGCAGTGCTTTTGGCTGATACGG
AGCAGGTCTGGCAGGAGCCTCCG,GCTGGGCTGGCAGGAGGCTCTGG
GTAGGCTTCCAGGAGGCACTGGA,GCTGGGCTGGCAGGAGGCTCTGG
GTGTTGTGTGATGTCACGTTGCA,TGTTGTGGGATATCACGTGGTGG
GTTGTCTGATGTCACGTGGCAGT,TGTTGTGGGATATCACGTGGTGG
CAGTTGTGGGATATAAAGTGGGA,TGTTGTGGGATATCACGTGGTGG
ATTGTGGGATAACAGATGGGGGA,TGTTGTGGGATATCACGTGGTGG
GGGTTGTGGGTAATCGAGTGGTA,TGTTGTGGGATATCACGTGGTGG
AGGTTGTAGAATGTCATGTGGTG,TGTTGTGGGATATCACGTGGTGG
CTTGTGGGATATCATATGGCGGG,TGTTGTGGGATATCACGTGGTGG
CTGTTGTGGGTTTTCACGTGAGG,TGTTGTGGGATATCACGTGGTGG
GTGGACTGGCGGGAGGCTTGAGA,GCTGGGCTGGCAGGAGGCTCTGG
TGGTTATAGGATATAACGTAGGT,TGTTGTGGGATATCACGTGGTGG
GTGGACGGGCAGGAGGCTTGAGA,GCTGGGCTGGCAGGAGGCTCTGG
CTGTGGACGGGCAGGAGGCTTGA,GCTGGGCTGGCAGGAGGCTCTGG
CTGTGGACGGGCAGGAGGCTTGA,GCTGGGCTGGCAGGAGGCTCTGG
CTGTGGACGGGCAGGAGGCTTGA,GCTGGGCTGGCAGGAGGCTCTGG
GTGGACAGGCAGGAGGCTTGAGA,GCTGGGCTGGCAGGAGGCTCTGG
AGCTGGTCTGGCAGGAAGATCAA,GCTGGGCTGGCAGGAGGCTCTGG
GTGGGCCGGCATGAGCCTCGGGA,GCTGGGCTGGCAGGAGGCTCTGG
TGCTTGGGTAGCAGGAGGCTCAG,GCTGGGCTGGCAGGAGGCTCTGG
GTGGTGGGAGATCCCATGGAGGA,TGTTGTGGGATATCACGTGGTGG
CAGTTATGGGCTATCACATGGCA,TGTTGTGGGATATCACGTGGTGG
GCTGCTGGATATCAAGTGGAAGG,TGTTGTGGGATATCACGTGGTGG
ATGTTGTGAGATGTCACGTGATG,TGTTGTGGGATATCACGTGGTGG
TTGTTCTGGGATGTCACATGGGG,TGTTGTGGGATATCACGTGGTGG
GCTGTGGCATATCACTTTGAAGT,TGTTGTGGGATATCACGTGGTGG
ATAGCAGCACCGCTCACTGTGTG,TGTTGTGGGATATCACGTGGTGG
CTGGTGTGTGATATCACGTGGCT,TGTTGTGGGATATCACGTGGTGG
GGATTGTGGGATATCACATGTTG,TGTTGTGGGATATCACGTGGTGG
GGGTTGTAGAACATCACGTGCTG,TGTTGTGGGATATCACGTGGTGG
GTTGTGGGATATCACAAGAGGCT,TGTTGTGGGATATCACGTGGTGG
GCTGTGGCATATCATATGGGAGC,TGTTGTGGGATATCACGTGGTGG
TGGTGATGGGACACCACGTGGTG,TGTTGTGGGATATCACGTGGTGG
AGGATGTGTGATATCAAGTTGGG,TGTTGTGGGATATCACGTGGTGG
GTTGTGTGATAACACGTGTGGAG,TGTTGTGGGATATCACGTGGTGG
GATGTGCGATATCAAGTGTGGAC,TGTTGTGGGATATCACGTGGTGG
GTTATGGGAGATCACGTGATGAT,TGTTGTGGGATATCACGTGGTGG
GGTGTGAGACCTCACGTGGCAGC,TGTTGTGGGATATCACGTGGTGG
GGGTTGTGGGATATTAGGGGGAG,TGTTGTGGGATATCACGTGGTGG
GAGTTGTGGGAATTCACGAGGGA,TGTTGTGGGATATCACGTGGTGG
AGGTTGTGGGACAGCACATGAAA,TGTTGTGGGATATCACGTGGTGG
GGGAACCTGTCTCGTTCATCAGA,GAGGGGCATGTCTAGTTCATTGG
CGGGGAACCTGTCTCGTTCATCA,GAGGGGCATGTCTAGTTCATTGG
TCATATTGTTTGTTTGAAAGGGC,GAGATATTGCTTGTTTGAAATGG
GGGGAGCTGATGGGTCTTCAGGT,TGGGAAGCTCCTGGGCCTTCAGG
ACAAACAAATGGTCATCACCATT,TGGCCGTCGTTCAGCATCTTCGG
GGGGGAAAATATTTCTCTAGTGG,TGGGAAGCTCCTGGGCCTTCAGG
TAGAGAAGCTCCTCGGCTTTCAA,TGGGAAGCTCCTGGGCCTTCAGG
GAGTGAAGCTGCAGGGCCTTCAA,TGGGAAGCTCCTGGGCCTTCAGG
GGTAGAAGCTCCTGGGTCTTTTG,TGGGAAGCTCCTGGGCCTTCAGG
CACCCAAGAACGGTTAAGCCAAA,TGGGAAGCTCCTGGGCCTTCAGG
GGGAACATCCTGGGCTTTCTAGT,TGGGAAGCTCCTGGGCCTTCAGG
TGGAGAACTTCCTGGGCTTTCTA,TGGGAAGCTCCTGGGCCTTCAGG
CAGGGAAGCTCATGGGCCCCCGG,TGGGAAGCTCCTGGGCCTTCAGG
GGGAAGTACCTGGCCCTTCTGGG,TGGGAAGCTCCTGGGCCTTCAGG
TAGGGCTGCTCCTGGGCCTGCTG,TGGGAAGCTCCTGGGCCTTCAGG
GGCTGAAGATCCTGCGCCTTCGG,TGGGAAGCTCCTGGGCCTTCAGG
AGGGAAAGCTCCTGGACCTGATG,TGGGAAGCTCCTGGGCCTTCAGG
AGGGAAAGCTCCTGGACCTGATG,TGGGAAGCTCCTGGGCCTTCAGG
GGAAAGCTCCTGGACCTGATGGT,TGGGAAGCTCCTGGGCCTTCAGG
GAGGAGCTTCTGGGCCTTTAGGG,TGGGAAGCTCCTGGGCCTTCAGG
GAGGAGCTTCTGGGCCTTTAGGG,TGGGAAGCTCCTGGGCCTTCAGG
CAGAAGCTCCTGGGCCTTTTGGT,TGGGAAGCTCCTGGGCCTTCAGG
GGTTCTCCTTCAGCATCTTTGGG,TGGCCGTCGTTCAGCATCTTCGG
GGTTCTCCTTCAGCATCTTTGGG,TGGCCGTCGTTCAGCATCTTCGG
GGTTCTCCTTCAGCATCTTTGGG,TGGCCGTCGTTCAGCATCTTCGG
CGGGACGAGGTTCATCATCTTTG,TGGCCGTCGTTCAGCATCTTCGG
GGCCTTCTGTCTGCATCTTCAGG,TGGCCGTCGTTCAGCATCTTCGG
AGGGCTGTTGATCAGCATCATGC,TGGCCGTCGTTCAGCATCTTCGG
TGAGGCGTCGTTCAGCATAATAA,TGGCCGTCGTTCAGCATCTTCGG
CTGGCTGGCGTTCACCATCTTCC,TGGCCGTCGTTCAGCATCTTCGG
GGGCGTGGTTCAGCATATTCCGC,TGGCCGTCGTTCAGCATCTTCGG
TGGGCCGTCGTCCGAAATCTTGA,TGGCCGTCGTTCAGCATCTTCGG
GGCAGTAGGTGAGCATCTTTAGA,TGGCCGTCGTTCAGCATCTTCGG
AGGGCCGGTGTTCTGCATATTTA,TGGCCGTCGTTCAGCATCTTCGG
GGCCGTCGCACAGAATCTTCAGT,TGGCCGTCGTTCAGCATCTTCGG
AGCGCCAAAGTTCAGCATCTTTG,TGGCCGTCGTTCAGCATCTTCGG
AGGGCCATAATTCAGCATCATGA,TGGCCGTCGTTCAGCATCTTCGG
CTGGCCGATGTTCAGCGTCTTGA,TGGCCGTCGTTCAGCATCTTCGG
GTCCTTCGTTCAGCAGCTTAGGG,TGGCCGTCGTTCAGCATCTTCGG
GGCTGTCGATAAGCATGTTGGGC,TGGCCGTCGTTCAGCATCTTCGG
AGCGCAGAAGTTCAGCATCTTTA,TGGCCGTCGTTCAGCATCTTCGG
GGGCGTCATTCAGCATTATGGGC,TGGCCGTCGTTCAGCATCTTCGG
AGTGCCATTCTTCAGCATCTTTA,TGGCCGTCGTTCAGCATCTTCGG
AGGGAAGGCTTCTGGCCCTTCCG,TGGGAAGCTCCTGGGCCTTCAGG
AGGGATATCCTGGGCCTTCTGGT,TGGGAAGCTCCTGGGCCTTCAGG
TGGGCCTCCGTTTAACATCTTTG,TGGCCGTCGTTCAGCATCTTCGG
ATGAAGCCTGGCTCTGTGCAGTG,GAAAGTCTGGCTCTGTGGTGCGG
ACCAAGTCTGGCTCTGTTGTTCG,GAAAGTCTGGCTCTGTGGTGCGG
TCTCAGTCTGGCTCTGTGCTGAG,GAAAGTCTGGCTCTGTGGTGCGG
ACGAACTCTGACTCTGTGATGTA,GAAAGTCTGGCTCTGTGGTGCGG
AGGATATTTGTCTCTGTGGTGCA,GAAAGTCTGGCTCTGTGGTGCGG
GATATCTGGCACTGTGGTGCAGA,GAAAGTCTGGCTCTGTGGTGCGG
AGGAAGTCTGAATCTGTCTTGTG,GAAAGTCTGGCTCTGTGGTGCGG
TCTGTCTGGCTCTGTGATGAGGG,GAAAGTCTGGCTCTGTGGTGCGG
CTGCCGTTTGGCTCTGTGGTGGG,GAAAGTCTGGCTCTGTGGTGCGG
TGGTAATATGCCTCTGTGGTGGG,GAAAGTCTGGCTCTGTGGTGCGG
TAGAAGCTCCTGGGCCATCAGGG,TGGGAAGCTCCTGGGCCTTCAGG
TAAGACTGTCGCTGTGGTGCGGA,GAAAGTCTGGCTCTGTGGTGCGG
GACTTCCGTCAGAGCTATCGACA,GAAAGTCTGGCTCTGTGGTGCGG
CGGAAGTCTGTCTATGTGGTAGG,GAAAGTCTGGCTCTGTGGTGCGG
CAGAAGTTTGGCTCAGCGGTGAG,GAAAGTCTGGCTCTGTGGTGCGG
AAAGTCAGGATCTGTGATGTGGG,GAAAGTCTGGCTCTGTGGTGCGG
GAACTTTGACTCAGTGGTGTGGC,GAAAGTCTGGCTCTGTGGTGCGG
GGACTTTGGCTCTGTGGTGGGGT,GAAAGTCTGGCTCTGTGGTGCGG
GAAGCCTGGCTTTGTGGTGGGGA,GAAAGTCTGGCTCTGTGGTGCGG
CTAGTCTGGCTTTGTGGTACAGG,GAAAGTCTGGCTCTGTGGTGCGG
CTAGTCTGGCTTTGTGGTACAGG,GAAAGTCTGGCTCTGTGGTGCGG
GGGATGTCTGGCACTGAGATGGA,GAAAGTCTGGCTCTGTGGTGCGG
GAAGTCAAACTCTGTGTTGTAGT,GAAAGTCTGGCTCTGTGGTGCGG
AGCTGGAGCTCCTGGACCTTCTG,TGGGAAGCTCCTGGGCCTTCAGG
GAGAATCTCCAGAGCCTTCAGGC,TGGGAAGCTCCTGGGCCTTCAGG
CACACGTCAGCTCTACAAAGCTG,TGGGAAGCTCCTGGGCCTTCAGG
ATGGAGCTCCCGGGCCTTCTGGC,TGGGAAGCTCCTGGGCCTTCAGG
GAGAAGTTCCAAGGCCTTCGGGT,TGGGAAGCTCCTGGGCCTTCAGG
AGGAGAAGTTCCAAGGCCTTCGG,TGGGAAGCTCCTGGGCCTTCAGG
AGATTACTGTGTGTGTGTGTCTG,TGGGAAGCTCCTGGGCCTTCAGG
GAGAAGTTCCAAGGCCTTCGGGT,TGGGAAGCTCCTGGGCCTTCAGG
GAGAAGTTCCAAGGCCTTCGGGT,TGGGAAGCTCCTGGGCCTTCAGG
GAAGTGTGGCTCAGTGGTAGAGC,GAAAGTCTGGCTCTGTGGTGCGG
GAAGTCACGCACTGTGGTGCAGC,GAAAGTCTGGCTCTGTGGTGCGG
CAGAAGTCTGGATCTGAGGTGGC,GAAAGTCTGGCTCTGTGGTGCGG
ACAGTTTGGCTCTGAGGTGCAGT,GAAAGTCTGGCTCTGTGGTGCGG
CAGAAGGCTGGCACTGCGGTGCA,GAAAGTCTGGCTCTGTGGTGCGG
CAGAAGGCTGGCACTGCGGTGCA,GAAAGTCTGGCTCTGTGGTGCGG
AGAAAGTCTGGCTTTTAGGTGTG,GAAAGTCTGGCTCTGTGGTGCGG
GTTAAGCCTGGCTGTGTGGTGGG,GAAAGTCTGGCTCTGTGGTGCGG
GACAGACGTTCAGCATCTTTTGA,TGGCCGTCGTTCAGCATCTTCGG
GTCAGTGGTTCATCATCTTCAGC,TGGCCGTCGTTCAGCATCTTCGG
GGGAACCTGTCTCGTTCATCAGA,GAGGGGCATGTCTAGTTCATTGG
ATGACATTGCTTTGTTGCAGAGA,AGGCTTTGCATTGTTGCAGACGG
AGTGTTTTGAATTGTTGCAGTTA,AGGCTTTGCATTGTTGCAGACGG
GGCTTGTCATTGTTACAGAGAGA,AGGCTTTGCATTGTTGCAGACGG
AGATTTACATTGTTGCAGAACGT,AGGCTTTGCATTGTTGCAGACGG
TAATTTGCACTGTTGCAGACAGT,AGGCTTTGCATTGTTGCAGACGG
AGCTTAGCATTGTTGCAGTGAGT,AGGCTTTGCATTGTTGCAGACGG
GGCATCGCAGTGTTGCAGTGGGT,AGGCTTTGCATTGTTGCAGACGG
TGGGCGTTGCGGTGTTGCAGTGG,AGGCTTTGCATTGTTGCAGACGG
GCCTTTGAATTGTTGCAGAAAGC,AGGCTTTGCATTGTTGCAGACGG
AGCTGTGCATCGTTGCAGGAAGG,AGGCTTTGCATTGTTGCAGACGG
GGATTTACATTGTTGCCGAAGGT,AGGCTTTGCATTGTTGCAGACGG
TGCTTTCCATTGTTGATGATGGT,AGGCTTTGCATTGTTGCAGACGG
TGCTTTCCATTGTTGATGATGGT,AGGCTTTGCATTGTTGCAGACGG
CTGGCTTTGCAGTGTTGATGAAG,AGGCTTTGCATTGTTGCAGACGG
TTTGCTTTGCATTAATGCAGACA,AGGCTTTGCATTGTTGCAGACGG
GGATTTACATTGTTGCTGAAAGT,AGGCTTTGCATTGTTGCAGACGG
ACCATTTCATTGTTGCAGATGGG,AGGCTTTGCATTGTTGCAGACGG
TGTGGTTTTCATTGTAGCAGATG,AGGCTTTGCATTGTTGCAGACGG
TGGGCTTTGGAATGATGCACATG,AGGCTTTGCATTGTTGCAGACGG
TGAGCCTTGGATTGTTGCACAAA,AGGCTTTGCATTGTTGCAGACGG
TGGTTTGCAGTGTTGAAGAAGGT,AGGCTTTGCATTGTTGCAGACGG
GGGGGGATGAATAATTCATTGGG,GAGGGGCATGTCTAGTTCATTGG
TGAGGGGCAGGACTGGTTCATTG,GAGGGGCATGTCTAGTTCATTGG
GGGAACCTGTCTCGTTCATCAGA,GAGGGGCATGTCTAGTTCATTGG
CGGGGAACCTGTCTCGTTCATCA,GAGGGGCATGTCTAGTTCATTGG
TGATGAAATACTGCAGTGTACAC,GAGGGGCATGTCTAGTTCATTGG
AGGGCCATGTCTGGTTCACAGGT,GAGGGGCATGTCTAGTTCATTGG
AGGCGAGCATGTCTCGGTCATCG,GAGGGGCATGTCTAGTTCATTGG
TGGTGAGCATGTACAGTTCATGC,GAGGGGCATGTCTAGTTCATTGG
TGTGACATGTGTAGTTCATCAGA,GAGGGGCATGTCTAGTTCATTGG
GGGAACATGTCTCGTTTATCAGA,GAGGGGCATGTCTAGTTCATTGG
AGGGGCATGTATAATTCAAACGG,GAGGGGCATGTCTAGTTCATTGG
GCGGCCATGTTTAATTCATCAGC,GAGGGGCATGTCTAGTTCATTGG
GGTGACATGACTAGTTGATTGGT,GAGGGGCATGTCTAGTTCATTGG
GGGGGCATTTCAGTTTCATGGGG,GAGGGGCATGTCTAGTTCATTGG
CGGGAGGCTTTTTTAGTTCATTA,GAGGGGCATGTCTAGTTCATTGG
GGAGGCATGTCTTGTTAATAAGA,GAGGGGCATGTCTAGTTCATTGG
TGGAGAGCATGTTTAATTCATGA,GAGGGGCATGTCTAGTTCATTGG
CCTGAAGCATGTCTAGTTCATAA,GAGGGGCATGTCTAGTTCATTGG
GAGTTCATGTCAAGTTCATGGGA,GAGGGGCATGTCTAGTTCATTGG
GGGGCGATGCAGTGTTGCAGTGG,AGGCTTTGCATTGTTGCAGACGG
CAGGCTTTGGCTAGTTGCAGATG,AGGCTTTGCATTGTTGCAGACGG
GGTCGTCGTTCTCCATCTTTCGG,TGGCCGTCGTTCAGCATCTTCGG
GGTGTGGGACAAAAGCTGCGGGA,TGGTGCGGGTCAAAAGCCTCCGG
TGGGTGTCGGGCAAAAACCTCCA,TGGTGCGGGTCAAAAGCCTCCGG
TGGGTGTCGGGCAAAAACCTCCA,TGGTGCGGGTCAAAAGCCTCCGG
TGGGTGTCGGGCAAAAACCTCCA,TGGTGCGGGTCAAAAGCCTCCGG
TGGGTGTCGGGCAAAAACCTCCA,TGGTGCGGGTCAAAAGCCTCCGG
TGGGTGTCGGGCAAAAACCTCCA,TGGTGCGGGTCAAAAGCCTCCGG
TGGGTGTCGGGCAAAAACCTCCA,TGGTGCGGGTCAAAAGCCTCCGG
TGGGTGTCGGGCAAAAACCTCCA,TGGTGCGGGTCAAAAGCCTCCGG
GGTGTGGGACAAAAGCTGCGGGA,TGGTGCGGGTCAAAAGCCTCCGG
GGTCAGGGTCAAACGCTTCCGGT,TGGTGCGGGTCAAAAGCCTCCGG
GGTTCTGCTTTATTGCAGACAGA,AGGCTTTGCATTGTTGCAGACGG
AGGGTGTGGGACAAAAGCTGCGG,TGGTGCGGGTCAAAAGCCTCCGG
TGTGTGCGTGTCAGAAGCATCTG,TGGTGCGGGTCAAAAGCCTCCGG
TGTGAGGGTCGATAGCCTCTGGT,TGGTGCGGGTCAAAAGCCTCCGG
GTTGAGAGTAAAAAGCCTCAGGG,TGGTGCGGGTCAAAAGCCTCCGG
GGCCATTGTTTAGCGTCTTGCGT,TGGCCGTCGTTCAGCATCTTCGG
TGGGCAGACGTGCAACATCTTTG,TGGCCGTCGTTCAGCATCTTCGG
TTGACTGTCGTTCAGCATCTAGT,TGGCCGTCGTTCAGCATCTTCGG
GGCCCTGGTTCAGCATTTTCTGG,TGGCCGTCGTTCAGCATCTTCGG
TGGGTGTCGGGCAAAAACCTCCA,TGGTGCGGGTCAAAAGCCTCCGG
TGGGTGTCGGGCAAAAACCTCCA,TGGTGCGGGTCAAAAGCCTCCGG
TGGGTGTCGGGCAAAAACCTCCA,TGGTGCGGGTCAAAAGCCTCCGG
TGGGTGTCGGGCAAAAACCTCCA,TGGTGCGGGTCAAAAGCCTCCGG
GGTTTTGTATTATTGCAGAGAGG,AGGCTTTGCATTGTTGCAGACGG
GGGGCGAAGCAGTGTTGCAGAAG,AGGCTTTGCATTGTTGCAGACGG
GTCTTTGCATTGTTACTGAAGGG,AGGCTTTGCATTGTTGCAGACGG
GGGCTTTTGCATAGTTACAGAGG,AGGCTTTGCATTGTTGCAGACGG
GGCTATGCTTTGTTGCACAAGGT,AGGCTTTGCATTGTTGCAGACGG
TGGGCTTTATATTGTTGCATGAG,AGGCTTTGCATTGTTGCAGACGG
GGTGTCGGGCAAAAACCTCCAGG,TGGTGCGGGTCAAAAGCCTCCGG
TGGGTGTCGGGCAAAAACCTCCA,TGGTGCGGGTCAAAAGCCTCCGG
TGGGTGTCGGGCAAAAACCTCCA,TGGTGCGGGTCAAAAGCCTCCGG
GGTGTCGGGCAAAAACCTCCAGG,TGGTGCGGGTCAAAAGCCTCCGG
GGTGTCGGGCAAAAACCTCCAGG,TGGTGCGGGTCAAAAGCCTCCGG
GGTGTCGGGCAAAAACCTCCAGG,TGGTGCGGGTCAAAAGCCTCCGG
TGGGTGTCGGGCAAAAACCTCCA,TGGTGCGGGTCAAAAGCCTCCGG
TGGGTGTCGGGCAAAAACCTCCA,TGGTGCGGGTCAAAAGCCTCCGG
TGGGTGTCGGGCAAAAACCTCCA,TGGTGCGGGTCAAAAGCCTCCGG
TGGGTGTCGGGCAAAAACCTCCA,TGGTGCGGGTCAAAAGCCTCCGG
TGGGTGTCGGGCAAAAACCTCCA,TGGTGCGGGTCAAAAGCCTCCGG
GGACATTGATCGTCTGAAAGGGA,GAGATATTGCTTGTTTGAAATGG
GGTAAACACAGATAAACACAGGT,GAGATATTGCTTGTTTGAAATGG
GGGGAGTCCTTCACAACTGGGGC,GTGGAAGACCTTCGCCACTGAGG
AGGAGCCACATATGGTGCATACA,TGGGTCACTGATGGTGCATAAGG
ATGGGTTACTGTTGTTGCATATG,TGGGTCACTGATGGTGCATAAGG
AGGGGTCAGTGTTGGAGCATGAG,TGGGTCACTGATGGTGCATAAGG
GTAGGTCTCAGATGGTGCATAAA,TGGGTCACTGATGGTGCATAAGG
ACGGCTAACTGATGGTGCATAAA,TGGGTCACTGATGGTGCATAAGG
TGGTCCCTAATGGTGCGTATGGA,TGGGTCACTGATGGTGCATAAGG
GGGTAATTGATTGTGCTTATGGA,TGGGTCACTGATGGTGCATAAGG
TGGGGTCACCGATGGTGCCTGTG,TGGGTCACTGATGGTGCATAAGG
AGCAGTCTCGGATGGTGCATAGG,TGGGTCACTGATGGTGCATAAGG
AGAAGACACTGATGGTGAATAGG,TGGGTCACTGATGGTGCATAAGG
CGGATGGCAGATGAAGAAGCGCG,AGAAGGCAGATGTACCAGCGAGG
GTGCCACTCATGGTGCATATGGA,TGGGTCACTGATGGTGCATAAGG
TGGTCAGTGATGGTGCATTTGGC,TGGGTCACTGATGGTGCATAAGG
TGGGGTCACTAATGGTAAATGAG,TGGGTCACTGATGGTGCATAAGG
GGGTCAATGGTGGTACATAGGGT,TGGGTCACTGATGGTGCATAAGG
GAACAGGCAGATGAACCAGCGCG,AGAAGGCAGATGTACCAGCGAGG
ATGAACACATATGTACCAGCGCT,AGAAGGCAGATGTACCAGCGAGG
GAAGACAAATGTAACAGTGTAGC,AGAAGGCAGATGTACCAGCGAGG
GAAGGCACTTGTACCAGCCCCGT,AGAAGGCAGATGTACCAGCGAGG
CGCTCCCTGATGGTGAATAAGGT,TGGGTCACTGATGGTGCATAAGG
GTGTCACTGATGGTGAGTGGGGG,TGGGTCACTGATGGTGCATAAGG
GGGCCACTGCTGGTGCATGTAGA,TGGGTCACTGATGGTGCATAAGG
TGCTTACTGATGGTGCATCCGGC,TGGGTCACTGATGGTGCATAAGG
GAATGAATGAAAGCTATAATAGT,GGAATGGATGAGAGCTACAAGGG
AGGAATGTATAAGAACTAAAACG,GGAATGGATGAGAGCTACAAGGG
GAACAGATGAGATCTACAACGGC,GGAATGGATGAGAGCTACAAGGG
CGGAAGGGAAGAAAGCCACAATG,GGAATGGATGAGAGCTACAAGGG
GAGAAGGAATGAGAACTACAAAG,GGAATGGATGAGAGCTACAAGGG
TAGGCTCACTTATGTTGCATACA,TGGGTCACTGATGGTGCATAAGG
TTGAGTCACTTGTGGTGCATATG,TGGGTCACTGATGGTGCATAAGG
TGGGCTCACTGATGGTGCATCCA,TGGGTCACTGATGGTGCATAAGG
GGATCACATATGATGCATAAGAA,TGGGTCACTGATGGTGCATAAGG
CTGGGTCACTGAGGGTGCACAAA,TGGGTCACTGATGGTGCATAAGG
GGGCCTTTGACGGTGCATAACGT,TGGGTCACTGATGGTGCATAAGG
AGGTCACTGACGCTGAATAAAGT,TGGGTCACTGATGGTGCATAAGG
GGTTCACTGATGGTATATAGAGT,TGGGTCACTGATGGTGCATAAGG
TGGTTCCTGATGATGCATAGAGA,TGGGTCACTGATGGTGCATAAGG
AGGAGTCACTTTTTGTGCATACG,TGGGTCACTGATGGTGCATAAGG
GGTCTTCACTGATGATGCATATG,TGGGTCACTGATGGTGCATAAGG
AGGGCTCGCTGCTGGTGTATAAG,TGGGTCACTGATGGTGCATAAGG
AAATGGAGATGAACCAGCGAAGG,AGAAGGCAGATGTACCAGCGAGG
GAAGGCCGATGTTCCTGCAGGGT,AGAAGGCAGATGTACCAGCGAGG
GATTGGAGGACGGCTACAACGGG,GGAATGGATGAGAGCTACAAGGG
GGCAGCTGTTCAGTCAAGTGTGT,GAGCAGCTGATCAGTCGCGTGGG
TGGAAAACAGATATGCCAGCGAG,AGAAGGCAGATGTACCAGCGAGG
GGCAGGTCATCAGTCCAGTCAGC,GAGCAGCTGATCAGTCGCGTGGG
CGCGCACCAGATCAGACGCGTTT,GAGCAGCTGATCAGTCGCGTGGG
GGGAGCGGAGCAGTCGCTTACGC,GAGCAGCTGATCAGTCGCGTGGG
GTCAGCTGATTAGTCGTGTGGAT,GAGCAGCTGATCAGTCGCGTGGG
GTCAGCTGATCAGTGCCTTAGGC,GAGCAGCTGATCAGTCGCGTGGG
CGAGCACCTGATCAGTCATGTCT,GAGCAGCTGATCAGTCGCGTGGG
GGAAGCTGATTAGTCACGTTTGC,GAGCAGCTGATCAGTCGCGTGGG
ACTGCAGCTCATCAGTCGCTTGC,GAGCAGCTGATCAGTCGCGTGGG
ATATAGGCAGATGAACCAGCGTG,AGAAGGCAGATGTACCAGCGAGG
GGCCGCAGATGAGTCACGTCCGT,GAGCAGCTGATCAGTCGCGTGGG
TGTGCAGCTGATCAGTCACTGAA,GAGCAGCTGATCAGTCGCGTGGG
TAGGCAGCTGATTAGTCACATGG,GAGCAGCTGATCAGTCGCGTGGG
TGGGCAGCTGTAAAATCGCGTAG,GAGCAGCTGATCAGTCGCGTGGG
CCGTCAGCTGATCAGCAGCGTGA,GAGCAGCTGATCAGTCGCGTGGG
GACAGCTGATTAGCCACGTGAGT,GAGCAGCTGATCAGTCGCGTGGG
GAGACAGCTGATCAGTCATGTGG,GAGCAGCTGATCAGTCGCGTGGG
CAGGCTGCTGATTGGTCGCGTTA,GAGCAGCTGATCAGTCGCGTGGG
TGGGAGGTGGGTGTACCAGCGAG,AGAAGGCAGATGTACCAGCGAGG
AAAGTCAGATCTTCCAGCGAGGA,AGAAGGCAGATGTACCAGCGAGG
GAGGGCCGGTGTACCAGCAGGGT,AGAAGGCAGATGTACCAGCGAGG
AGAAATGCAGATGTTCCAGCAAG,AGAAGGCAGATGTACCAGCGAGG
GAGAAGGCAGAAGTAGCAGCACG,AGAAGGCAGATGTACCAGCGAGG
GCCTATATTTCTGAGGTATTTTG,AGAAGGCAGATGTACCAGCGAGG
GAGGGCCGATGTACCTGCAGGGT,AGAAGGCAGATGTACCAGCGAGG
GAGGGCCGATGTACCTGCAGGGT,AGAAGGCAGATGTACCAGCGAGG
GAAAAAGCAGAAGTACCAGCGTG,AGAAGGCAGATGTACCAGCGAGG
GAGGGCAGGTGTACCTGCAGGGT,AGAAGGCAGATGTACCAGCGAGG
CAGGAGTGGAGAAGAGTGTGTTT,AGAAGGCAGATGTACCAGCGAGG
GAAGGCCGGTGTCCCAGCAGGGT,AGAAGGCAGATGTACCAGCGAGG
GGAAAGCGAGATGTACCAGCTGA,AGAAGGCAGATGTACCAGCGAGG
TAAGGCAGAAGTACCAGGATGGT,AGAAGGCAGATGTACCAGCGAGG
GAAGGCAGAAATACCAATGTAGA,AGAAGGCAGATGTACCAGCGAGG
AAAGGCAGATGTACCATTGAAGT,AGAAGGCAGATGTACCAGCGAGG
GAGGGCTGATGTACCAGCAGAGT,AGAAGGCAGATGTACCAGCGAGG
GAAGGCAGATACACCAGAAAAGA,AGAAGGCAGATGTACCAGCGAGG
TGGGACGCAGTTGTACCAGCTTA,AGAAGGCAGATGTACCAGCGAGG
AAAGGCAGATGTACCTGCTGGGA,AGAAGGCAGATGTACCAGCGAGG
GAACGCAGACACACCAGCGGAGG,AGAAGGCAGATGTACCAGCGAGG
AGGGATAGCTGAGAGCTACTAGG,GGAATGGATGAGAGCTACAAGGG
GAAGACATGAGAGCTACAAAAGT,GGAATGGATGAGAGCTACAAGGG
GTCAGCTGATCAATAGTGTCAGA,GAGCAGCTGATCAGTCGCGTGGG
GAATAGAAAGTCTCCATTATGGG,AGAGTCGAAAGTCTCCAGTGAGG
GAGTCCAAAATCTCCAGTTCAGC,AGAGTCGAAAGTCTCCAGTGAGG
GAGACTCAAAAGTCTCCAGAGAG,AGAGTCGAAAGTCTCCAGTGAGG
AGGAATCCAAAGTCTCCAGTGAA,AGAGTCGAAAGTCTCCAGTGAGG
CAGAGATGAAATTCTCCAGTGAG,AGAGTCGAAAGTCTCCAGTGAGG
GAGGCGAAAGTATCCATTGAGGA,AGAGTCGAAAGTCTCCAGTGAGG
GAGGAGAATCTCTCCAGTGAGGC,AGAGTCGAAAGTCTCCAGTGAGG
GGGTGTCGATAGACTCCAATGGG,AGAGTCGAAAGTCTCCAGTGAGG
GTGGGTCGAGAGTCTCCATTGTG,AGAGTCGAAAGTCTCCAGTGAGG
TGAAGTCAAAAATCTCCATTGAG,AGAGTCGAAAGTCTCCAGTGAGG
GGGCTGGAGTGCAGGTGGGACTG,TGTAGGAGTGCAGGTGGGTCAGG
GAGTACGAGATCAGGTGGGTCTC,TGTAGGAGTGCAGGTGGGTCAGG
GCCGCAGTGATGCCGCTCTGCAG,TGTAGGAGTGCAGGTGGGTCAGG
GTAGGAGTGGAAGTGTGTCAGGC,TGTAGGAGTGCAGGTGGGTCAGG
GGGGAGGAGTAGAGGTGGGTAGG,TGTAGGAGTGCAGGTGGGTCAGG
GAGTACGAGTTCAGGTAGGTCTC,TGTAGGAGTGCAGGTGGGTCAGG
GTACGAGATCAGGTAGGTCTCGA,TGTAGGAGTGCAGGTGGGTCAGG
GCCGGAGTGCAGGTGGCTCTGGA,TGTAGGAGTGCAGGTGGGTCAGG
GTAGCAGTGAAGGTGGCTTGGGT,TGTAGGAGTGCAGGTGGGTCAGG
TGGAATCAAAAATCTCCTGTGGG,AGAGTCGAAAGTCTCCAGTGAGG
TTGAGTGGAAAGACTCCAGGGAG,AGAGTCGAAAGTCTCCAGTGAGG
GAATAGAAAGTCTCCAGTGGCGT,AGAGTCGAAAGTCTCCAGTGAGG
TAGGCGAAAATCTCCAGTTAAGG,AGAGTCGAAAGTCTCCAGTGAGG
GGGGGAAAACCCACGCCAATGGG,GTGGAAGACCTTCGCCACTGAGG
GATTTGATATTCTCCAGTGGAGG,AGAGTCGAAAGTCTCCAGTGAGG
AGGAGTAGAGAGTTTCCAGTTGG,AGAGTCGAAAGTCTCCAGTGAGG
GAGTCGTAATGCTCCAGTGTAGT,AGAGTCGAAAGTCTCCAGTGAGG
TGAAGTCAAGAGTCTCAAGTGCT,AGAGTCGAAAGTCTCCAGTGAGG
GTGTGGAAAGTCTCCTCTGGGGG,AGAGTCGAAAGTCTCCAGTGAGG
GAGTCAAAAAGCTGCAGTGTGGC,AGAGTCGAAAGTCTCCAGTGAGG
GATTGGAGAGACTCCAGTGCAGC,AGAGTCGAAAGTCTCCAGTGAGG
GTGTTGAAAGATTCCAGTGTGAC,AGAGTCGAAAGTCTCCAGTGAGG
AGAAGTCTAAAGTCTACAGTAAA,AGAGTCGAAAGTCTCCAGTGAGG
TTGTCGAAAGTTTCCAGTGACGA,AGAGTCGAAAGTCTCCAGTGAGG
GAGTGGAATATCTCTAGTGAAGT,AGAGTCGAAAGTCTCCAGTGAGG
AGGTGAAGAAAGTCTCCAGTCCA,AGAGTCGAAAGTCTCCAGTGAGG
AGAAATCCAAAGTTTCCAGTGAC,AGAGTCGAAAGTCTCCAGTGAGG
CAGTGGAAAGGCTCCAGTGTAGT,AGAGTCGAAAGTCTCCAGTGAGG
CGGTCGAGAGACTCCAGTGAAGA,AGAGTCGAAAGTCTCCAGTGAGG
AGGAGTCAAAAGTATCAAGTTCA,AGAGTCGAAAGTCTCCAGTGAGG
TTTGGAGTGCGGGTGTGTCTGGG,TGTAGGAGTGCAGGTGGGTCAGG
GGAGAATTGCAGGTGGGGCAGGG,TGTAGGAGTGCAGGTGGGTCAGG
GAATTGAGGAGAGCAACAAGAGC,GGAATGGATGAGAGCTACAAGGG
TGGAATGGATGTGTGCTAAAAAG,GGAATGGATGAGAGCTACAAGGG
AGGATTGGACGATAGCTATAATA,GGAATGGATGAGAGCTACAAGGG
TGTAATGGATTACAGCTAAAATA,GGAATGGATGAGAGCTACAAGGG
GAAGTGTTTAGAGCTACAAAAGG,GGAATGGATGAGAGCTACAAGGG
GAATGGAAAAGGTCTACAAAAGC,GGAATGGATGAGAGCTACAAGGG
GAGGATGGATGAGAGCTAATATA,GGAATGGATGAGAGCTACAAGGG
GAATGGCTGGGAACTACAGCAGC,GGAATGGATGAGAGCTACAAGGG
GAAAGGATGGGGGCTACAGCAGC,GGAATGGATGAGAGCTACAAGGG
ATGATTGAATGAGATCTACAAAA,GGAATGGATGAGAGCTACAAGGG
TGGAGTGGATGGCAGCAACAACA,GGAATGGATGAGAGCTACAAGGG
GGGTAGGAGATCAGGTAGGTCTC,TGTAGGAGTGCAGGTGGGTCAGG
AAATAGATTAGAACTACAAACGC,GGAATGGATGAGAGCTACAAGGG
GGGAATGAATGAGAGAGACAGCG,GGAATGGATGAGAGCTACAAGGG
AAATGTATGAGAGCTACTAAAGC,GGAATGGATGAGAGCTACAAGGG
AAATGGAGGAGAGCTAAACTGGT,GGAATGGATGAGAGCTACAAGGG
GAACTTATGAGAGCTGCAAGGGA,GGAATGGATGAGAGCTACAAGGG
AATTCGATTAGAGCTACAAAAGC,GGAATGGATGAGAGCTACAAGGG
AATTCGATTAGAGCTACAAAAGT,GGAATGGATGAGAGCTACAAGGG
GAATAGATTAGAACTAGAACGGA,GGAATGGATGAGAGCTACAAGGG
ATGAATGGATGAGATCTAAAACA,GGAATGGATGAGAGCTACAAGGG
TGAAATTGATTAGAACTACAAAC,GGAATGGATGAGAGCTACAAGGG
AAATTGATTAGAACTACAAACGC,GGAATGGATGAGAGCTACAAGGG
GTAGAAAAGGAGGTGGGTCAGGC,TGTAGGAGTGCAGGTGGGTCAGG
GTAGGATTAAGGGTGGGTCAAGG,TGTAGGAGTGCAGGTGGGTCAGG
TGGGAGGAGAGGGGGTGGGTCCG,TGTAGGAGTGCAGGTGGGTCAGG
ATAGGAGTTCAGGTGGTTCTAGA,TGTAGGAGTGCAGGTGGGTCAGG
CAGTAGGAGGGCAAGTGGTTCAA,TGTAGGAGTGCAGGTGGGTCAGG
AGGTAGGAGGGTAGGTGAGTAGG,TGTAGGAGTGCAGGTGGGTCAGG
GTGGCGGTGCTGGTGGGTCTGGC,TGTAGGAGTGCAGGTGGGTCAGG
TTAGCAGAGCAGGTGGGACAGGA,TGTAGGAGTGCAGGTGGGTCAGG
GTAAGAGTGCAGGCAGGTAGGGA,TGTAGGAGTGCAGGTGGGTCAGG
GTAGGAGTGCAGGTGTCTCTGGT,TGTAGGAGTGCAGGTGGGTCAGG
GTAAGAGTTCAGGTAGTTCGAGA,TGTAGGAGTGCAGGTGGGTCAGG
GTGTGGTAGTGCTGGTGGGTCTG,TGTAGGAGTGCAGGTGGGTCAGG
GCAGGAGTGAAGGAGGGTCAGGC,TGTAGGAGTGCAGGTGGGTCAGG
CTGTAGGAGCAAAGGTGGGTCAA,TGTAGGAGTGCAGGTGGGTCAGG
GAGTGGGAGTGCAGGTGGGTTCG,TGTAGGAGTGCAGGTGGGTCAGG
GCAGAAGCGCAGCTGGGTCTGGA,TGTAGGAGTGCAGGTGGGTCAGG
CAAGGAGTGCAGATGGCTCAGGG,TGTAGGAGTGCAGGTGGGTCAGG
GGCAGGGAGTGAAGGTGGGTCAG,TGTAGGAGTGCAGGTGGGTCAGG
GGCAGCTGATCAGTTGCTTCAGC,GAGCAGCTGATCAGTCGCGTGGG
GACAGCTGATTAGTCTCGTGGGT,GAGCAGCTGATCAGTCGCGTGGG
TTTGTTATTGCTGGTTTGAAAAG,GAGATATTGCTTGTTTGAAATGG
CAGAGGATCTTGTTCACAGACAG,CGAGGATGTGGCTCACAGACGGG
GAGGAGATGGCCCACAGGCCGGC,CGAGGATGTGGCTCACAGACGGG
CTCGATGTGGCCCACAGACTGGG,CGAGGATGTGGCTCACAGACGGG
CGCTCGATGTGGCCCACAGACTG,CGAGGATGTGGCTCACAGACGGG
CGCTCGATGTGGCCCACAGACTG,CGAGGATGTGGCTCACAGACGGG
TAGTGGATGTAGCTCACAGGCTG,CGAGGATGTGGCTCACAGACGGG
GTGGATGTAGCTCACAGGCTGGG,CGAGGATGTGGCTCACAGACGGG
TAGTGGATGTAGCTCACAGGCTG,CGAGGATGTGGCTCACAGACGGG
GTGGATGTAGCTCACAGGCTGGG,CGAGGATGTGGCTCACAGACGGG
CAGTGGATCTGGCACACAGACAG,CGAGGATGTGGCTCACAGACGGG
GAGGAAGGTGCTCACAGACAGGC,CGAGGATGTGGCTCACAGACGGG
GAACATGTGGGTCACAGACGGGA,CGAGGATGTGGCTCACAGACGGG
TGGAGGAGGAGGCTCAAAGTCAG,CGAGGATGTGGCTCACAGACGGG
CAGGTTGTGGCTCACAAACTGGT,CGAGGATGTGGCTCACAGACGGG
GAGGATGTGGCCTACAGTCAGGA,CGAGGATGTGGCTCACAGACGGG
CAAGCAGGCCACCAAGAAGCAGA,CGAGGATGTGGCTCACAGACGGG
AGGAAACTGTGGCTCACAGACAG,CGAGGATGTGGCTCACAGACGGG
AGGAGGAAGTGAGTCACAGACTG,CGAGGATGTGGCTCACAGACGGG
GAGAAGAAGGGGCTCACAGACCG,CGAGGATGTGGCTCACAGACGGG
GGGAGGATCTCACTCACATACTG,CGAGGATGTGGCTCACAGACGGG
AACAGGAAGTGGCTCACAGATCG,CGAGGATGTGGCTCACAGACGGG
AGAAAGATGTGGCTTCCAGACAG,CGAGGATGTGGCTCACAGACGGG
CAGAGTGTGGCTAACAGACCGGG,CGAGGATGTGGCTCACAGACGGG
GGGGTTGGGCACTGCTGTTAGGT,GAGGTCTGGGCTCTGCTCTTGGG
TGGGGTCAGTGCTGTGATCTTGG,GAGGTCTGGGCTCTGCTCTTGGG
TGAGCTGGGATCTGCTCTTCAGC,GAGGTCTGGGCTCTGCTCTTGGG
TGGTCTTGAATCTGCTCTTGAGG,GAGGTCTGGGCTCTGCTCTTGGG
GGGGGAATGAGCTCTGCTCTTCA,GAGGTCTGGGCTCTGCTCTTGGG
TTGGGGTTGGGCTGTGCTCTTCG,GAGGTCTGGGCTCTGCTCTTGGG
CAGCCTGGGCTCTGCTCTGAGGC,GAGGTCTGGGCTCTGCTCTTGGG
TGAGGGCTCGGCTCTGCTCCTAG,GAGGTCTGGGCTCTGCTCTTGGG
TTTGGTTTGGGATCTGCTCTTCA,GAGGTCTGGGCTCTGCTCTTGGG
TGGGGTTTGGGCACAGATCTTCA,GAGGTCTGGGCTCTGCTCTTGGG
GTGGGTCTCGTCTCTGATCTTTA,GAGGTCTGGGCTCTGCTCTTGGG
GAGGACGTGGCTCATACACTGGT,CGAGGATGTGGCTCACAGACGGG
CTGAGGATCTGGCCCTCAGACAG,CGAGGATGTGGCTCACAGACGGG
TGGACGAGCTGGTTCACAGACTG,CGAGGATGTGGCTCACAGACGGG
TTGAGGATGTGGGTCAAAGACAA,CGAGGATGTGGCTCACAGACGGG
AATCATGTGGCTCACAGTCAGGC,CGAGGATGTGGCTCACAGACGGG
GTGGATGTGGCTCAAAAATGGGT,CGAGGATGTGGCTCACAGACGGG
GAAGAAGGGGCTCACAGACCGGT,CGAGGATGTGGCTCACAGACGGG
GTAGACTGCTGTGTGCCAGTAGA,GACAGTCTGCTGTGTACCAGAGG
CGGGGTCAGAGCTTTGCTGTTGG,GAGGTCTGGGCTCTGCTCTTGGG
AGGGATTTTGTTTATTTAAAACA,GAGATATTGCTTGTTTGAAATGG
CTGCAGTCTTCTGTGAATCAGTG,GACAGTCTGCTGTGTACCAGAGG
GTGCAGTCCGCTCTGCACCAGTG,GACAGTCTGCTGTGTACCAGAGG
TAGCACTCTGCTGAGTACAAGCG,GACAGTCTGCTGTGTACCAGAGG
AAAATATGCTGTGTACCAGGGGT,GACAGTCTGCTGTGTACCAGAGG
AAAATATGCTGTGTACCAGGGGT,GACAGTCTGCTGTGTACCAGAGG
TGAAAGTATGCTATGTACCAGGG,GACAGTCTGCTGTGTACCAGAGG
TGAAAGTATGCTATGTACCAGGG,GACAGTCTGCTGTGTACCAGAGG
AGTGAAATGACTTGTTTGAAAGG,GAGATATTGCTTGTTTGAAATGG
CGGTAAGATGCTTGTTTGAAAAG,GAGATATTGCTTGTTTGAAATGG
TGGCTGTGTGCTGTGTGTCAGAG,GACAGTCTGCTGTGTACCAGAGG
TGGTATATTGTTTGTATGAATTG,GAGATATTGCTTGTTTGAAATGG
AGAGATATTGCTAGTTTTAAATG,GAGATATTGCTTGTTTGAAATGG
TGTTTATCTGCGTTTACCTGTGT,GAGATATTGCTTGTTTGAAATGG
AGATATTGCTATTTTAAAATGGT,GAGATATTGCTTGTTTGAAATGG
TGTGATATTGCTTATTGAAAATG,GAGATATTGCTTGTTTGAAATGG
ATATATTGCTAGTATGAAATGGT,GAGATATTGCTTGTTTGAAATGG
AGGGATAATGCTATTTTAAAATG,GAGATATTGCTTGTTTGAAATGG
GGATATTGATTGTCAAAAAGGGG,GAGATATTGCTTGTTTGAAATGG
CCACCCTGCTGTGTACCAGCAGT,GACAGTCTGCTGTGTACCAGAGG
TCACTGTGCTGTGTACCTGAGGT,GACAGTCTGCTGTGTACCAGAGG
ACACACTGCTGTGTGCCAGAGGG,GACAGTCTGCTGTGTACCAGAGG
ATACAGTCTGCTGTGAACCATTA,GACAGTCTGCTGTGTACCAGAGG
GATCAGTCGGCTGTGTACCAATG,GACAGTCTGCTGTGTACCAGAGG
GCAGTCAGCTGTGTAAATGGAGC,GACAGTCTGCTGTGTACCAGAGG
TGGCAATCTGCTGTGTAAATGAA,GACAGTCTGCTGTGTACCAGAGG
TCAGTCTGCTGTGTGTCTGTGGT,GACAGTCTGCTGTGTACCAGAGG
GCAGTCTGCTTTATACAAGAAGA,GACAGTCTGCTGTGTACCAGAGG
AAAGTCTTGTGTGTACCAGAAGT,GACAGTCTGCTGTGTACCAGAGG
GCTGTGTGCTGTTTACCTGAGGA,GACAGTCTGCTGTGTACCAGAGG
GTGCAGTATGATGTTTACCAGAA,GACAGTCTGCTGTGTACCAGAGG
GTAGTCTGCTGTGTGCCGGTGGT,GACAGTCTGCTGTGTACCAGAGG
GCAGTGTGCTGTGTAACAGCAGA,GACAGTCTGCTGTGTACCAGAGG
TCGCAGTCTGCTGTGCATCATGG,GACAGTCTGCTGTGTACCAGAGG
GCAGTCGCCTGTGTATCGGCGGC,GACAGTCTGCTGTGTACCAGAGG
GGGCATGCTGCTGCGTACCTGCG,GACAGTCTGCTGTGTACCAGAGG
GGACATTCTGCTTTATACCAGTG,GACAGTCTGCTGTGTACCAGAGG
GGGCAGTTTGGTCTGTAACAGGG,GACAGTCTGCTGTGTACCAGAGG
GCAGAATGATGTGTACCTGAAGG,GACAGTCTGCTGTGTACCAGAGG
CGAGAGTCTGCTGTCTATCAGGG,GACAGTCTGCTGTGTACCAGAGG
GCTGGTCTGGGCTCTGATGTTCG,GAGGTCTGGGCTCTGCTCTTGGG
AGGGTTCAGGACTCTGCTCTACA,GAGGTCTGGGCTCTGCTCTTGGG
CTGGCAGCTGATCAGACACATGA,GAGCAGCTGATCAGTCGCGTGGG
GTTCGGGTGTATGAGGTGCTGGG,GGTTCGGCAGTATGTGGTGCAGG
GTTTTGCAGTTTGTGGTGCAGGA,GGTTCGGCAGTATGTGGTGCAGG
TTTCTGCAGTATGTAATGCAAGG,GGTTCGGCAGTATGTGGTGCAGG
GTACGGCAGCGTGTGGTCCCGGG,GGTTCGGCAGTATGTGGTGCAGG
CTTCTGCAGTATGTGCTGCAGGG,GGTTCGGCAGTATGTGGTGCAGG
AGATTCAGAAGTATGTGATGCTA,GGTTCGGCAGTATGTGGTGCAGG
GTTCGGCAGAGGGTGGTGCTGGA,GGTTCGGCAGTATGTGGTGCAGG
GTTGGGGAGAATGTGGTGATGGA,GGTTCGGCAGTATGTGGTGCAGG
GGGAGAGGAAGTATGTGGTGCTG,GGTTCGGCAGTATGTGGTGCAGG
GGGCTCGGTAAAATGTGGTGCCG,GGTTCGGCAGTATGTGGTGCAGG
GGGCAGTCTATATAAAGACGTGT,TGCAGCCGATCTGAAGACGTGGG
CCCGTCCGAGTCGGGTTCCCAGC,GGTTCGGCAGTATGTGGTGCAGG
GGGATCGGCAAAATGAGGTGCCG,GGTTCGGCAGTATGTGGTGCAGG
GATCGGCAAAATGAGGTGCCGGT,GGTTCGGCAGTATGTGGTGCAGG
GTTATGTAGTATGTGGTGCAGGG,GGTTCGGCAGTATGTGGTGCAGG
GATCGGTAATATGAGGTGCCGGA,GGTTCGGCAGTATGTGGTGCAGG
GGGTTCGGTAAAATGAGGTGCGG,GGTTCGGCAGTATGTGGTGCAGG
GGGTTCGGTAAAATGAGGTGCCG,GGTTCGGCAGTATGTGGTGCAGG
GATCAGTAATATGTGGTGCCGGA,GGTTCGGCAGTATGTGGTGCAGG
AAGTTCGGGAGCAGGTGGTGCTG,GGTTCGGCAGTATGTGGTGCAGG
GTTCGCCATTATGTGTAGCTGGA,GGTTCGGCAGTATGTGGTGCAGG
GTTTGTCAATATGTGGTGCAAGT,GGTTCGGCAGTATGTGGTGCAGG
GTTCGCTAGGATGTGGTGTTGGA,GGTTCGGCAGTATGTGGTGCAGG
AAGACAGCTGATCAGTCATGTGA,GAGCAGCTGATCAGTCGCGTGGG
GGCAATTGATCAGTCAAGTCAGT,GAGCAGCTGATCAGTCGCGTGGG
GGCAGCTGATTAGTCACGTGAGT,GAGCAGCTGATCAGTCGCGTGGG
GGCAATTGATCAGTCTCGTAGGG,GAGCAGCTGATCAGTCGCGTGGG
AAGTCAGCTGATTAGTCACGTGG,GAGCAGCTGATCAGTCGCGTGGG
AGCAGCTGATTAGTCATGTTGGT,GAGCAGCTGATCAGTCGCGTGGG
GAGGCAGCTGATTAGTCATGTGG,GAGCAGCTGATCAGTCGCGTGGG
GAGGCAACTGATTAGTCGTGTGG,GAGCAGCTGATCAGTCGCGTGGG
GACAGCTGATTAGTCACGTGGGT,GAGCAGCTGATCAGTCGCGTGGG
TTTTGGCACTATGTGCTGCAGGA,GGTTCGGCAGTATGTGGTGCAGG
ATTCAGAGGTATGTGGTGCCCGC,GGTTCGGCAGTATGTGGTGCAGG
GTTCTACAGTATGTAATGCCGAA,GGTTCGGCAGTATGTGGTGCAGG
TGATTCGCCAGGATGTGGTGCCA,GGTTCGGCAGTATGTGGTGCAGG
CGGTGCTGCTGTATTTGGTGCTG,GGTTCGGCAGTATGTGGTGCAGG
AGGATCGGTAGAATGAGGTGCCA,GGTTCGGCAGTATGTGGTGCAGG
GTTCGACACTATTTGGTTCGGGT,GGTTCGGCAGTATGTGGTGCAGG
GTCTGGCGGTATGTGGTGCGAGG,GGTTCGGCAGTATGTGGTGCAGG
GCAGCCGTTATAAAGAAGTGGAG,TGCAGCCGATCTGAAGACGTGGG
TGACAGCTGATCTGAAGACTTTT,TGCAGCCGATCTGAAGACGTGGG
TGGGATCTCTGCTCTGCTCTACA,GAGGTCTGGGCTCTGCTCTTGGG
GGGTCTGGGCTCCACACTTGAGT,GAGGTCTGGGCTCTGCTCTTGGG
TGTCACCCGATCAGAAGAAGTGG,TGCAGCCGATCTGAAGACGTGGG
AAGCAGTCTATCTCAAGACGTGG,TGCAGCCGATCTGAAGACGTGGG
GGGCAGCACATCTGAAGAAGTAG,TGCAGCCGATCTGAAGACGTGGG
AGGCAGCAGAAATGAAGATGTGG,TGCAGCCGATCTGAAGACGTGGG
CTCTCCGCAGCAGCAGCCGCACC,TGCAGCCGATCTGAAGACGTGGG
ATAGCAAATATGAGCGAATATTT,GAGGTCTGGGCTCTGCTCTTGGG
AGGGGCCTGTGGTCTCCTCTTTG,GAGGTCTGGGCTCTGCTCTTGGG
GTGGGTCTGGGCTCCACACTTGA,GAGGTCTGGGCTCTGCTCTTGGG
GGGTCTGGGCTCCACACTTGAGT,GAGGTCTGGGCTCTGCTCTTGGG
GGAGCCAATTTGAAGACCTGAGG,TGCAGCCGATCTGAAGACGTGGG
GTGGGTCTGGGCTCCACACTTGA,GAGGTCTGGGCTCTGCTCTTGGG
GTGGGTCTGGGCTCCACACTTGA,GAGGTCTGGGCTCTGCTCTTGGG
GGGTCTGGGCTCCACACTTGAGT,GAGGTCTGGGCTCTGCTCTTGGG
GGGTCTGGGCTCCACACTTGAGT,GAGGTCTGGGCTCTGCTCTTGGG
GGGGCTGGGCTATGCTAATGGGA,GAGGTCTGGGCTCTGCTCTTGGG
TTGTGTGGGCTCTGATCTTCAGA,GAGGTCTGGGCTCTGCTCTTGGG
GGCATTCAGGGCTCTGCTCTTAA,GAGGTCTGGGCTCTGCTCTTGGG
GGCATTCAGGGCTCTGCTCTTAA,GAGGTCTGGGCTCTGCTCTTGGG
CAGCAGCAGATCTCAAGATGTTG,TGCAGCCGATCTGAAGACGTGGG
GCCGCAGATCTGAAGACTTTGGT,TGCAGCCGATCTGAAGACGTGGG
TGGCAGCGATTCTGAAGACGATG,TGCAGCCGATCTGAAGACGTGGG
AAGCATCCTATCAGAAGACGTTG,TGCAGCCGATCTGAAGACGTGGG
TGGGAGGCGATCTGAAGTAGTCG,TGCAGCCGATCTGAAGACGTGGG
TGGCAGCCAGTGTGAAGACCTGA,TGCAGCCGATCTGAAGACGTGGG
AGAAAGCCGATCTGCAGAGGTGG,TGCAGCCGATCTGAAGACGTGGG
AGGCAACAAAGCTGAAGACGTGG,TGCAGCCGATCTGAAGACGTGGG
TGACAGCCAATCAGAAGAGGTCA,TGCAGCCGATCTGAAGACGTGGG
TGGCAGCTGACCTGAAGATGCTG,TGCAGCCGATCTGAAGACGTGGG
GCAGTCGGTTTGAAGAAGTCAGA,TGCAGCCGATCTGAAGACGTGGG
GCAGCCAATGTAAAGACCTGAGG,TGCAGCCGATCTGAAGACGTGGG
TGGCAGCCAATGTAAAGACCTGA,TGCAGCCGATCTGAAGACGTGGG
GCAGCCAATGTAAAGACCTGAGG,TGCAGCCGATCTGAAGACGTGGG
GAAGCCGATATGAAGATGTAGAT,TGCAGCCGATCTGAAGACGTGGG
GCAGAATATCTGACGACGTCAGC,TGCAGCCGATCTGAAGACGTGGG
GCAGTCAATCTGAAGTCGTCAGA,TGCAGCCGATCTGAAGACGTGGG
GCAGCCTATCCGAAGACGCTGGT,TGCAGCCGATCTGAAGACGTGGG
GCAGACGAGCTGAAAACATCAGA,TGCAGCCGATCTGAAGACGTGGG
AGGCAGCCCATCTGGAGAAGAGG,TGCAGCCGATCTGAAGACGTGGG
GGGCATCCGCTCTGTAAACGTAG,TGCAGCCGATCTGAAGACGTGGG
GGGTTCATGCTAAATTACGAGAT,GTCTCCTGCTAAATTCCGAAAGG
