TargetSequence (from Paper),Off_target,FullName
CGAGGATGTGGCTCACAGACGGG,ACAGGTTGTGGCTCACAAACTGG,ERR5961110_frmpd2_gRNA1_10:26700353-26700376_210
CGAGGATGTGGCTCACAGACGGG,TGAGGATCTGGCCCTCAGACAGG,ERR5961110_frmpd2_gRNA1_11:38230999-38231022_476
CGAGGATGTGGCTCACAGACGGG,CGAGGATGTGGCTCACAGACGGG,ERR5961110_frmpd2_gRNA1_12:2533208-2533231_884
CGAGGATGTGGCTCACAGACGGG,TGTGGATGTGTCCCACAGATGGG,ERR5961110_frmpd2_gRNA1_16:40547738-40547761_134
CGAGGATGTGGCTCACAGACGGG,AGAGGAAGAGGCTCACAGACTGC,ERR5961110_frmpd2_gRNA1_17:7390143-7390166_64
CGAGGATGTGGCTCACAGACGGG,AGAGGACGTGGCTCATACACTGG,ERR5961110_frmpd2_gRNA1_19:22655213-22655236_136
CGAGGATGTGGCTCACAGACGGG,GGAGGAAGTGAGTCACAGACTGG,ERR5961110_frmpd2_gRNA1_24:26547086-26547109_50
CGAGGATGTGGCTCACAGACGGG,CTGGGATGTGACTCAAAGACGGA,ERR5961110_frmpd2_gRNA1_24:7195765-7195788_90
CGAGGATGTGGCTCACAGACGGG,AGTGGATCTGGCACACAGACAGG,ERR5961110_frmpd2_gRNA1_3:59959361-59959384_76
CGAGGATGTGGCTCACAGACGGG,ACAGGAAGTGGCTCACAGATCGG,ERR5961110_frmpd2_gRNA1_4:2024076-2024099_570
CGAGGATGTGGCTCACAGACGGG,CAAGGACGTGGCACACAGATGTG,ERR5961110_frmpd2_gRNA1_6:15084879-15084902_162
CGAGGATGTGGCTCACAGACGGG,AGATGATGTGACTCACACAGGGG,ERR5961110_frmpd2_gRNA1_9:3056958-3056981_210
CGTTTTGACTGTGTGGCTGTTGG,ATATTTCACTGTCTGGCTGTTGG,ERR5961133_npy4r_gRNA2_10:5654935-5654958_30
CGTTTTGACTGTGTGGCTGTTGG,GCTTTTTAATGTGTGGCTCTTGG,ERR5961133_npy4r_gRNA2_12:32964290-32964313_26
CGTTTTGACTGTGTGGCTGTTGG,GGTGTGGACTGTGTTGCTGTTGG,ERR5961133_npy4r_gRNA2_14:41626049-41626072_26
CGTTTTGACTGTGTGGCTGTTGG,TGTTTTAACTGTGTGTATGTAGG,ERR5961133_npy4r_gRNA2_15:24642489-24642512_22
CGTTTTGACTGTGTGGCTGTTGG,TATTTTAACTGTGTGGCTGTCGG,ERR5961133_npy4r_gRNA2_16:8480051-8480074_428
CGTTTTGACTGTGTGGCTGTTGG,CGTTTTGACTGTGTGGCTGTTGG,ERR5961133_npy4r_gRNA2_17:20639754-20639777_1420
CGTTTTGACTGTGTGGCTGTTGG,TGTGGTGTTTGTGTGGCTGTTGG,ERR5961133_npy4r_gRNA2_17:50268727-50268750_98
CGTTTTGACTGTGTGGCTGTTGG,TATTTTGGCTGTGTGGATGTTGG,ERR5961133_npy4r_gRNA2_18:13641362-13641385_58
CGTTTTGACTGTGTGGCTGTTGG,GGTTTAGACTGTCTGACTGTAGG,ERR5961133_npy4r_gRNA2_18:45258401-45258424_22
CGTTTTGACTGTGTGGCTGTTGG,TGTTTATACTATGTGGCTGCTGG,ERR5961133_npy4r_gRNA2_19:38121815-38121838_36
CGTTTTGACTGTGTGGCTGTTGG,TTTTATTACAGTGTGGCTGTTGG,ERR5961133_npy4r_gRNA2_21:39942516-39942539_40
CGTTTTGACTGTGTGGCTGTTGG,AGGTTAAACTGTGTGGCTGTTGA,ERR5961133_npy4r_gRNA2_21:4855363-4855386_62
CGTTTTGACTGTGTGGCTGTTGG,CTCTTTGGCTGTGTGGCTGTCGG,ERR5961133_npy4r_gRNA2_23:25062134-25062157_28
CGTTTTGACTGTGTGGCTGTTGG,TGTTTTGCCTGTGTTGCTGTGGG,ERR5961133_npy4r_gRNA2_24:17733414-17733437_34
CGTTTTGACTGTGTGGCTGTTGG,AGTTATGACTATGTGGCTGTAAG,ERR5961133_npy4r_gRNA2_24:32089205-32089228_1048
CGTTTTGACTGTGTGGCTGTTGG,AGTTTTGACTGTGTAATTGTGGG,ERR5961133_npy4r_gRNA2_24:35985413-35985436_432
CGTTTTGACTGTGTGGCTGTTGG,GGTTTTGAATATCTGGCTGTAGG,ERR5961133_npy4r_gRNA2_24:36053150-36053173_62
CGTTTTGACTGTGTGGCTGTTGG,TATTATGACTATGTGGCTGTTGC,ERR5961133_npy4r_gRNA2_2:42187681-42187704_618
CGTTTTGACTGTGTGGCTGTTGG,CATTTCTGCTGTGTGGCTGTTGG,ERR5961133_npy4r_gRNA2_3:50204747-50204770_76
CGTTTTGACTGTGTGGCTGTTGG,TATTTTGACTGTGTAACTCTTGG,ERR5961133_npy4r_gRNA2_4:27844952-27844975_46
CGTTTTGACTGTGTGGCTGTTGG,ATTTTTTACAGTGTAGCTGTTGG,ERR5961133_npy4r_gRNA2_7:42454192-42454215_44
CGTTTTGACTGTGTGGCTGTTGG,CTGTTAGACTGTGTGGCTGTGGA,ERR5961133_npy4r_gRNA2_8:21633859-21633882_46
CGTTTTGACTGTGTGGCTGTTGG,AGTGTTGACTGTGTGGATGAAGG,ERR5961133_npy4r_gRNA2_9:20155160-20155183_22
CGTTTTGACTGTGTGGCTGTTGG,GTGTATGACTGTGTGGCTCTTGG,ERR5961133_npy4r_gRNA2_KN150617.1:37293-37316_180
