sgRNA,targetDNA,predictions,probabilities
CGCGTGGAGCACGGCGAGGA,CGCTGCGAGCAGAGGGAGGA,0,1.0261381170535518e-23
CGCGTGGAGCACGGCGAGGA,GAGCTGGAGCACGACGAGGA,0,9.241230097544923e-22
CGCGTGGAGCACGGCGAGGA,CTTGTAGAGCACACCGAGAA,0,5.179727647802324e-30
CGCGTGGAGCACGGCGAGGA,TGGGTGGAGGAGGAGGAGGA,0,6.884235382505959e-29
CGCGTGGAGCACGGCGAGGA,CGCATGGAGCTTTGAAAGGA,0,1.2199132700638413e-38
CGCGTGGAGCACGGCGAGGA,CGCGTGAACCTCGTCAAGCA,0,2.840732708975757e-33
CGCGTGGAGCACGGCGAGGA,CGCCTGGAGGACGAGGAGGT,0,6.892606928836075e-32
CGCGTGGAGCACGGCGAGGA,CAGGAGGAGCACGGCGGGAG,0,5.228819359850916e-24
CGCGTGGAGCACGGCGAGGA,CGCGGGGGGCCCCGTGAGGC,0,1.6074614187901437e-28
CGCGTGGAGCACGGCGAGGA,CGAGGAGAGCACGGAGGAGA,0,3.874957205485643e-29
CGCGTGGAGCACGGCGAGGA,CAGCTGGAGGACAGGGAGGA,0,6.98416702394651e-22
CGCGTGGAGCACGGCGAGGA,TGTGGGGAGCACCCGGAGGA,0,1.1916240360322553e-35
CGCGTGGAGCACGGCGAGGA,GGATGGGAGCAAGGCGACGA,0,6.994559850409597e-16
CGCGTGGAGCACGGCGAGGA,CCCGCGGGGCAAAGAGAGGA,0,5.3532363359258727e-20
CGCGTGGAGCACGGCGAGGA,CGCTTGGAGGAGCGAGAGGT,0,5.733599510765444e-34
CGCGTGGAGCACGGCGAGGA,ATGCTGGAGCAGGGAGAGGA,0,5.325271803375648e-35
CGCGTGGAGCACGGCGAGGA,CTGCTGGACCACAGCTAGGA,0,7.716582646049983e-18
CGCGTGGAGCACGGCGAGGA,CGCGTTGATCCCGCAGAGCA,0,2.3694275473575467e-40
CGCGTGGAGCACGGCGAGGA,GACCTGGAGTACTGCGAGGA,0,7.34720444206527e-15
CGCGTGGAGCACGGCGAGGA,CGCGGGAGCAACAGCGAGGA,0,1.7687675597181235e-13
CGCGTGGAGCACGGCGAGGA,GGCGCGGCGCCCGGCGAGCT,0,2.7208276770189294e-27
CGCGTGGAGCACGGCGAGGA,CCTGTGGAGGAGGCCGAGGG,0,5.168644261392188e-19
CGCGTGGAGCACGGCGAGGA,GGCATGGAGAACTGGGAGGG,0,1.7330714351620203e-32
CGCGTGGAGCACGGCGAGGA,CGTGCGGAGGAGGAGGAGGA,0,1.368384935141193e-26
CGCGTGGAGCACGGCGAGGA,CGCCTCCAGCACGGGGAGCG,0,2.8168159517749763e-21
CGCGTGGAGCACGGCGAGGA,AAACTGGAGCACCCCGAGGA,0,1.300775071942947e-34
CGCGTGGAGCACGGCGAGGA,CGCGTGGAGCATTCTGGGTA,0,4.7477498647433644e-37
CGCGTGGAGCACGGCGAGGA,CGGGAGGAGCTCGGAGTAGA,0,4.1377526334390905e-26
CGCGTGGAGCACGGCGAGGA,TGTGGGGAGCACCCGGAGGA,0,1.1916240360322553e-35
CGCGTGGAGCACGGCGAGGA,CGCGTGGAGCCGCAGGAGGA,0,1.7336929778000176e-32
CGCGTGGAGCACGGCGAGGA,GGCGGGGAGCCCAGAGAGGA,0,4.595153900413293e-21
CGCGTGGAGCACGGCGAGGA,GACGGGGAGCACGAAGATGA,0,5.13256670912304e-28
CGCGTGGAGCACGGCGAGGA,AGCGAGGACTAGGGGGAGGA,0,5.6261517389903785e-28
CGCGTGGAGCACGGCGAGGA,CGCCTGTAGCAGGGTGGGGC,0,3.148574408056034e-30
CGCGTGGAGCACGGCGAGGA,CCCATCGAACACGGGGAGAA,0,5.188383040102579e-25
CGCGTGGAGCACGGCGAGGA,AGGCTGGAGGAGGGGGAGGA,0,4.9862802753865965e-21
CGCGTGGAGCACGGCGAGGA,AGTGTGGAGCACCCCGGGAA,0,1.440815081018777e-41
CGCGTGGAGCACGGCGAGGA,TGAGTGTAACATGGTGAGGA,0,2.5530788985745065e-18
CGCGTGGAGCACGGCGAGGA,GGCTTGCATCACAGCGAGAA,0,3.1563796516797463e-22
CGCGTGGAGCACGGCGAGGA,CGCGTGAGGCACAGAGGGCA,0,3.5955689280963277e-28
CGCGTGGAGCACGGCGAGGA,TGAGAGCAGAACGGCGAAGA,0,1.6807259031916278e-23
CGCGTGGAGCACGGCGAGGA,GGGGGGGAGCAGGGGGAGTA,0,2.3914671696044474e-36
CGCGTGGAGCACGGCGAGGA,GACATGGAGCACGTGGAGGC,0,2.483100878783576e-42
CGCGTGGAGCACGGCGAGGA,AGAGGGGAGAACTGAGAGGA,0,6.227098854036588e-23
CGCGTGGAGCACGGCGAGGA,CACCTGGAGCCTGGAGATGA,0,1.6517064115482863e-21
CGCGTGGAGCACGGCGAGGA,CGTGTAGAGCTCAGAGAGGG,0,1.2397719053791696e-23
CGCGTGGAGCACGGCGAGGA,CGCGGGGAACACTACGGTGA,0,8.730779284139793e-23
CGCGTGGAGCACGGCGAGGA,ATCGTGGAGCAGTGAGAGGT,0,5.576040123008683e-38
CGCGTGGAGCACGGCGAGGA,CGCGTGGATTATGTTGATGA,0,4.276597956479227e-33
CGCGTGGAGCACGGCGAGGA,GGCATGAAGCGCGGGGGGGA,0,7.567111159181126e-30
