target_sequence,grna_target_sequence
ACAGGTTGTGGCTCACAAACTGG,CGAGGATGTGGCTCACAGACGGG
TGAGGATCTGGCCCTCAGACAGG,CGAGGATGTGGCTCACAGACGGG
CGAGGATGTGGCTCACAGACGGG,CGAGGATGTGGCTCACAGACGGG
TGTGGATGTGTCCCACAGATGGG,CGAGGATGTGGCTCACAGACGGG
AGAGGAAGAGGCTCACAGACTGC,CGAGGATGTGGCTCACAGACGGG
AGAGGACGTGGCTCATACACTGG,CGAGGATGTGGCTCACAGACGGG
GGAGGAAGTGAGTCACAGACTGG,CGAGGATGTGGCTCACAGACGGG
CTGGGATGTGACTCAAAGACGGA,CGAGGATGTGGCTCACAGACGGG
AGTGGATCTGGCACACAGACAGG,CGAGGATGTGGCTCACAGACGGG
ACAGGAAGTGGCTCACAGATCGG,CGAGGATGTGGCTCACAGACGGG
CAAGGACGTGGCACACAGATGTG,CGAGGATGTGGCTCACAGACGGG
AGATGATGTGACTCACACAGGGG,CGAGGATGTGGCTCACAGACGGG
ATATTTCACTGTCTGGCTGTTGG,CGTTTTGACTGTGTGGCTGTTGG
GCTTTTTAATGTGTGGCTCTTGG,CGTTTTGACTGTGTGGCTGTTGG
GGTGTGGACTGTGTTGCTGTTGG,CGTTTTGACTGTGTGGCTGTTGG
TGTTTTAACTGTGTGTATGTAGG,CGTTTTGACTGTGTGGCTGTTGG
TATTTTAACTGTGTGGCTGTCGG,CGTTTTGACTGTGTGGCTGTTGG
CGTTTTGACTGTGTGGCTGTTGG,CGTTTTGACTGTGTGGCTGTTGG
TGTGGTGTTTGTGTGGCTGTTGG,CGTTTTGACTGTGTGGCTGTTGG
TATTTTGGCTGTGTGGATGTTGG,CGTTTTGACTGTGTGGCTGTTGG
GGTTTAGACTGTCTGACTGTAGG,CGTTTTGACTGTGTGGCTGTTGG
TGTTTATACTATGTGGCTGCTGG,CGTTTTGACTGTGTGGCTGTTGG
TTTTATTACAGTGTGGCTGTTGG,CGTTTTGACTGTGTGGCTGTTGG
AGGTTAAACTGTGTGGCTGTTGA,CGTTTTGACTGTGTGGCTGTTGG
CTCTTTGGCTGTGTGGCTGTCGG,CGTTTTGACTGTGTGGCTGTTGG
TGTTTTGCCTGTGTTGCTGTGGG,CGTTTTGACTGTGTGGCTGTTGG
AGTTATGACTATGTGGCTGTAAG,CGTTTTGACTGTGTGGCTGTTGG
AGTTTTGACTGTGTAATTGTGGG,CGTTTTGACTGTGTGGCTGTTGG
GGTTTTGAATATCTGGCTGTAGG,CGTTTTGACTGTGTGGCTGTTGG
TATTATGACTATGTGGCTGTTGC,CGTTTTGACTGTGTGGCTGTTGG
CATTTCTGCTGTGTGGCTGTTGG,CGTTTTGACTGTGTGGCTGTTGG
TATTTTGACTGTGTAACTCTTGG,CGTTTTGACTGTGTGGCTGTTGG
ATTTTTTACAGTGTAGCTGTTGG,CGTTTTGACTGTGTGGCTGTTGG
CTGTTAGACTGTGTGGCTGTGGA,CGTTTTGACTGTGTGGCTGTTGG
AGTGTTGACTGTGTGGATGAAGG,CGTTTTGACTGTGTGGCTGTTGG
GTGTATGACTGTGTGGCTCTTGG,CGTTTTGACTGTGTGGCTGTTGG
GTGACATCAAGTCCTGTTGGTGG,GTGACATCAAGTCCCGAGGGAGG
GTGACATCAAGTCCCGAGGGAGG,GTGACATCAAGTCCCGAGGGAGG
ATGACAACAAGTCCCAATGGGGG,GTGACATCAAGTCCCGAGGGAGG
GAGACATCAGGACCTGAGGGAGG,GTGACATCAAGTCCCGAGGGAGG
CTGAGATGAAGTCCCGAGGGGGA,GTGACATCAAGTCCCGAGGGAGG
GTGACATCAAGACCCGTGGGGTG,GTGACATCAAGTCCCGAGGGAGG
GTGACATCATGGCCCGAGACAGG,GTGACATCAAGTCCCGAGGGAGG
TTGGCATGCAGTCCCGGGGGAGG,GTGACATCAAGTCCCGAGGGAGG
GATGCATCAAGTCCAGAGAGAGG,GTGACATCAAGTCCCGAGGGAGG
GTGTCATCACGTCCCGATAAAGG,GTGACATCAAGTCCCGAGGGAGG
GTGAAATCATGTCCCCAGGTGGG,GTGACATCAAGTCCCGAGGGAGG
GTGACATCAATTCTCTCAGGAGG,GTGACATCAAGTCCCGAGGGAGG
GAGACAACAAGTCCCCATGGTGG,GTGACATCAAGTCCCGAGGGAGG
GTTACATCAAGTACCAAGTAAGG,GTGACATCAAGTCCCGAGGGAGG
GTAAGCTCTAGTTCCGAGGGAGG,GTGACATCAAGTCCCGAGGGAGG
TGAGATGAAGTCCCGAGGGGGAC,GTGACATCAAGTCCCGAGGGAGG
TGACATCAAGTCCTGTTGGTGGC,GTGACATCAAGTCCCGAGGGAGG
GGTGACATCAAGACCCGTGGGGT,GTGACATCAAGTCCCGAGGGAGG
ATTTTAACTGTGTGGCTGTCGGT,CGTTTTGACTGTGTGGCTGTTGG
CAGTTTTGACTGTGTAATTGTGG,CGTTTTGACTGTGTGGCTGTTGG
GTTTAGACTGTCTGACTGTAGGT,CGTTTTGACTGTGTGGCTGTTGG
GTTTTGAATATCTGGCTGTAGGA,CGTTTTGACTGTGTGGCTGTTGG
TTATTTTGGCTGTGTGGATGTTG,CGTTTTGACTGTGTGGCTGTTGG
AGGAGGAAGTGAGTCACAGACTG,CGAGGATGTGGCTCACAGACGGG
CAGGTTGTGGCTCACAAACTGGT,CGAGGATGTGGCTCACAGACGGG
CAGTGGATCTGGCACACAGACAG,CGAGGATGTGGCTCACAGACGGG
AACAGGAAGTGGCTCACAGATCG,CGAGGATGTGGCTCACAGACGGG
CTGAGGATCTGGCCCTCAGACAG,CGAGGATGTGGCTCACAGACGGG
GAGGACGTGGCTCATACACTGGT,CGAGGATGTGGCTCACAGACGGG
AGAGACATCAGGACCTGAGGGAG,GTGACATCAAGTCCCGAGGGAGG
TGGGACATATAGTCTCGATGGAG,GTGACATCAAGTCCCGAGGGAGG
TGGGACATATAGTCTCGACGGAG,GTGACATCAAGTCCCGAGGGAGG
GGACATATAGTCTCGACGGAGGA,GTGACATCAAGTCCCGAGGGAGG
GTACATAAAGTCCAGAGGGGGGA,GTGACATCAAGTCCCGAGGGAGG
TGGGAAATGAAATCACGAGGGAA,GTGACATCAAGTCCCGAGGGAGG
AAGGACATCAAGTCCAGATCGCA,GTGACATCAAGTCCCGAGGGAGG
GGACGTCAAGTGCAGAGAGAGGC,GTGACATCAAGTCCCGAGGGAGG
AGGGACATGAAGCCCAGAGGAGC,GTGACATCAAGTCCCGAGGGAGG
GCTCATCAAGTCCAGAGGAAAGT,GTGACATCAAGTCCCGAGGGAGG
GGACATGAGGGCCTGAGGGAGGT,GTGACATCAAGTCCCGAGGGAGG
GCACATCGAGTCCCGATGGCGAT,GTGACATCAAGTCCCGAGGGAGG
GGACGTGAAGCCCCGAAGGCTGT,GTGACATCAAGTCCCGAGGGAGG
TGGGAAATCAGGCCACGAGGGGC,GTGACATCAAGTCCCGAGGGAGG
TGGGACATATAGTCTCGACGGAG,GTGACATCAAGTCCCGAGGGAGG
GGGCACCAACTCCGGAGGGGGGT,GTGACATCAAGTCCCGAGGGAGG
AGACATCAAATGCCAAGGGTTGT,GTGACATCAAGTCCCGAGGGAGG
AAGGTCATCAAGTCACAAGGGAG,GTGACATCAAGTCCCGAGGGAGG
GCACATCATGTCACGAGGGTTGC,GTGACATCAAGTCCCGAGGGAGG
CAGGACATGAAGTCCAGAGAGGT,GTGACATCAAGTCCCGAGGGAGG
GGACTTCAATGCCCGAGTGGTGT,GTGACATCAAGTCCCGAGGGAGG
GGACAGGAAGTAACGAGGGAGAT,GTGACATCAAGTCCCGAGGGAGG
GTACATCTAGTCCTGATGGCAGT,GTGACATCAAGTCCCGAGGGAGG
GCACCTCAAGGCCCGAGGGTTGT,GTGACATCAAGTCCCGAGGGAGG
GGAAATTAAGTCCAGAGGTCTGA,GTGACATCAAGTCCCGAGGGAGG
GCGGACATCAAGTGCTGAGGCTG,GTGACATCAAGTCCCGAGGGAGG
GGACATCAGATCCCGGGAGATGC,GTGACATCAAGTCCCGAGGGAGG
ATTTAGAGTATGTGGCTGTAGGA,CGTTTTGACTGTGTGGCTGTTGG
AGGTTGTGGTTGTGTGACTGTTG,CGTTTTGACTGTGTGGCTGTTGG
AGGTTTTGGTTGTGAGACTGTGG,CGTTTTGACTGTGTGGCTGTTGG
AGGTCTTGAATGCGTGGCAGTGG,CGTTTTGACTGTGTGGCTGTTGG
AGGTCTTGAATGCGTGGCAGTGG,CGTTTTGACTGTGTGGCTGTTGG
AGGTCTTGAATGCGTGGCAGTGG,CGTTTTGACTGTGTGGCTGTTGG
AGGTCTTGAATGCGTGGCAGTGG,CGTTTTGACTGTGTGGCTGTTGG
AGGTCTTGAATGCGTGGCAGTGG,CGTTTTGACTGTGTGGCTGTTGG
AGGTCTTGAATGCGTGGCAGTGG,CGTTTTGACTGTGTGGCTGTTGG
GTCTTGAATGCGTGGCAGTGGGT,CGTTTTGACTGTGTGGCTGTTGG
GTCTGGACTGTATGGCTGTAGGA,CGTTTTGACTGTGTGGCTGTTGG
TTTTATACTGTATGGCTGTGGGA,CGTTTTGACTGTGTGGCTGTTGG
GTTCTGAATGACTGGCTGTTGGT,CGTTTTGACTGTGTGGCTGTTGG
GTGTTTTTATTGTGTGGCTGAGG,CGTTTTGACTGTGTGGCTGTTGG
GTTTAGGGTGTGTGGCTTTGGGT,CGTTTTGACTGTGTGGCTGTTGG
GTTTTGTTTGTGTGACTTTGGGA,CGTTTTGACTGTGTGGCTGTTGG
CAGAGTTTAGCGTTTGCCACCGA,CGTTTTGACTGTGTGGCTGTTGG
TTGTTTTGAATGTGTAACTGTCA,CGTTTTGACTGTGTGGCTGTTGG
ATTTTGACTCTGTGGCTGAGGGT,CGTTTTGACTGTGTGGCTGTTGG
AGGATTTTGCTGTGTGGCTTTTG,CGTTTTGACTGTGTGGCTGTTGG
ACACACACACACACACACAGACG,CGTTTTGACTGTGTGGCTGTTGG
CTTTTGAGTGTGTGGCATTTGGC,CGTTTTGACTGTGTGGCTGTTGG
GTTTTGATTGTATGACTGTCAGA,CGTTTTGACTGTGTGGCTGTTGG
GTTGTGTGTGTGTGGCTGTGGGA,CGTTTTGACTGTGTGGCTGTTGG
GGTTTTACTGTGAAGCTGTCGGA,CGTTTTGACTGTGTGGCTGTTGG
GAGGAAGGTGCTCACAGACAGGC,CGAGGATGTGGCTCACAGACGGG
GAAGAAGGGGCTCACAGACCGGT,CGAGGATGTGGCTCACAGACGGG
GAGAAGAAGGGGCTCACAGACCG,CGAGGATGTGGCTCACAGACGGG
AGGAAACTGTGGCTCACAGACAG,CGAGGATGTGGCTCACAGACGGG
CAAGCAGGCCACCAAGAAGCAGA,CGAGGATGTGGCTCACAGACGGG
GAGGATGTGGCCTACAGTCAGGA,CGAGGATGTGGCTCACAGACGGG
TGGAGGAGGAGGCTCAAAGTCAG,CGAGGATGTGGCTCACAGACGGG
GAACATGTGGGTCACAGACGGGA,CGAGGATGTGGCTCACAGACGGG
CAGAGGATCTTGTTCACAGACAG,CGAGGATGTGGCTCACAGACGGG
GTGGATGTAGCTCACAGGCTGGG,CGAGGATGTGGCTCACAGACGGG
TAGTGGATGTAGCTCACAGGCTG,CGAGGATGTGGCTCACAGACGGG
GTGGATGTAGCTCACAGGCTGGG,CGAGGATGTGGCTCACAGACGGG
TAGTGGATGTAGCTCACAGGCTG,CGAGGATGTGGCTCACAGACGGG
CGCTCGATGTGGCCCACAGACTG,CGAGGATGTGGCTCACAGACGGG
CGCTCGATGTGGCCCACAGACTG,CGAGGATGTGGCTCACAGACGGG
CTCGATGTGGCCCACAGACTGGG,CGAGGATGTGGCTCACAGACGGG
GAGGAGATGGCCCACAGGCCGGC,CGAGGATGTGGCTCACAGACGGG
GGGAGGATCTCACTCACATACTG,CGAGGATGTGGCTCACAGACGGG
AGAAAGATGTGGCTTCCAGACAG,CGAGGATGTGGCTCACAGACGGG
CAGAGTGTGGCTAACAGACCGGG,CGAGGATGTGGCTCACAGACGGG
GTGGATGTGGCTCAAAAATGGGT,CGAGGATGTGGCTCACAGACGGG
AATCATGTGGCTCACAGTCAGGC,CGAGGATGTGGCTCACAGACGGG
TTGAGGATGTGGGTCAAAGACAA,CGAGGATGTGGCTCACAGACGGG
TGGACGAGCTGGTTCACAGACTG,CGAGGATGTGGCTCACAGACGGG
