sgRNA,targetDNA
CGCGTGGAGCACGGCGAGGA,CGCTGCGAGCAGAGGGAGGA
CGCGTGGAGCACGGCGAGGA,GAGCTGGAGCACGACGAGGA
CGCGTGGAGCACGGCGAGGA,CTTGTAGAGCACACCGAGAA
CGCGTGGAGCACGGCGAGGA,TGGGTGGAGGAGGAGGAGGA
CGCGTGGAGCACGGCGAGGA,CGCATGGAGCTTTGAAAGGA
CGCGTGGAGCACGGCGAGGA,CGCGTGAACCTCGTCAAGCA
CGCGTGGAGCACGGCGAGGA,CGCCTGGAGGACGAGGAGGT
CGCGTGGAGCACGGCGAGGA,CAGGAGGAGCACGGCGGGAG
CGCGTGGAGCACGGCGAGGA,CGCGGGGGGCCCCGTGAGGC
CGCGTGGAGCACGGCGAGGA,CGAGGAGAGCACGGAGGAGA
CGCGTGGAGCACGGCGAGGA,CAGCTGGAGGACAGGGAGGA
CGCGTGGAGCACGGCGAGGA,TGTGGGGAGCACCCGGAGGA
CGCGTGGAGCACGGCGAGGA,GGATGGGAGCAAGGCGACGA
CGCGTGGAGCACGGCGAGGA,CCCGCGGGGCAAAGAGAGGA
CGCGTGGAGCACGGCGAGGA,CGCTTGGAGGAGCGAGAGGT
CGCGTGGAGCACGGCGAGGA,ATGCTGGAGCAGGGAGAGGA
CGCGTGGAGCACGGCGAGGA,CTGCTGGACCACAGCTAGGA
CGCGTGGAGCACGGCGAGGA,CGCGTTGATCCCGCAGAGCA
CGCGTGGAGCACGGCGAGGA,GACCTGGAGTACTGCGAGGA
CGCGTGGAGCACGGCGAGGA,CGCGGGAGCAACAGCGAGGA
CGCGTGGAGCACGGCGAGGA,GGCGCGGCGCCCGGCGAGCT
CGCGTGGAGCACGGCGAGGA,CCTGTGGAGGAGGCCGAGGG
CGCGTGGAGCACGGCGAGGA,GGCATGGAGAACTGGGAGGG
CGCGTGGAGCACGGCGAGGA,CGTGCGGAGGAGGAGGAGGA
CGCGTGGAGCACGGCGAGGA,CGCCTCCAGCACGGGGAGCG
CGCGTGGAGCACGGCGAGGA,AAACTGGAGCACCCCGAGGA
CGCGTGGAGCACGGCGAGGA,CGCGTGGAGCATTCTGGGTA
CGCGTGGAGCACGGCGAGGA,CGGGAGGAGCTCGGAGTAGA
CGCGTGGAGCACGGCGAGGA,TGTGGGGAGCACCCGGAGGA
CGCGTGGAGCACGGCGAGGA,CGCGTGGAGCCGCAGGAGGA
CGCGTGGAGCACGGCGAGGA,GGCGGGGAGCCCAGAGAGGA
CGCGTGGAGCACGGCGAGGA,GACGGGGAGCACGAAGATGA
CGCGTGGAGCACGGCGAGGA,AGCGAGGACTAGGGGGAGGA
CGCGTGGAGCACGGCGAGGA,CGCCTGTAGCAGGGTGGGGC
CGCGTGGAGCACGGCGAGGA,CCCATCGAACACGGGGAGAA
CGCGTGGAGCACGGCGAGGA,AGGCTGGAGGAGGGGGAGGA
CGCGTGGAGCACGGCGAGGA,AGTGTGGAGCACCCCGGGAA
CGCGTGGAGCACGGCGAGGA,TGAGTGTAACATGGTGAGGA
CGCGTGGAGCACGGCGAGGA,GGCTTGCATCACAGCGAGAA
CGCGTGGAGCACGGCGAGGA,CGCGTGAGGCACAGAGGGCA
CGCGTGGAGCACGGCGAGGA,TGAGAGCAGAACGGCGAAGA
CGCGTGGAGCACGGCGAGGA,GGGGGGGAGCAGGGGGAGTA
CGCGTGGAGCACGGCGAGGA,GACATGGAGCACGTGGAGGC
CGCGTGGAGCACGGCGAGGA,AGAGGGGAGAACTGAGAGGA
CGCGTGGAGCACGGCGAGGA,CACCTGGAGCCTGGAGATGA
CGCGTGGAGCACGGCGAGGA,CGTGTAGAGCTCAGAGAGGG
CGCGTGGAGCACGGCGAGGA,CGCGGGGAACACTACGGTGA
CGCGTGGAGCACGGCGAGGA,ATCGTGGAGCAGTGAGAGGT
CGCGTGGAGCACGGCGAGGA,CGCGTGGATTATGTTGATGA
CGCGTGGAGCACGGCGAGGA,GGCATGAAGCGCGGGGGGGA
